family,selected,model,batch,request_tile,vector_rows,control,issue,scalar,frontend,sram,arithmetic,dependency,dma,total,hbm_read_bytes,hbm_write_bytes,result,sha256,projection_cycles
resident,True,mamba,1,1,58,fsm,32638,21244,53882,220092,1258085,30,1531910,3063999,78979584,1216512,mamba_b1_q1_v58_fsm.json,0944cd8ad9f3e91f4249025ca6ef81a97d07c1ba1438093ff8d1dfdb7d0cd24d,3002125.0
resident,False,mamba,2,1,58,fsm,65316,42528,107844,440184,2516170,60,3069091,6133349,157959168,2433024,mamba_b2_q1_v58_fsm.json,6cb4c835a1083903dbf8ad4bdef1fa2d12153493bee289f9d077e68acc45425c,6006159.0
resident,True,mamba,2,2,58,fsm,65152,47250,112402,421284,2516170,60,1444841,4494757,80544768,2433024,mamba_b2_q2_v58_fsm.json,77aae7ead0de28fee3e1f3bfa1928778a57346c650112fcc613beb0f2eea4016,4367842.0
resident,False,mamba,4,1,58,fsm,130670,85094,215764,880368,5032340,120,6137337,12265929,315918336,4866048,mamba_b4_q1_v58_fsm.json,88b43bbc7936604fdf03715940d4f41133819e52bf2fabf4fa033a214a4bdd40,12013022.0
resident,False,mamba,4,2,58,fsm,130342,94538,224880,842568,5032340,120,2888634,8988542,161089536,4866048,mamba_b4_q2_v58_fsm.json,d6836670a590f2906eee4c5a609ef9470658e94772671a0f846b4121ab603393,8734888.0
resident,False,mamba,4,4,58,fsm,112514,80683,193197,824581,5032340,120,1638847,7689085,87414784,4866048,mamba_b4_q4_v58_fsm.json,9c4222f66aa7315826dcf03fc054f27ca2a9b837b751ea2fd6343d54ca91a6e2,7436267.0
resident,False,mamba,8,1,58,fsm,261375,170223,431598,1760736,10064680,240,12270261,24527515,631836672,9732096,mamba_b8_q1_v58_fsm.json,b1f37f14aa7592ea325b0b1b263555e7fbeed97097ed1c10329ccf7dcaa61ae1,24024896.0
resident,False,mamba,8,2,58,fsm,260719,189111,449830,1685136,10064680,240,5773231,17973117,322179072,9732096,mamba_b8_q2_v58_fsm.json,110cfde7ad24bc65cad47bcb27b4387826a55907e5cade1072ef243b07c5abd1,17471094.0
resident,False,mamba,8,4,58,fsm,225063,161401,386464,1649162,10064680,240,3280469,15381015,174829568,9732096,mamba_b8_q4_v58_fsm.json,bcc8fab43b9a5c88c32ce6a5e3abfed430d8975526b13395250486af5a541410,14876391.0
resident,False,mamba,8,8,58,fsm,271299,195273,466572,1647512,10064680,240,3586855,15765859,168071168,9732096,mamba_b8_q8_v58_fsm.json,df38dd990a3a6461076f8da921048d82066413b5919852e1261dd31a6e25401e,15263331.0
resident,False,mamba,16,1,58,fsm,522788,340484,863272,3521472,20129360,480,24543941,49058525,1263673344,19464192,mamba_b16_q1_v58_fsm.json,750397f91d6d391f470101b107b26e3c1d36d553ac207c7f1cac06d77fee4376,48049727.0
resident,False,mamba,16,2,58,fsm,521476,378260,899736,3370272,20129360,480,11550947,35950795,644358144,19464192,mamba_b16_q2_v58_fsm.json,c0b6057b55cc55b18c07b0c87d328d035ea753dfae83f156b27f910bc9813b87,34940924.0
resident,False,mamba,16,4,58,fsm,450164,322840,773004,3298324,20129360,480,6553666,30754834,349659136,19464192,mamba_b16_q4_v58_fsm.json,9e8f41b5f306c2797b1c7561f0c224ad13e6e95c2623ccdf10f0ee169b12b05d,29744525.0
resident,False,mamba,16,8,58,fsm,543920,391868,935788,3295024,20129360,480,7175677,31536329,336142336,19464192,mamba_b16_q8_v58_fsm.json,ff3e7b8bb766575e71e126b70f58ed5f4221cb6d5239253afa962b320a2e35c1,30527678.0
resident,False,mamba,16,16,58,fsm,613268,443074,1056342,3299152,20129360,480,6538366,31023700,353050624,19464192,mamba_b16_q16_v58_fsm.json,6ce567b4a05dbe45de0066524f0762afac6418f85461a6947a68e7fc90cfa293,30014518.0
resident,True,kda,1,1,58,fsm,290698,176331,467029,2429328,13947886,1752,17420324,34266319,893723008,3899392,kda_b1_q1_v58_fsm.json,da814f7067577e53cc243c4e989ba22fa2316d397ce711380ac01227b9a3914c,34021940.0
resident,False,kda,2,1,58,fsm,581909,353175,935084,4858656,27895772,3504,34844933,68537949,1787446016,7798784,kda_b2_q1_v58_fsm.json,2e6d5693c1ca81886726d4bb403538106e282a960d5ae4fefaecee46085dcbee,68045989.0
resident,False,kda,2,2,58,fsm,620679,435605,1056284,4652744,27895772,3504,17092582,50700886,944030464,7798784,kda_b2_q2_v58_fsm.json,9fbae083ffc6761b7ffbca458fc6b88ea9a8d9e716135f4e3258a4bb404c4c5b,50208645.0
resident,False,kda,4,1,58,fsm,1164331,706863,1871194,9717312,55791544,7008,69686045,137073103,3574892032,15597568,kda_b4_q1_v58_fsm.json,652d2b8870c927335516187802748dac2b567b40a084dd7b988dca17797e5661,136091426.0
resident,False,kda,4,2,58,fsm,1241871,871723,2113594,9305488,55791544,7008,34198852,101416486,1888060928,15597568,kda_b4_q2_v58_fsm.json,668cc96e78fb17f908545cba52e9c7d8050c1097f569ee1833b07009fd87405f,100431170.0
resident,False,kda,4,4,58,fsm,1404595,988467,2393062,9189216,55791544,7008,26471666,93852496,1411810816,15597568,kda_b4_q4_v58_fsm.json,4cf519e93b891bf7268667783723936f1bafde814f1d4894da4ea070a656dff2,92867840.0
resident,False,kda,8,1,58,fsm,2329175,1414239,3743414,19434624,111583088,14016,139375161,274150303,7149784064,31195136,kda_b8_q1_v58_fsm.json,c4e6fed9a9346344923baf24fb5d0011b00b47a370604b19269347a4b532eb68,272174364.0
resident,False,kda,8,2,58,fsm,2484255,1743959,4228214,18610976,111583088,14016,68384092,202820386,3776121856,31195136,kda_b8_q2_v58_fsm.json,0e475dfeeee73ba6c312e103df2aefacd1bb51fec109e46456993a8ad63b9107,200844267.0
resident,False,kda,8,4,58,fsm,2831221,1998965,4830186,18378432,111583088,14016,52942802,187748524,2823621632,31195136,kda_b8_q4_v58_fsm.json,07178f7cc58ea69959a561d3761c675daf733d8c0b9d00199c078d00de7b4145,185773896.0
resident,False,kda,8,8,58,fsm,3004704,2126468,5131172,18262160,111583088,14016,46989520,181979956,2347371520,31195136,kda_b8_q8_v58_fsm.json,f5eea8f0554228daeda34c1a34e8cba473d7a2beb7faf49eabaf11a5408b4ec9,180005301.0
resident,False,kda,16,1,58,fsm,4658863,2828991,7487854,38869248,223166176,28032,278729993,548281303,14299568128,62390272,kda_b16_q1_v58_fsm.json,ab1823f9aa261b5d2af05d908d5f93af70e04729e37dce616e1663d93837bd36,544344243.0
resident,False,kda,16,2,58,fsm,4969023,3488431,8457454,37221952,223166176,28032,136766258,405639872,7552243712,62390272,kda_b16_q2_v58_fsm.json,545ec5382e83f4361116f8b03798a33789e91b8ed222b705fd05e8ec13f23f8d,401700552.0
resident,False,kda,16,4,58,fsm,5684473,4019961,9704434,36756864,223166176,28032,105874816,375530322,5647243264,62390272,kda_b16_q4_v58_fsm.json,46e3baa7d017857e51a4d6230c276e414c86f965916a46af306de47668fcfaab,371591193.0
resident,False,kda,16,8,58,fsm,6042198,4285726,10327924,36524320,223166176,28032,93907498,363953950,4694743040,62390272,kda_b16_q8_v58_fsm.json,ceb35afad5096bc11652099e96d14cf9f9c88741f5964815e6f2e3a01fe9ba29,360018261.0
resident,True,kda,16,16,58,fsm,6220292,4417840,10638132,36408048,223166176,28032,86210243,356450631,4218492928,62390272,kda_b16_q16_v58_fsm.json,de7ffbb7285042a34660c114321bce5aa6fbce3432c963c201a809c3c72428e2,352512563.0
resident,False,mamba,1,1,64,fsm,32638,21244,53882,220092,1258085,30,1531910,3063999,78979584,1216512,mamba_b1_q1_v64_fsm.json,036ab521ce2094af94ae3dc62669dd68f05534b3f9c51a014dd638c30329c687,3002125.0
resident,False,mamba,2,1,64,fsm,65316,42528,107844,440184,2516170,60,3069091,6133349,157959168,2433024,mamba_b2_q1_v64_fsm.json,3226bc739d41b69194a818ee695d794786b9db317c3a8004041d53fe9857b262,6006159.0
resident,False,mamba,2,2,64,fsm,65152,47250,112402,421284,2516170,60,1444841,4494757,80544768,2433024,mamba_b2_q2_v64_fsm.json,8f1087abc46fe8bd8237862164bae2547b65a99991e82014f41c2126406a0f5c,4367842.0
resident,False,mamba,4,1,64,fsm,130670,85094,215764,880368,5032340,120,6137337,12265929,315918336,4866048,mamba_b4_q1_v64_fsm.json,9b01855b1a14e3bad00637fe4fc2e90404899e882f15704397f9d6010082c1d4,12013022.0
resident,False,mamba,4,2,64,fsm,130342,94538,224880,842568,5032340,120,2888634,8988542,161089536,4866048,mamba_b4_q2_v64_fsm.json,087d011f75148aaea9b31761f22e9f75ce3a12b141eb6258cd7a37da15fe1403,8734888.0
resident,True,mamba,4,4,64,fsm,110522,79189,189711,824083,5032340,120,1588434,7634688,85374976,4866048,mamba_b4_q4_v64_fsm.json,7e26b411dea3f10cf8914e4c6dffa91548d1fdf4fd771e7ac73e576ba51017a3,7381870.0
resident,False,mamba,8,1,64,fsm,261375,170223,431598,1760736,10064680,240,12270261,24527515,631836672,9732096,mamba_b8_q1_v64_fsm.json,2457bbb30339bc909eaa05bd7eaf2564cef9799d9c1481024787d808afdbb07d,24024896.0
resident,False,mamba,8,2,64,fsm,260719,189111,449830,1685136,10064680,240,5773231,17973117,322179072,9732096,mamba_b8_q2_v64_fsm.json,b1a918d8eaeedc8728031d4a93576d372c3d23a2c1df062bf37a590af26e032b,17471094.0
resident,True,mamba,8,4,64,fsm,221079,158413,379492,1648166,10064680,240,3180441,15273019,170749952,9732096,mamba_b8_q4_v64_fsm.json,e1600185e3f8e881314593d89c0b7e5bcb5c8f2e315a4317ec7d21d8461154a4,14768395.0
resident,False,mamba,8,8,64,fsm,261603,188001,449604,1645088,10064680,240,3490731,15650343,158142464,9732096,mamba_b8_q8_v64_fsm.json,fffb744bdabc6d54f98bc229f2b4a300bd52ba5efdacff5575bfdbdaf1f62332,15147815.0
resident,False,mamba,16,1,64,fsm,522788,340484,863272,3521472,20129360,480,24543941,49058525,1263673344,19464192,mamba_b16_q1_v64_fsm.json,1f52b011b5798b82f1d315453d21f37689a436c5c905382df68ebff6f9bc1ae9,48049727.0
resident,False,mamba,16,2,64,fsm,521476,378260,899736,3370272,20129360,480,11550947,35950795,644358144,19464192,mamba_b16_q2_v64_fsm.json,cfb5c9505428d9aecdd3c074fc198964ea9005566bd40b70561dcae1f7892d23,34940924.0
resident,True,mamba,16,4,64,fsm,442196,316864,759060,3296332,20129360,480,6357049,30542281,341499904,19464192,mamba_b16_q4_v64_fsm.json,4a389f42a72210e5035be84e4b46a2b59a8ea90c5896b5463843522e50f68400,29531972.0
resident,False,mamba,16,8,64,fsm,524528,377324,901852,3290176,20129360,480,6974532,31296400,316284928,19464192,mamba_b16_q8_v64_fsm.json,f809e13d0660b7850350459d41c7d0a24adced450aa20c5493ebd3f774797d85,30287749.0
resident,False,mamba,16,16,64,fsm,603572,435802,1039374,3296728,20129360,480,6557758,31023700,343121920,19464192,mamba_b16_q16_v64_fsm.json,de5cfdcfd560b2a2651ee255a65e89435211f769adbdd3d850e86ea0b84f6446,30014338.0
resident,False,kda,1,1,64,fsm,290698,176331,467029,2429328,13947886,1752,17420324,34266319,893723008,3899392,kda_b1_q1_v64_fsm.json,359eaae146305ea8f788bf04397a76d3f2cb26c373c02c941a58f0fbb769ea36,34021940.0
resident,False,kda,2,1,64,fsm,581909,353175,935084,4858656,27895772,3504,34844933,68537949,1787446016,7798784,kda_b2_q1_v64_fsm.json,892de51aa7e10cf98a96c56856bffcda9dce299c3c40d81ce104461b3397be19,68045989.0
resident,True,kda,2,2,64,fsm,609179,426980,1036159,4649869,27895772,3504,16833470,50418774,932254464,7798784,kda_b2_q2_v64_fsm.json,e0e1c96df4b5db929d9c9e0d82914ca0fee15ce9ecb0981dc3a7aa7e6b9b639f,49928554.0
resident,False,kda,4,1,64,fsm,1164331,706863,1871194,9717312,55791544,7008,69686045,137073103,3574892032,15597568,kda_b4_q1_v64_fsm.json,1b1706bb9c316b021ca52b95cc42992c908f56b1f5384e4f455ca17df83b8db0,136091426.0
resident,False,kda,4,2,64,fsm,1218871,854473,2073344,9299738,55791544,7008,33674140,100845774,1864508928,15597568,kda_b4_q2_v64_fsm.json,94babfb2bdfe29f2146359ebeb111e82f49e0f39d25283578feefa272e7bf658,99862845.0
resident,True,kda,4,4,64,fsm,1363892,958324,2322216,9178656,55791544,7008,26136512,93435936,1368557056,15597568,kda_b4_q4_v64_fsm.json,7c2f651a4bfc848e4f7e93f0720965a2597ab6d22d648261d0c19c57b2fb472c,92451280.0
resident,False,kda,8,1,64,fsm,2329175,1414239,3743414,19434624,111583088,14016,139375161,274150303,7149784064,31195136,kda_b8_q1_v64_fsm.json,d9d503d5e61f9ad0353571798a5c026afba89a5ed73b76aba07e7cda7b423ab8,272174364.0
resident,False,kda,8,2,64,fsm,2438255,1709459,4147714,18599476,111583088,14016,67351580,201695874,3729017856,31195136,kda_b8_q2_v64_fsm.json,7e1ee4f64b29d80d34b19a848f91d13128ca56c6a0546bb7e69fdbe5c93ea6cd,199722172.0
resident,False,kda,8,4,64,fsm,2748278,1937142,4685420,18357312,111583088,14016,52236200,186876036,2737114112,31195136,kda_b8_q4_v64_fsm.json,495aba46db0d3c8478280a0f493fce1fb988dd429087f82517e422c3d01d9bb6,184901408.0
resident,True,kda,8,8,64,fsm,2962464,2094788,5057252,18251600,111583088,14016,45180845,180086801,2304117760,31195136,kda_b8_q8_v64_fsm.json,5facbc910cfdb383793f31edf1917758413ce3930180fd443620dec6da7136cb,178113523.0
resident,False,kda,16,1,64,fsm,4658863,2828991,7487854,38869248,223166176,28032,278729993,548281303,14299568128,62390272,kda_b16_q1_v64_fsm.json,44a3a5b1903130d1c79efe8e86d41ccc591064e8decd64ffe3884f9d446fd7e7,544344243.0
resident,False,kda,16,2,64,fsm,4877023,3419431,8296454,37198952,223166176,28032,134702546,403392160,7458035712,62390272,kda_b16_q2_v64_fsm.json,45e38a0d5e360c3d4c2a9c327c0b536f5850a1e7297ccdf3362b6a87b010aaf5,399455967.0
resident,False,kda,16,4,64,fsm,5517050,3894778,9411828,36714624,223166176,28032,104443334,373763994,5474228224,62390272,kda_b16_q4_v64_fsm.json,006539d8605f879f3a9e0d3afd3e88b59f2e3c7831b77352185412dfaae8f3dc,369824865.0
resident,False,kda,16,8,64,fsm,5957718,4222366,10180084,36503200,223166176,28032,90284013,360161505,4608235520,62390272,kda_b16_q8_v64_fsm.json,61ba4fade63003c63eac7f4bac7652b3a8cb03e76ee562eb1e7cfc69890ccb54,356225816.0
resident,False,kda,16,16,64,fsm,6178052,4386160,10564212,36397488,223166176,28032,86298623,356454531,4175239168,62390272,kda_b16_q16_v64_fsm.json,8ec032b9fc5c29aa2ac21278f7acf600cd1b37d5b8fbdf7e652e00dea4d3005f,352516463.0
resident,False,kda,1,1,58,old_isa,1171106,798751,1969857,2966610,14719492,0,17522688,37178647,897261568,7020544,kda_b1_q1_v58_old_isa.json,9cbc747f99880aad9601d729bc37a20f581e1a690e1aefcc55ffdd20db59e1e3,34023426.0
resident,False,kda,2,2,58,old_isa,2381495,1680445,4061940,5727308,29438984,0,17272318,56500550,951107584,14041088,kda_b2_q2_v58_old_isa.json,ac6272a63230f82c98d4ffa74c11245706da30652dd59a4eab4f580c23451a61,50180630.0
resident,False,kda,4,4,58,old_isa,4926201,3478121,8404322,11338344,58877968,0,26892801,105513435,1425965056,28082176,kda_b4_q4_v58_old_isa.json,327f1f0fb8ef60f62ec1fa47ec938eed6225521a5de1d06cf437aa3ea8f64a61,92870933.0
resident,False,kda,8,8,58,old_isa,10047390,7105250,17152640,22560416,117755936,0,47082978,204551970,2375680000,56164352,kda_b8_q8_v58_old_isa.json,9b2c068685b0b9d6e09c0c460c74c93cd7b38a7956c5ab85dfb959f251a934cd,179270465.0
resident,False,kda,16,16,58,old_isa,20305672,14375412,34681084,45004560,235511872,0,87881518,403079034,4275109888,112328704,kda_b16_q16_v58_old_isa.json,4394ad583ee62d8ba32033ead4b66161cecc8c627c5a7858a42aede2276727ef,352512089.0
resident,False,mamba,1,1,58,old_isa,77061,52763,129824,241880,1289835,0,1550262,3211801,79241216,1200128,mamba_b1_q1_v58_old_isa.json,9a3a625728907fc5bdadfb7bb1217e44a120de5af6ebf8e518d742e5e29953fa,3002565.0
resident,False,mamba,2,2,58,old_isa,153991,110281,264272,464860,2579670,0,1479483,4788285,81068032,2400256,mamba_b2_q2_v58_old_isa.json,4b58bfa88353c19550e5021368b4e4d68a7f973bdb6fbe5780bcacc5981096e5,4367289.0
resident,False,mamba,4,4,58,old_isa,290189,206742,496931,911733,5159340,0,1709961,8277965,88461312,4800512,mamba_b4_q4_v58_old_isa.json,68b821e38184bc58c4919582664aece2f0ca89fd74a0f54783fa878d6ba939d2,7436057.0
resident,False,mamba,8,8,58,old_isa,626644,447386,1074030,1821816,10318680,0,3654995,16869521,170164224,9601024,mamba_b8_q8_v58_old_isa.json,9f5ed0b3f89484a6df526fcc643c84af3a19f2b0055b503aad5448e5532ed933,15186970.0
resident,False,mamba,16,16,58,old_isa,1323950,947292,2271242,3647760,20637360,0,6821365,33377727,357236736,19202048,mamba_b16_q16_v58_old_isa.json,aeb306ad1e29523c7ef899e69715783d32ad1e038910f20d0b39cbd839bcd6bf,30014214.0
transposed,True,mamba,1,1,58,fsm,18138,13932,32070,100764,340581,30,1340846,1814291,78897664,1216512,mamba_b1_q1_v58_fsm.json,03f8362a48144c020ad27f471e04f84737162e2e17b3fbe636ed535630670cf9,1752044.0
transposed,True,mamba,2,2,58,fsm,29168,22058,51226,163728,681162,60,1466414,2362590,80380928,2433024,mamba_b2_q2_v58_fsm.json,4242e2d740db3fb4e01936a2f7cdea3789334bda99f303fa3a2e96e1ba2b46ab,2235835.0
transposed,True,mamba,4,4,58,fsm,51214,38296,89510,289656,1362324,120,1563865,3305475,83347456,4866048,mamba_b4_q4_v58_fsm.json,b94b481a3981481f73f221b66adbd80b7e22ef5a214f28d7093086ff9c987f40,3050231.0
transposed,True,mamba,8,8,58,fsm,95303,70769,166072,541512,2724648,240,1705727,5138199,89280512,9732096,mamba_b8_q8_v58_fsm.json,0587cdc8bda9173a2102e1702672744d8685cf7d5935aeae70a0724072b91fa2,4634707.0
transposed,True,mamba,16,16,58,fsm,200108,148186,348294,1049380,5449296,480,2492005,9339455,118169600,19464192,mamba_b16_q16_v58_fsm.json,908e44ecc002d2843438e66de02704c26e05290ed5202821c4a6be232feb138a,8329394.0
transposed,True,kda,1,1,58,fsm,113954,80683,194637,1033222,3588334,1752,15978394,20796339,893059456,3899392,kda_b1_q1_v58_fsm.json,2bd9134ff5d5b4c53000e9f241624bd439853625d4189a40834776efe36d6190,20553293.0
transposed,True,kda,2,2,58,fsm,173476,120807,294283,1633260,7176668,3504,16104650,25212365,898958080,7798784,kda_b2_q2_v58_fsm.json,4a5b22fe2a8a934bd1ab6defea95dce5e9f136854a5bfc62c9f8254f3babb921,24721452.0
transposed,True,kda,4,4,58,fsm,291708,200243,491951,2833336,14353336,7008,16433162,34118793,910755328,15597568,kda_b4_q4_v58_fsm.json,0089241f8e0ed9a0ee8d2577f6e03c599eebdafde558a66e8bb033f7d78883b8,33133654.0
transposed,True,kda,8,8,58,fsm,613132,422835,1035967,5254728,28706672,14016,19133209,54144592,1021348864,31195136,kda_b8_q8_v58_fsm.json,76bbc16817dd0bb9852b22fcd96bc6ffabba00a5ffbbb35cb34293cb5ea5ac9d,52171314.0
transposed,True,kda,16,16,58,fsm,1566152,1099111,2665263,10176592,57413344,28032,32702522,102985753,1566447616,62390272,kda_b16_q16_v58_fsm.json,076dcc39034b4a1eb36011aaa7823df257913daae5ecdb57cb85f853d3bf4714,99048605.0
transposed,False,kda,1,1,58,old_isa,994362,703103,1697465,1570504,4359940,0,16078212,23706121,896598016,7020544,kda_b1_q1_v58_old_isa.json,e062eb972d009d44104e52365ea668424e1cf2bf5db5bdb450115fe950afd720,20549826.0
transposed,False,kda,2,2,58,old_isa,1934292,1365647,3299939,2707824,8719880,0,16309421,31037064,906035200,14041088,kda_b2_q2_v58_old_isa.json,622bf61a6718ac9b0e98cfbacd276ea63b6a76ac1d26fbdc19048f2b4e7e1950,24717573.0
transposed,False,kda,4,4,58,old_isa,3813314,2689897,6503211,4982464,17439760,0,16842665,45768100,924909568,28082176,kda_b4_q4_v58_old_isa.json,0fa2495ac51792799657e7dba35428ec7a1aa75fc0de99c8f975407f26a58e34,33123760.0
transposed,False,kda,8,8,58,old_isa,7655818,5401617,13057435,9552984,34879520,0,19961031,77450970,1049657344,56164352,kda_b8_q8_v58_old_isa.json,164dd63a573bbe25ffc8c444b11d5896c357fb2ecb70ade7d6103628025326aa,52169177.0
transposed,False,kda,16,16,58,old_isa,15651532,11056683,26708215,18773104,69759040,0,34387978,149628337,1623064576,112328704,kda_b16_q16_v58_old_isa.json,16e72fc35c6b4db77773e5148cf60cbc70685c12616f572cdff16844d2072720,99058870.0
transposed,False,mamba,1,1,58,old_isa,62561,45451,108012,122552,372331,0,1356008,1958903,79159296,1200128,mamba_b1_q1_v58_old_isa.json,478f1913fee3ad0ec406d2ff54ea653c0b68722e1086d00633f54346c4fc7ebe,1749331.0
transposed,False,mamba,2,2,58,old_isa,118007,85089,203096,207304,744662,0,1500730,2655792,80904192,2400256,mamba_b2_q2_v58_old_isa.json,faa38d5c1f49f80dc7f5f4b746d1ef3a46878b8a4daa96eddacd8ddb26cfa1d5,2235933.0
transposed,False,mamba,4,4,58,old_isa,228889,164355,393244,376808,1489324,0,1631130,3890506,84393984,4800512,mamba_b4_q4_v58_old_isa.json,93034c1ef8051f06a3b04f4703c9aa6244a162048e182ba25b213c40298f8144,3048607.0
transposed,False,mamba,8,8,58,old_isa,450648,322882,773530,715816,2978648,0,1853885,6321879,91373568,9601024,mamba_b8_q8_v58_old_isa.json,893f1a9890ac3b83631033e36d9bf333ea160c946a2dccccc931dc7f19008ddd,4637998.0
transposed,False,mamba,16,16,58,old_isa,910790,652404,1563194,1397988,5957296,0,2755749,11674227,122355712,19202048,mamba_b16_q16_v58_old_isa.json,99a78e3d107f49459c8f4c3618c718835bd1770b1968ce8fd8fb7d34109852f8,8309649.0
packed,True,mamba,1,1,58,fsm,63446,46318,109764,133376,375387,0,1343964,1962491,79086080,1282048,mamba_b1_q1_v58_fsm.json,da3958d670349a75a547c6a8308c4bfcaf27c2dd35848539ce5a09a2dfefaaa7,1750044.0
packed,True,mamba,2,2,58,fsm,119807,86853,206660,228952,750774,0,1477835,2664221,80757760,2564096,mamba_b2_q2_v58_fsm.json,c496031fb7380a0a7f927aa95a3be04c5c2b5d94d18203be78a47b7585e24b84,2234397.0
packed,True,mamba,4,4,58,fsm,232525,167919,400444,420104,1501548,0,1585313,3907409,84101120,5128192,mamba_b4_q4_v58_fsm.json,75efbefa50b230ceb4414bb9ec3fc5999522e67a9a89bc317a73eba1305e5649,3049938.0
packed,True,mamba,8,8,58,fsm,457954,330044,787998,802408,3003096,0,1753697,6347199,90787840,10256384,mamba_b8_q8_v58_fsm.json,4841cc87054dc76794e30f9d5298df7506c4fe172033ad7f9226e04e9282c31d,4634811.0
packed,True,mamba,16,16,58,fsm,925447,666773,1592220,1571172,6006192,0,2581710,11751294,121184256,20512768,mamba_b16_q16_v58_fsm.json,f54dfd1235893943db6ae9cfdc518451363c759ec50e1287a13de8d2e28530d7,8329609.0
packed,True,kda,1,1,58,fsm,888503,633976,1522479,1530124,4206502,0,15985469,23244574,893305216,3997696,kda_b1_q1_v58_fsm.json,733183d883f0b9f950cba9893135868f94c64e1e4c39934f70ce4d1b2ac5ede0,20553708.0
packed,True,kda,2,2,58,fsm,1722610,1227429,2950039,2627064,8413004,0,16120249,30110356,899449600,7995392,kda_b2_q2_v58_fsm.json,da0709a1d988481b97648968f599ab74c556ead3cdb3a1c24445fc563b868f79,24722195.0
packed,True,kda,4,4,58,fsm,3390012,2413523,5803535,4820944,16826008,0,16460500,43910987,911738368,15990784,kda_b4_q4_v58_fsm.json,37bf24e8a8b8c32e1394a1e5a964021dccb7e48f9e2a2dc032bad2cc089e1aa4,33134183.0
packed,True,kda,8,8,58,fsm,6809776,4849431,11659207,9229944,33652016,0,19189225,73730392,1023314944,31981568,kda_b8_q8_v58_fsm.json,d2c50b68f0436347bf2d919f4c68025f34336d1c066106cbc3f9d5e08d769422,52172634.0
packed,True,kda,16,16,58,fsm,13959476,9952339,23911815,18127024,67304032,0,32818382,142161253,1570379776,63963136,kda_b16_q16_v58_fsm.json,b0e07bb088c0039ee293dac43413947fb0d50ff1d1bec4539c87fe888438331e,99048605.0
