shape,policy,windows,latency_geomean_ms,mean_hbm_util_configured,mean_hbm_util_credit_roof,speedup_over_same_shape_joint,worst_slowdown_vs_same_shape_joint,speedup_over_same_shape_dynamic,B2_mean_ms,B4_mean_ms,B8_mean_ms,B16_mean_ms,speedup_over_single_same_policy,worst_slowdown_vs_single_same_policy,speedup_over_homogeneous_same_policy,worst_slowdown_vs_homogeneous_same_policy,quota_incremental_speedup
3+3,dynamic,12,3.0102466913056865,0.45558649600792017,0.9111729920158403,1.0051668288847657,0.031371778056027644,1.0,1.3799903333333334,2.617085,3.850602666666667,6.207947333333333,,,,,
3+3,ipd,12,2.9420119978961194,0.4656626659623601,0.9313253319247202,1.0284798712664645,0.007708042956205086,1.0231932070495846,1.3795983333333333,2.539690333333333,3.7418716666666665,6.038747666666667,1.0092691361619566,0.004177294997621761,1.0,0,1.0304963614408853
3+3,ipd_no_quota,12,3.031732659147381,0.4519493417859881,0.9038986835719762,0.998043185546428,0.012788745283123681,0.9929129741117289,1.3813383333333331,2.711821333333333,3.8698479999999997,6.143083999999999,,,,,
3+3,joint,12,3.025800120860595,0.45277453613900726,0.9055490722780145,1.0,0,0.9948597300106906,1.3799080000000001,2.7102536666666666,3.863837333333333,6.118549000000001,,,,,
3+3,window_lpt_ect,12,3.0132056324823773,0.4552253472871488,0.9104506945742976,1.0041797639837287,0.04252536674584673,0.9990180088790512,1.3800696666666668,2.6226793333333336,3.862244333333333,6.190730333333334,,,,,
4+2,dynamic,12,3.0304373683517714,0.45265730529659126,0.9053146105931825,0.9810243895980425,0.08180060085593488,1.0,1.3817563333333334,2.598052,3.9843393333333332,6.199433666666667,,,,,
4+2,ipd,12,2.878092736910481,0.47567188786053166,0.9513437757210633,1.0329524588890493,0.0012576591987687458,1.0529324957071489,1.3798746666666666,2.5287306666666667,3.617825,5.737756,1.031683888991755,0,1.0222088955529118,0.00040742102491231336,1.0205576464146102
4+2,ipd_no_quota,12,2.9372595497443448,0.46654265896989955,0.9330853179397991,1.0121451370414831,0.0030171162805836538,1.0317227051370168,1.3820560000000002,2.5325070000000003,3.7361133333333334,5.994589333333333,,,,,
4+2,joint,12,2.972932969502395,0.46105815755814844,0.9221163151162969,1.0,0,1.019342648973011,1.3811296666666666,2.571975333333333,3.810847666666666,6.066727666666666,,,,,
4+2,window_lpt_ect,12,3.0603074779683093,0.4493417323477982,0.8986834646955963,0.9714491079426042,0.130721259482238,0.9902395070326828,1.3812026666666668,2.587645333333333,3.961926333333333,6.469741666666667,,,,,
6,dynamic,12,2.969170107641401,0.46159856758583023,0.9231971351716605,1.0000376536369673,0,1.0,1.385988,2.5419933333333335,3.7862666666666662,6.160857333333333,,,,,
6,ipd,12,2.9692819076947288,0.4615816410649774,0.9231632821299548,1.0,0,0.9999623477807756,1.3860263333333334,2.5420499999999997,3.7864263333333334,6.161192333333333,1.0,0,0.9908159916618423,0.031464024299845184,1.0
6,ipd_no_quota,12,2.9692819076947288,0.4615816410649774,0.9231632821299548,1.0,0,0.9999623477807756,1.3860263333333334,2.5420499999999997,3.7864263333333334,6.161192333333333,,,,,
6,joint,12,2.9692819076947288,0.4615816410649774,0.9231632821299548,1.0,0,0.9999623477807756,1.3860263333333334,2.5420499999999997,3.7864263333333334,6.161192333333333,,,,,
6,window_lpt_ect,12,2.9692073235197496,0.46159271710079675,0.9231854342015935,1.0000251192210083,0,0.9999874660559896,1.3860103333333331,2.5420243333333334,3.7863116666666667,6.160919333333333,,,,,
