B_cycles,E_cycles,E_stream_speedup_vs_B,F_bank_conflict_stalls,F_cycles,F_speedup_vs_B,G_affine_incremental_speedup_vs_E,G_cycles,G_speedup_vs_B,H_packet_bank_conflict_stalls,H_packet_row_cycles,I_affine_speedup_vs_H_packet_row,I_packet_affine_cycles,I_packet_bank_conflict_stalls,I_packet_ops,I_packet_speedup_vs_E_ordinary_row,J_packet_affine_overlap_cycles,J_packet_speedup_vs_B_arlo,eligible_for_freeze,hw_activation_bits,hw_bank_width,hw_banks,hw_blen,hw_clock_period_ps,hw_exp_latency,hw_explicit_state_resident_bytes,hw_fifo_values,hw_hbm_burst_bytes,hw_hbm_bytes_per_cycle,hw_kda_parallel_heads,hw_kda_recurrent_row_elements,hw_layout_slots,hw_mamba_parallel_heads,hw_mamba_recurrent_row_elements,hw_mlen,hw_read_ports_per_bank,hw_reduction_latency,hw_vector_add_latency,hw_vector_lanes,hw_vector_mul_latency,hw_write_ports_per_bank,local_projection_packet_speedup_upper_bound,local_state_packet_speedup_upper_bound,model,point
80338488,78677520,1.0211110873855709,0,78865936,1.018671584649677,1.0,78677520,1.0211110873855709,33161216,111991824,1.4168544304527726,79042576,0,1507328,0.9953815270393009,78854160,1.018823712027368,True,16,4,16,4,1000,2,0,64,64,512,4,64,4,8,64,64,2,8,1,64,1,1,8.218045112781954,1.8,nemotron3,transactional_64_candidate
2857994376,2839927416,1.0063617682262622,0,2840139384,1.006286660471872,1.0,2839927416,1.0063617682262622,298450944,3139544184,1.104883057022211,2841517176,0,13565952,0.999440524233523,2841305208,1.0058737681376186,True,16,4,16,4,1000,2,0,64,64,512,4,64,4,8,64,64,2,8,1,64,1,1,2.92964824120603,1.0,kimi_k3,transactional_64_candidate
80338488,78677520,1.0211110873855709,0,78771728,1.0198898772412355,1.0,78677520,1.0211110873855709,15073280,93903888,1.1894341881772654,78948368,0,1507328,0.9965693021038763,78854160,1.018823712027368,True,16,8,8,4,1000,2,0,64,64,512,4,64,4,8,64,64,2,8,1,64,1,1,5.435643564356436,1.6666666666666667,nemotron3,banks_8
2857994376,2839927416,1.0063617682262622,0,2840033400,1.0063242129476364,1.0,2839927416,1.0063617682262622,135659520,2976752760,1.0476318135090952,2841411192,0,13565952,0.9994778031408557,2841305208,1.0058737681376186,True,16,8,8,4,1000,2,0,64,64,512,4,64,4,8,64,64,2,8,1,64,1,1,2.33201189296333,1.0,kimi_k3,banks_8
80338488,78677520,1.0211110873855709,0,79054352,1.016243710403192,1.0,78677520,1.0211110873855709,69337088,148167696,1.8700724585147186,79230992,0,1507328,0.9930144507088842,78854160,1.018823712027368,True,16,2,32,4,1000,2,0,64,64,512,4,64,4,8,64,64,2,8,1,64,1,1,8.35632183908046,1.8888888888888888,nemotron3,banks_32
2857994376,2839927416,1.0063617682262622,0,2840351352,1.0062115639276727,1.0,2839927416,1.0063617682262622,624033792,3465127032,1.219372732730787,2841729144,0,13565952,0.9993659747608937,2841305208,1.0058737681376186,True,16,2,32,4,1000,2,0,64,64,512,4,64,4,8,64,64,2,8,1,64,1,1,3.4877371587228136,1.0,kimi_k3,banks_32
80338488,78677520,1.0211110873855709,0,79431184,1.0114225163759363,1.0,78677520,1.0211110873855709,141688832,220519440,2.7700724491602733,79607824,0,1507328,0.9883139124616696,78854160,1.018823712027368,True,16,1,64,4,1000,2,0,64,64,512,4,64,4,8,64,64,2,8,1,64,1,1,8.427466150870407,1.9411764705882353,nemotron3,banks_64
2857994376,2839927416,1.0063617682262622,0,2840775288,1.0060614044598095,1.0,2839927416,1.0063617682262622,1275199488,4116292728,1.4483008522538836,2842153080,0,13565952,0.9992169091750681,2841305208,1.0058737681376186,True,16,1,64,4,1000,2,0,64,64,512,4,64,4,8,64,64,2,8,1,64,1,1,3.9083040302948335,1.0,kimi_k3,banks_64
80338488,78677520,1.0211110873855709,0,78865936,1.018671584649677,1.0,78677520,1.0211110873855709,45219840,124050448,1.5694130211545738,79042576,0,1507328,0.9953815270393009,78854160,1.018823712027368,False,16,4,16,4,1000,2,0,64,64,512,4,64,4,8,64,64,1,8,1,64,1,1,10.746192893401016,3.4,nemotron3,read_ports_1
2857994376,2839927416,1.0063617682262622,0,2840139384,1.006286660471872,1.0,2839927416,1.0063617682262622,406978560,3248071800,1.1430766026803703,2841517176,0,13565952,0.999440524233523,2841305208,1.0058737681376186,False,16,4,16,4,1000,2,0,64,64,512,4,64,4,8,64,64,1,8,1,64,1,1,4.025323579065842,1.8888888888888888,kimi_k3,read_ports_1
80338488,78677520,1.0211110873855709,0,78865936,1.018671584649677,1.0,78677520,1.0211110873855709,21102592,99933200,1.2642958397509716,79042576,0,1507328,0.9953815270393009,78854160,1.018823712027368,True,16,4,16,4,1000,2,0,64,64,512,4,64,4,8,64,64,2,8,1,64,1,2,8.245283018867925,1.8,nemotron3,write_ports_2
2857994376,2839927416,1.0063617682262622,0,2840139384,1.006286660471872,1.0,2839927416,1.0063617682262622,189923328,3031016568,1.0666895113640518,2841517176,0,13565952,0.999440524233523,2841305208,1.0058737681376186,True,16,4,16,4,1000,2,0,64,64,512,4,64,4,8,64,64,2,8,1,64,1,2,3.4336803983703033,1.0,kimi_k3,write_ports_2
80338488,78677520,1.0211110873855709,0,78677520,1.0211110873855709,1.0,78677520,1.0211110873855709,33161216,111991824,1.4202398960308498,78854160,0,1507328,0.9977599152663601,78854160,1.018823712027368,True,16,4,16,4,1000,2,0,64,64,512,1,64,4,1,64,64,2,8,1,64,1,1,1.4996950103696474,1.0,nemotron3,parallel_1
2857994376,2839927416,1.0063617682262622,0,2839927416,1.0063617682262622,1.0,2839927416,1.0063617682262622,298450944,3139544184,1.104965483877014,2841305208,0,13565952,0.9995150848292818,2841305208,1.0058737681376186,True,16,4,16,4,1000,2,0,64,64,512,1,64,4,1,64,64,2,8,1,64,1,1,1.4154720043278335,1.0,kimi_k3,parallel_1
80338488,78677520,1.0211110873855709,0,81692176,0.9834294045490966,1.0,78677520,1.0211110873855709,33161216,111991824,1.3679423921313336,81868816,0,1507328,0.9610193947351089,78854160,1.018823712027368,True,16,4,16,4,1000,2,0,64,64,512,2,64,4,2,64,64,2,8,1,64,1,1,2.4963468095470045,1.0,nemotron3,parallel_2
2857994376,2839927416,1.0063617682262622,0,2840351352,1.0062115639276727,1.0,2839927416,1.0063617682262622,298450944,3139544184,1.1048006424640449,2841729144,0,13565952,0.9993659747608937,2841305208,1.0058737681376186,True,16,4,16,4,1000,2,0,64,64,512,2,64,4,2,64,64,2,8,1,64,1,1,2.066173068024063,1.0,kimi_k3,parallel_2
80338488,78677520,1.0211110873855709,0,79431184,1.0114225163759363,1.0,78677520,1.0211110873855709,33161216,111991824,1.4067941864608684,79607824,0,1507328,0.9883139124616696,78854160,1.018823712027368,True,16,4,16,4,1000,2,0,64,64,512,4,64,4,4,64,64,2,8,1,64,1,1,4.46615087040619,1.0,nemotron3,parallel_4
2857994376,2839927416,1.0063617682262622,0,2840139384,1.006286660471872,1.0,2839927416,1.0063617682262622,298450944,3139544184,1.104883057022211,2841517176,0,13565952,0.999440524233523,2841305208,1.0058737681376186,True,16,4,16,4,1000,2,0,64,64,512,4,64,4,4,64,64,2,8,1,64,1,1,2.92964824120603,1.0,kimi_k3,parallel_4
80338488,78677520,1.0211110873855709,0,78865936,1.018671584649677,1.0,78677520,1.0211110873855709,33161216,111991824,1.4168544304527726,79042576,0,1507328,0.9953815270393009,78854160,1.018823712027368,True,16,4,16,4,1000,2,0,64,64,512,8,64,4,8,64,64,2,8,1,64,1,1,8.218045112781954,1.8,nemotron3,parallel_8
2857994376,2839927416,1.0063617682262622,0,2840033400,1.0063242129476364,1.0,2839927416,1.0063617682262622,298450944,3139544184,1.1049242689123608,2841411192,0,13565952,0.9994778031408557,2841305208,1.0058737681376186,True,16,4,16,4,1000,2,0,64,64,512,8,64,4,8,64,64,2,8,1,64,1,1,3.8543111992071357,1.8,kimi_k3,parallel_8
80338488,78677520,1.0211110873855709,0,78865936,1.018671584649677,1.0,78677520,1.0211110873855709,33161216,111991824,1.4168544304527726,79042576,0,1507328,0.9953815270393009,78854160,1.018823712027368,True,16,4,16,4,1000,2,0,64,64,512,16,64,4,16,64,64,2,8,1,64,1,1,8.218045112781954,3.0,nemotron3,parallel_16
2857994376,2839927416,1.0063617682262622,0,2839980408,1.0063429902365721,1.0,2839927416,1.0063617682262622,298450944,3139544184,1.104944876010353,2841358200,0,13565952,0.9994964436374125,2841305208,1.0058737681376186,True,16,4,16,4,1000,2,0,64,64,512,16,64,4,16,64,64,2,8,1,64,1,1,4.1544359255202625,3.0,kimi_k3,parallel_16
80338488,78677520,1.0211110873855709,0,78865936,1.018671584649677,0.997610933064942,78865936,1.018671584649677,33161216,111991824,1.4168544304527726,79042576,0,1507328,0.9953815270393009,79042576,1.0163951134386107,True,16,4,16,4,1000,2,0,0,64,512,4,64,4,8,64,64,2,8,1,64,1,1,8.218045112781954,1.8,nemotron3,fifo_0
2857994376,2839927416,1.0063617682262622,0,2840139384,1.006286660471872,0.9999253670431831,2840139384,1.006286660471872,298450944,3139544184,1.104883057022211,2841517176,0,13565952,0.999440524233523,2841517176,1.0057987332046308,True,16,4,16,4,1000,2,0,0,64,512,4,64,4,8,64,64,2,8,1,64,1,1,2.92964824120603,1.0,kimi_k3,fifo_0
80338488,78677520,1.0211110873855709,0,78865936,1.018671584649677,0.997610933064942,78865936,1.018671584649677,33161216,111991824,1.4168544304527726,79042576,0,1507328,0.9953815270393009,79042576,1.0163951134386107,True,16,4,16,4,1000,2,0,16,64,512,4,64,4,8,64,64,2,8,1,64,1,1,8.218045112781954,1.8,nemotron3,fifo_16
2857994376,2839927416,1.0063617682262622,0,2840139384,1.006286660471872,0.9999253670431831,2840139384,1.006286660471872,298450944,3139544184,1.104883057022211,2841517176,0,13565952,0.999440524233523,2841517176,1.0057987332046308,True,16,4,16,4,1000,2,0,16,64,512,4,64,4,8,64,64,2,8,1,64,1,1,2.92964824120603,1.0,kimi_k3,fifo_16
80338488,78677520,1.0211110873855709,0,78865936,1.018671584649677,0.997610933064942,78865936,1.018671584649677,33161216,111991824,1.4168544304527726,79042576,0,1507328,0.9953815270393009,79042576,1.0163951134386107,True,16,4,16,4,1000,2,0,32,64,512,4,64,4,8,64,64,2,8,1,64,1,1,8.218045112781954,1.8,nemotron3,fifo_32
2857994376,2839927416,1.0063617682262622,0,2840139384,1.006286660471872,0.9999253670431831,2840139384,1.006286660471872,298450944,3139544184,1.104883057022211,2841517176,0,13565952,0.999440524233523,2841517176,1.0057987332046308,True,16,4,16,4,1000,2,0,32,64,512,4,64,4,8,64,64,2,8,1,64,1,1,2.92964824120603,1.0,kimi_k3,fifo_32
80338488,78677520,1.0211110873855709,0,78865936,1.018671584649677,1.0,78677520,1.0211110873855709,33161216,111991824,1.4168544304527726,79042576,0,1507328,0.9953815270393009,78854160,1.018823712027368,True,16,4,16,4,1000,2,0,128,64,512,4,64,4,8,64,64,2,8,1,64,1,1,8.218045112781954,1.8,nemotron3,fifo_128
2857994376,2839927416,1.0063617682262622,0,2840139384,1.006286660471872,1.0,2839927416,1.0063617682262622,298450944,3139544184,1.104883057022211,2841517176,0,13565952,0.999440524233523,2841305208,1.0058737681376186,True,16,4,16,4,1000,2,0,128,64,512,4,64,4,8,64,64,2,8,1,64,1,1,2.92964824120603,1.0,kimi_k3,fifo_128
80338488,78677520,1.0211110873855709,0,78865936,1.018671584649677,1.0,78677520,1.0211110873855709,33161216,111991824,1.4168544304527726,79042576,0,1507328,0.9953815270393009,78854160,1.018823712027368,False,16,4,16,4,1000,2,0,64,64,512,4,64,1,8,64,64,2,8,1,64,1,1,8.218045112781954,1.8,nemotron3,slots_1
2857994376,2839927416,1.0063617682262622,0,2840139384,1.006286660471872,1.0,2839927416,1.0063617682262622,298450944,3139544184,1.104883057022211,2841517176,0,13565952,0.999440524233523,2841305208,1.0058737681376186,False,16,4,16,4,1000,2,0,64,64,512,4,64,1,8,64,64,2,8,1,64,1,1,2.92964824120603,1.0,kimi_k3,slots_1
80338488,78677520,1.0211110873855709,0,78865936,1.018671584649677,1.0,78677520,1.0211110873855709,33161216,111991824,1.4168544304527726,79042576,0,1507328,0.9953815270393009,78854160,1.018823712027368,False,16,4,16,4,1000,2,0,64,64,512,4,64,2,8,64,64,2,8,1,64,1,1,8.218045112781954,1.8,nemotron3,slots_2
2857994376,2839927416,1.0063617682262622,0,2840139384,1.006286660471872,1.0,2839927416,1.0063617682262622,298450944,3139544184,1.104883057022211,2841517176,0,13565952,0.999440524233523,2841305208,1.0058737681376186,False,16,4,16,4,1000,2,0,64,64,512,4,64,2,8,64,64,2,8,1,64,1,1,2.92964824120603,1.0,kimi_k3,slots_2
80338488,78677520,1.0211110873855709,0,78865936,1.018671584649677,1.0,78677520,1.0211110873855709,33161216,111991824,1.4168544304527726,79042576,0,1507328,0.9953815270393009,78854160,1.018823712027368,True,16,4,16,4,1000,2,0,64,64,512,4,64,8,8,64,64,2,8,1,64,1,1,8.218045112781954,1.8,nemotron3,slots_8
2857994376,2839927416,1.0063617682262622,0,2840139384,1.006286660471872,1.0,2839927416,1.0063617682262622,298450944,3139544184,1.104883057022211,2841517176,0,13565952,0.999440524233523,2841305208,1.0058737681376186,True,16,4,16,4,1000,2,0,64,64,512,4,64,8,8,64,64,2,8,1,64,1,1,2.92964824120603,1.0,kimi_k3,slots_8
243180192,241519224,1.0068771668461471,0,241707640,1.0060922857051602,1.0,241519224,1.0068771668461471,33161216,274833528,1.1362190548306819,241884280,0,1507328,0.9984907824518402,241695864,1.0061413049252677,True,16,4,16,4,1000,2,0,64,64,64,4,64,4,8,64,64,2,8,1,64,1,1,8.218045112781954,1.8,nemotron3,hbm_64
10401330416,10383263456,1.0017400078575065,0,10383475424,1.0017195583627743,1.0,10383263456,1.0017400078575065,298450944,10682880224,1.0286982398115005,10384853216,0,13565952,0.9998469155059841,10384641248,1.001607101064104,True,16,4,16,4,1000,2,0,64,64,64,4,64,4,8,64,64,2,8,1,64,1,1,2.92964824120603,1.0,kimi_k3,hbm_64
150127308,148466340,1.011187505531557,0,148654756,1.00990585191906,1.0,148466340,1.011187505531557,33161216,181780644,1.2213864069379554,148831396,0,1507328,0.9975471841976138,148642980,1.0099858600789624,True,16,4,16,4,1000,2,0,64,64,128,4,64,4,8,64,64,2,8,1,64,1,1,8.218045112781954,1.8,nemotron3,hbm_128
6090852616,6072785656,1.002975069601238,0,6072997624,1.0029400624050038,1.0,6072785656,1.002975069601238,298450944,6372402424,1.0490629879765074,6074375416,0,13565952,0.9997382842035393,6074163448,1.0027475664991359,True,16,4,16,4,1000,2,0,64,64,128,4,64,4,8,64,64,2,8,1,64,1,1,2.92964824120603,1.0,kimi_k3,hbm_128
103600912,101939944,1.0162935934122153,0,102128360,1.0144186394454977,1.0,101939944,1.0162935934122153,33161216,135254248,1.3220687942915792,102305000,0,1507328,0.9964316895557402,102116584,1.014535621363911,True,16,4,16,4,1000,2,0,64,64,256,4,64,4,8,64,64,2,8,1,64,1,1,8.218045112781954,1.8,nemotron3,hbm_256
3935613788,3917546828,1.0046118044769419,0,3917758796,1.0045574505552077,1.0,3917546828,1.0046118044769419,298450944,4217163596,1.076044047281365,3919136588,0,13565952,0.9995943596339899,3918924620,1.0042586090875103,True,16,4,16,4,1000,2,0,64,64,256,4,64,4,8,64,64,2,8,1,64,1,1,2.92964824120603,1.0,kimi_k3,hbm_256
68707460,67046492,1.0247733766592888,0,67234908,1.021901599091948,1.0,67046492,1.0247733766592888,33161216,100360796,1.4887775014453013,67411548,0,1507328,0.9945846667102201,67223132,1.0220806135602252,True,16,4,16,4,1000,2,0,64,64,1024,4,64,4,8,64,64,2,8,1,64,1,1,8.218045112781954,1.8,nemotron3,hbm_1024
2319184680,2301117720,1.0078513845002246,0,2301329688,1.0077585545839445,1.0,2301117720,1.0078513845002246,298450944,2600734488,1.129424605855712,2302707480,0,13565952,0.9993096126999161,2302495512,1.0072482955614985,True,16,4,16,4,1000,2,0,64,64,1024,4,64,4,8,64,64,2,8,1,64,1,1,2.92964824120603,1.0,kimi_k3,hbm_1024
64711226,63050258,1.0263435559613412,0,63238674,1.0232856242368396,1.0,63050258,1.0263435559613412,33161216,96364562,1.5195787251010064,63415314,0,1507328,0.994243409407387,63226898,1.0234762110265159,True,16,4,16,4,1000,2,0,64,64,1560,4,64,4,8,64,64,2,8,1,64,1,1,8.218045112781954,1.8,nemotron3,hbm_1560
2134059768,2115992808,1.0085382898900666,0,2116204776,1.0084372704392763,1.0,2115992808,1.0085382898900666,298450944,2415609576,1.140739262073487,2117582568,0,13565952,0.9992492571368768,2117370600,1.0078820249983635,True,16,4,16,4,1000,2,0,64,64,1560,4,64,4,8,64,64,2,8,1,64,1,1,2.92964824120603,1.0,kimi_k3,hbm_1560
62891236,61230268,1.0271265838653523,0,61418684,1.0239756358179215,1.0,61230268,1.0271265838653523,33161216,94544572,1.534930995735975,61595324,0,1507328,0.9940733163445978,61406908,1.0241720035797928,True,16,4,16,4,1000,2,0,64,64,2048,4,64,4,8,64,64,2,8,1,64,1,1,8.218045112781954,1.8,nemotron3,hbm_2048
2049779760,2031712800,1.0088924773225822,0,2031924768,1.0087872308469248,1.0,2031712800,1.0088924773225822,298450944,2331329568,1.14657287796854,2033302560,0,13565952,0.9992181389866543,2033090592,1.0082087675117233,True,16,4,16,4,1000,2,0,64,64,2048,4,64,4,8,64,64,2,8,1,64,1,1,2.92964824120603,1.0,kimi_k3,hbm_2048
59983806,58322838,1.028478861059539,0,58511254,1.0251669875337144,1.0,58322838,1.028478861059539,33161216,91637142,1.5614317664900363,58687894,0,1507328,0.9937797052318831,58499478,1.0253733546135233,True,16,4,16,4,1000,2,0,64,64,4096,4,64,4,8,64,64,2,8,1,64,1,1,8.218045112781954,1.8,nemotron3,hbm_4096
1915078276,1897011316,1.009523907341837,0,1897223284,1.0094111178955993,1.0,1897011316,1.009523907341837,298450944,2196628084,1.156971894605626,1898601076,0,13565952,0.9991626677030283,1898389108,1.008791226166264,True,16,4,16,4,1000,2,0,64,64,4096,4,64,4,8,64,64,2,8,1,64,1,1,2.92964824120603,1.0,kimi_k3,hbm_4096
80055832,78394864,1.0211872043046086,0,78583280,1.0187387444250227,1.0,78394864,1.0211872043046086,33161216,111709168,1.4183504503305742,78759920,0,1507328,0.9953649521228564,78571504,1.0188914291369553,True,16,4,16,4,1000,2,25165824,64,64,512,4,64,4,8,64,64,2,8,1,64,1,1,8.218045112781954,1.8,nemotron3,explicit_state_tile_24mib
2857762824,2839695864,1.0063622869720108,0,2839907832,1.006287173054988,1.0,2839695864,1.0063622869720108,298450944,3139312632,1.1048916045196588,2841285624,0,13565952,0.9994404786387643,2841073656,1.0058742468590192,True,16,4,16,4,1000,2,25165824,64,64,512,4,64,4,8,64,64,2,8,1,64,1,1,2.92964824120603,1.0,kimi_k3,explicit_state_tile_24mib
79953048,78292080,1.0212150194502432,0,78480496,1.0187632861035945,1.0,78292080,1.0212150194502432,33161216,111606384,1.4188971233328405,78657136,0,1507328,0.9953588953454904,78468720,1.0189161744960284,True,16,4,16,4,1000,2,33554432,64,64,512,4,64,4,8,64,64,2,8,1,64,1,1,8.218045112781954,1.8,nemotron3,explicit_state_tile_32mib
2857608456,2839541496,1.0063626328495112,0,2839753464,1.006287514823505,1.0,2839541496,1.0063626328495112,298450944,3139158264,1.1048973036253134,2841131256,0,13565952,0.9994404482381295,2840919288,1.0058745660499737,True,16,4,16,4,1000,2,33554432,64,64,512,4,64,4,8,64,64,2,8,1,64,1,1,2.92964824120603,1.0,kimi_k3,explicit_state_tile_32mib
79773176,78112208,1.0212638720953835,0,78300624,1.0188063890780743,1.0,78112208,1.0212638720953835,33161216,111426512,1.419857246807177,78477264,0,1507328,0.995348257808784,78288848,1.018959635221609,True,16,4,16,4,1000,2,50331648,64,64,512,4,64,4,8,64,64,2,8,1,64,1,1,8.218045112781954,1.8,nemotron3,explicit_state_tile_48mib
2857454088,2839387128,1.0063629787646202,0,2839599096,1.006287856629181,1.0,2839387128,1.0063629787646202,298450944,3139003896,1.104903003350304,2840976888,0,13565952,0.9994404178341911,2840764920,1.0058748852756179,True,16,4,16,4,1000,2,50331648,64,64,512,4,64,4,8,64,64,2,8,1,64,1,1,2.92964824120603,1.0,kimi_k3,explicit_state_tile_48mib
79747480,78086512,1.0212708694172432,0,78274928,1.0188125628170492,1.0,78086512,1.0212708694172432,33161216,111400816,1.419994766707531,78451568,0,1507328,0.9953467341787229,78263152,1.018965860204557,True,16,4,16,4,1000,2,67108864,64,64,512,4,64,4,8,64,64,2,8,1,64,1,1,8.218045112781954,1.8,nemotron3,explicit_state_tile_64mib
2857222536,2839155576,1.0063634977078129,0,2839367544,1.006288369407381,1.0,2839155576,1.0063634977078129,298450944,3138772344,1.1049115540992653,2840745336,0,13565952,0.9994403722220878,2840533368,1.0058753641791403,True,16,4,16,4,1000,2,67108864,64,64,512,4,64,4,8,64,64,2,8,1,64,1,1,2.92964824120603,1.0,kimi_k3,explicit_state_tile_64mib
