key,benchmark,batch_size,group_index,sample_ids,prompt_length_min,prompt_length_max,padded_context_length,padding_fraction,active_experts_median,active_experts_p95,active_experts_max,gpu_ttft_ms_median,gpu_itl_ms_median,gpu_e2e_ms_median,gpu_batch_throughput_tokens_s_median,gpu_archived_batch_energy_joules_median,gpu_energy_status,A_original_cycles,B_arlo_cycles,C_fixed_cycles,D_phased_cycles,E_overlap_cycles,D_speedup_vs_A,D_speedup_vs_B,D_speedup_vs_B_ideal_resource_overlap,D_speedup_vs_C,C_bank_stall_cycles,D_bank_stall_cycles,D_tpot_ms_proxy,D_tpot_ms_ideal_resource_overlap_lower_bound,D_aggregate_throughput_tokens_s_proxy,D_aggregate_throughput_tokens_s_ideal_resource_overlap_upper_bound,B_ideal_resource_overlap_cycles,D_ideal_resource_overlap_cycles,D_prime_workload_bank_stall_cycles,D_vs_D_prime_pure_bank_speedup,checkpoint_mixed_nvfp4_bf16_D_speedup_vs_B_serial,checkpoint_mixed_nvfp4_bf16_D_speedup_vs_B_ideal_overlap,checkpoint_mixed_nvfp4_bf16_D_logical_weight_read_bytes,checkpoint_mixed_nvfp4_bf16_D_physical_hbm_read_bytes,uniform_mxfp8_D_speedup_vs_B_serial,uniform_mxfp8_D_speedup_vs_B_ideal_overlap,uniform_mxfp8_D_logical_weight_read_bytes,uniform_mxfp8_D_physical_hbm_read_bytes,uniform_bf16_D_speedup_vs_B_serial,uniform_bf16_D_speedup_vs_B_ideal_overlap,uniform_bf16_D_logical_weight_read_bytes,uniform_bf16_D_physical_hbm_read_bytes
bfcl_v3_b1_g0,bfcl_v3,1,0,bfcl_v3:multi_turn_base_10,3786,3786,3786,0.0,6.0,6.0,6,80.534289,4.4521584999999995,219.252883,145.94586563966746,73.215422147634,archived_legacy_integration_requires_recapture,130070162,99829394,70478450,64758258,64758258,2.0085494270089845,1.5415700959713894,1.0,1.088331468088595,188416,0,2.0236955625,1.8834990625,494.1454725357189,530.9267309497267,60271970,60271970,0,1.0,1.5415700959713894,1.0,91481341952,93128196096,1.481486146237502,1.0,104090384832,105737336832,1.253164719974601,1.0,206566965248,208213819392
bfcl_v3_b1_g1,bfcl_v3,1,1,bfcl_v3:multi_turn_base_9,3790,3790,3790,0.0,6.0,6.0,6,83.18088800000001,4.4902435,223.008483,143.4877362503342,73.221614359231,archived_legacy_integration_requires_recapture,130070804,99830036,70479092,64758900,64758900,2.0085394285573104,1.541564727010496,1.0,1.0883305923973385,188416,0,2.023715625,1.8835148125,494.14057372808986,530.9222913265514,60272474,60272474,0,1.0,1.541564727010496,1.0,91481341952,93128982528,1.4814819024956456,1.0,104090384832,105738123264,1.2531635467273374,1.0,206566965248,208214605824
bfcl_v3_b1_g2,bfcl_v3,1,2,bfcl_v3:multi_turn_base_1,3798,3798,3798,0.0,6.0,6.0,6,83.859932,4.5005155,224.40205650000001,142.5981089074035,74.07428879309148,archived_legacy_integration_requires_recapture,130072100,99831332,70480388,64760196,64760196,2.00851924537103,1.5415538890586433,1.0,1.0883288246996659,188416,0,2.023756125,1.8835463125,494.1306848422756,530.9134123029428,60273482,60273482,0,1.0,1.5415538890586433,1.0,91481341952,93130555392,1.481473335917582,1.0,104090384832,105739696128,1.2531611783360879,1.0,206566965248,208216178688
bfcl_v3_b1_g3,bfcl_v3,1,3,bfcl_v3:multi_turn_base_12,3798,3798,3798,0.0,6.0,6.0,6,83.676182,4.4980585,224.0986355,142.78998514600556,74.61349160993498,archived_legacy_integration_requires_recapture,130072100,99831332,70480388,64760196,64760196,2.00851924537103,1.5415538890586433,1.0,1.0883288246996659,188416,0,2.023756125,1.8835463125,494.1306848422756,530.9134123029428,60273482,60273482,0,1.0,1.5415538890586433,1.0,91481341952,93130555392,1.481473335917582,1.0,104090384832,105739696128,1.2531611783360879,1.0,206566965248,208216178688
bfcl_v3_b1_g4,bfcl_v3,1,4,bfcl_v3:multi_turn_base_3,3804,3804,3804,0.0,6.0,6.0,6,82.3964965,4.4757774999999995,222.312935,143.93679569281502,74.919947881486,archived_legacy_integration_requires_recapture,130073036,99832268,70481324,64761132,64761132,2.0085046691277726,1.5415460619187447,1.0,1.0883275480731252,188416,0,2.023785375,1.8835699375,494.12354311533653,530.906753230128,60274238,60274238,0,1.0,1.5415460619187447,1.0,91481341952,93131735040,1.4814671491341147,1.0,104090384832,105740875776,1.2531594678588553,1.0,206566965248,208217358336
bfcl_v3_b1_g5,bfcl_v3,1,5,bfcl_v3:multi_turn_base_6,3811,3811,3811,0.0,6.0,6.0,6,80.26906249999999,4.4565245,219.62892,145.69619618199187,75.320969724344,archived_legacy_integration_requires_recapture,130074164,99833396,70482452,64762260,64762260,2.0084871034457414,1.5415366295123116,1.0,1.0883260096235061,188416,0,2.023820625,1.8835975,494.1149366930678,530.8989845229673,60275120,60275120,0,1.0,1.5415366295123116,1.0,91481341952,93133111296,1.4814596934781197,1.0,104090384832,105742252032,1.25315740654521,1.0,206566965248,208218734592
bfcl_v3_b1_g6,bfcl_v3,1,6,bfcl_v3:multi_turn_base_14,5400,5400,5400,0.0,6.0,6.0,6,80.78106249999999,4.4539245,219.3791215,145.86181075438577,79.25011058684774,archived_legacy_integration_requires_recapture,130336460,100095692,70744748,65024556,65024556,2.004419069005254,1.539352179505847,1.0,1.0879697202392278,188416,0,2.032017375,1.8898556875,492.1217762717211,529.1409320903504,60475382,60475382,0,1.0,1.539352179505847,1.0,91481341952,93445521408,1.4797322625322882,1.0,104090384832,106054662144,1.2526789950425223,1.0,206566965248,208531144704
bfcl_v3_b1_g7,bfcl_v3,1,7,bfcl_v3:multi_turn_base_2,5597,5597,5597,0.0,6.0,6.0,6,81.9220435,4.48205,221.069221,144.7469176935138,81.36141498446749,archived_legacy_integration_requires_recapture,130368926,100128158,70777214,65057022,65057022,2.0039178245816416,1.539083021660598,1.0,1.0879258199061126,188416,0,2.0330319375,1.8906315625,491.876188246059,528.9237839009154,60500210,60500210,0,1.0,1.539083021660598,1.0,91481341952,93484253184,1.4795193094270551,1.0,104090384832,106093393920,1.252619904815442,1.0,206566965248,208569876480
bfcl_v3_b1_g8,bfcl_v3,1,8,bfcl_v3:multi_turn_base_15,6535,6535,6535,0.0,6.0,6.0,6,82.52086800000001,4.4738085000000005,222.3146695,143.936268146928,84.78614945673276,archived_legacy_integration_requires_recapture,130523858,100283090,70932146,65211954,65211954,2.0015326944504683,1.5378022563163802,1.0,1.0877169238020379,188416,0,2.0378735625,1.894325875,490.70757793885457,527.8922772461206,60618428,60618428,0,1.0,1.5378022563163802,1.0,91481341952,93668671488,1.4785056677003527,1.0,104090384832,106277812224,1.252338298732592,1.0,206566965248,208754294784
bfcl_v3_b1_g9,bfcl_v3,1,9,bfcl_v3:multi_turn_base_11,6643,6643,6643,0.0,6.0,6.0,6,81.770802,4.467918,221.516973,144.45451044768686,85.61633081644575,archived_legacy_integration_requires_recapture,130541630,100300862,70949918,65229726,65229726,2.0012598243935593,1.537655730762996,1.0,1.0876930251094417,188416,0,2.0384289375,1.8947513125,490.5738834469426,527.7737470890391,60632042,60632042,0,1.0,1.537655730762996,1.0,91481341952,93689905152,1.478389668405537,1.0,104090384832,106299045888,1.252306036287181,1.0,206566965248,208775528448
bfcl_v3_b1_g10,bfcl_v3,1,10,bfcl_v3:multi_turn_base_4,6644,6644,6644,0.0,6.0,6.0,6,82.3349515,4.4677465,221.6147805,144.39048344370974,83.95286377688674,archived_legacy_integration_requires_recapture,130541798,100301030,70950086,65229894,65229894,2.001257245642619,1.5376543460272984,1.0,1.087692799255507,188416,0,2.0384341875,1.89475525,490.5726199708373,527.7726503198764,60632168,60632168,0,1.0,1.5376543460272984,1.0,91481341952,93690101760,1.47838857212416,1.0,104090384832,106299242496,1.252305731347315,1.0,206566965248,208775725056
bfcl_v3_b1_g11,bfcl_v3,1,11,bfcl_v3:multi_turn_base_0,6646,6646,6646,0.0,6.0,6.0,6,81.2349165,4.477133500000001,221.15029099999998,144.69352623233158,84.96306155887675,archived_legacy_integration_requires_recapture,130542134,100301366,70950422,65230230,65230230,2.0012520881805873,1.5376515765773016,1.0,1.0876923475511278,188416,0,2.0384446875,1.894763125,490.5700930381512,527.7704567952261,60632420,60632420,0,1.0,1.5376515765773016,1.0,91481341952,93690494976,1.4783863795764796,1.0,104090384832,106299635712,1.252305121469794,1.0,206566965248,208776118272
bfcl_v3_b1_g12,bfcl_v3,1,12,bfcl_v3:multi_turn_base_5,6653,6653,6653,0.0,6.0,6.0,6,80.826829,4.465294500000001,220.37974450000002,145.19952607007718,85.27889810627926,archived_legacy_integration_requires_recapture,130543352,100302584,70951640,65231448,65231448,2.0012333928261103,1.537641537560227,1.0,1.0876907101617612,188416,0,2.03848275,1.8947906875,490.56093312538457,527.7627796025359,60633302,60633302,0,1.0,1.537641537560227,1.0,91481341952,93691871232,1.4783784317596107,1.0,104090384832,106301011968,1.252302910688497,1.0,206566965248,208777494528
bfcl_v3_b1_g13,bfcl_v3,1,13,bfcl_v3:multi_turn_base_13,6662,6662,6662,0.0,6.0,6.0,6,82.057456,4.464821000000001,222.0623305,144.09954927818933,87.20019122181725,archived_legacy_integration_requires_recapture,130544828,100304060,70953116,65232924,65232924,2.0012107383075453,1.5376293725542642,1.0,1.0876887260181685,188416,0,2.038528875,1.894826125,490.54983339394687,527.7529092544046,60634436,60634436,0,1.0,1.5376293725542642,1.0,91481341952,93693640704,1.4783688007689444,1.0,104090384832,106302781440,1.252300231665547,1.0,206566965248,208779264000
bfcl_v3_b1_g14,bfcl_v3,1,14,bfcl_v3:multi_turn_base_7,6664,6664,6664,0.0,6.0,6.0,6,81.706794,4.4625325,221.142705,144.698246384145,85.34444725316175,archived_legacy_integration_requires_recapture,130545140,100304372,70953428,65233236,65233236,2.00120594967878,1.5376268011600713,1.0,1.0876883066171974,188416,0,2.038538625,1.894834,490.5474871735629,527.7507158938461,60634688,60634688,0,1.0,1.5376268011600713,1.0,91481341952,93694033920,1.478366764999429,1.0,104090384832,106303174656,1.2522996653752967,1.0,206566965248,208779657216
bfcl_v3_b1_g15,bfcl_v3,1,15,bfcl_v3:multi_turn_base_8,6679,6679,6679,0.0,6.0,6.0,6,81.374728,4.4638675,220.540124,145.09351993260213,86.12320700829275,archived_legacy_integration_requires_recapture,130547546,100306778,70955834,65235642,65235642,2.001169023522448,1.5376069725810317,1.0,1.087685072525231,188416,0,2.0386138125,1.8948930625,490.52939495866383,527.7342662707648,60636578,60636578,0,1.0,1.5376069725810317,1.0,91481341952,93696983040,1.478351066666503,1.0,104090384832,106306123776,1.2522952984916396,1.0,206566965248,208782606336
bfcl_v3_b2_g0,bfcl_v3,2,0,bfcl_v3:multi_turn_base_10|bfcl_v3:multi_turn_base_9,3786,3790,3790,0.0005277044854881266,11.0,12.0,12,80.71916,5.08282,238.85617200000002,267.82487123523356,96.83260336568324,archived_legacy_integration_requires_recapture,214320111,153838575,95136687,83696303,83696303,2.560687907565045,1.8380569927921429,1.0138693270026171,1.136689239427935,376832,0,2.61550946875,2.33542559375,764.6693785267911,856.3749602437961,75770124,74733619,0,1.0,1.8380569927921429,1.0138693270026171,111507070976,114802352128,1.6880708901556696,1.0,139969594464,143264972800,1.368636476394268,1.0,277769117696,281064398848
bfcl_v3_b2_g1,bfcl_v3,2,1,bfcl_v3:multi_turn_base_1|bfcl_v3:multi_turn_base_12,3798,3798,3798,0.0,11.0,12.0,12,80.9182705,5.092522,239.689899,266.9043288745146,98.32354206209351,archived_legacy_integration_requires_recapture,214445093,153963557,95261669,83821285,83821285,2.558360838777406,1.8368074051835401,1.012188240139057,1.1364854284922976,376832,0,2.61941515625,2.33931178125,763.5292157594578,854.9523052165837,75770364,74857977,0,1.0,1.8368074051835401,1.012188240139057,111697897472,114996324352,1.6865770363864743,1.0,140311491936,143610016000,1.3677906126694477,1.0,278447611904,281746038784
bfcl_v3_b2_g2,bfcl_v3,2,2,bfcl_v3:multi_turn_base_3|bfcl_v3:multi_turn_base_6,3804,3811,3811,0.0009183941222776174,11.0,12.0,12,81.467814,5.093245,239.9131875,266.66726649385066,97.052091253268,archived_legacy_integration_requires_recapture,214312625,153831089,95129201,83688817,83688817,2.560827511757037,1.8381319573438348,1.014001553305914,1.1367014663380892,376832,0,2.61527553125,2.33514046875,764.7377785254151,856.4795252212812,75770754,74724495,0,1.0,1.8381319573438348,1.014001553305914,111484620800,114788159488,1.688198105624862,1.0,139929371232,143233007104,1.3687222451730163,1.0,277689294848,280992833536
bfcl_v3_b2_g3,bfcl_v3,2,3,bfcl_v3:multi_turn_base_14|bfcl_v3:multi_turn_base_2,5400,5597,5597,0.01759871359656959,11.0,12.0,12,81.31573900000001,5.1005199999999995,240.0933665,266.43691438768457,113.953254022262,archived_legacy_integration_requires_recapture,215632503,155150967,96449079,85008695,85008695,2.536593497876894,1.825118795200891,1.0,1.1345789863025189,376832,0,2.65652171875,2.37203328125,752.8641628953368,843.1584901481871,75905065,75905065,0,1.0,1.825118795200891,1.0,112623967232,116629789696,1.6756162923126516,1.0,141970700256,145976619904,1.3626479461596817,1.0,281740304384,285746126848
bfcl_v3_b2_g4,bfcl_v3,2,4,bfcl_v3:multi_turn_base_15|bfcl_v3:multi_turn_base_11,6535,6643,6643,0.008128857443925937,11.0,12.0,12,92.78571500000001,5.1076785000000005,251.6756585,254.18530262405926,125.47018567797099,archived_legacy_integration_requires_recapture,215200634,154719098,96017210,84576826,84576826,2.5444397026674896,1.8293320442174077,1.006155937143561,1.1352661779953765,376832,0,2.6430258125,2.35598775,756.7084629068487,848.9008484870093,75855714,75391608,0,1.0,1.8293320442174077,1.006155937143561,111411657728,115828784128,1.6825000910262553,1.0,139798645728,144215869312,1.3672386816361513,1.0,277429870592,281846996992
bfcl_v3_b2_g5,bfcl_v3,2,5,bfcl_v3:multi_turn_base_4|bfcl_v3:multi_turn_base_0,6644,6646,6646,0.0001504664459825459,11.0,12.0,12,93.3176045,5.0943235,251.6604465,254.21134487874735,125.74906225190776,archived_legacy_integration_requires_recapture,215323910,154842374,96140486,84700102,84700102,2.5421918618232597,1.8281250003689489,1.0045177194094126,1.1350693060558534,376832,0,2.6468781875,2.3598328125,755.6071183952057,847.5176671016816,75855804,75514650,0,1.0,1.8281250003689489,1.0045177194094126,111602484224,116020790272,1.6810410413069568,1.0,140140543200,144558946432,1.3664025128025297,1.0,278108364800,282526670848
bfcl_v3_b2_g6,bfcl_v3,2,6,bfcl_v3:multi_turn_base_5|bfcl_v3:multi_turn_base_13,6653,6662,6662,0.0006754728309816872,11.0,12.0,12,93.8257155,5.111931500000001,252.9542535,252.97174697080362,122.8587426614545,archived_legacy_integration_requires_recapture,215376004,154894468,96192580,84752196,84752196,2.5412439342574675,1.8276159829534093,1.003848158424051,1.134986284013219,376832,0,2.648506125,2.36142175,755.1426750051409,846.9473951444718,75856284,75565496,0,1.0,1.8276159829534093,1.003848158424051,111675447296,116100044800,1.6804525932227934,1.0,140271268704,144695963392,1.366074322381401,1.0,278367789056,282792386560
bfcl_v3_b2_g7,bfcl_v3,2,7,bfcl_v3:multi_turn_base_7|bfcl_v3:multi_turn_base_8,6664,6679,6679,0.0011229225932025753,11.0,12.0,12,94.291753,5.103714,253.3147295,252.50608779818316,126.90689258938426,archived_legacy_integration_requires_recapture,215547120,155065584,96363696,84923312,84923312,2.538138408921216,1.8259483803457877,1.0016043776476926,1.1347142937618824,376832,0,2.6538535,2.3667276875,753.6211022952095,845.048634265407,75856794,75735286,0,1.0,1.8259483803457877,1.0016043776476926,111933624320,116364906496,1.6784640987319583,1.0,140733835872,145165215232,1.3649428635000513,1.0,279285751808,283717033984
bfcl_v3_b4_g0,bfcl_v3,4,0,bfcl_v3:multi_turn_base_10|bfcl_v3:multi_turn_base_9|bfcl_v3:multi_turn_base_1|bfcl_v3:multi_turn_base_12,3786,3798,3798,0.0013164823591363876,20.0,23.0,24,103.14336499999999,5.6286305,277.95101950000003,460.17829809518145,141.09134824730828,archived_legacy_integration_requires_recapture,379848185,258885113,141481337,118600569,118600569,3.202751792868717,2.1828319643221947,1.5050615122324393,1.1929229192821158,753664,0,3.70626778125,3.14633303125,1079.2528322524322,1271.3212365859595,151533592,100682657,0,1.0,2.1828319643221947,1.5050615122324393,146911342592,153508196352,1.9061648913341114,1.1069462132076306,203401804704,209998756352,1.4953966576612254,1.0,403650093056,410246946816
bfcl_v3_b4_g1,bfcl_v3,4,1,bfcl_v3:multi_turn_base_3|bfcl_v3:multi_turn_base_6|bfcl_v3:multi_turn_base_14|bfcl_v3:multi_turn_base_2,3804,5597,5597,0.16866178309808827,19.0,23.0,24,127.059601,5.6785355,304.24443599999995,420.46809143275084,165.23510842918296,archived_legacy_integration_requires_recapture,380229836,259266764,141862988,118982220,118982220,3.1956861789938027,2.1790378764154847,1.5046241224172996,1.1923040938385585,753664,0,3.718194375,3.1494895,1075.7909879308017,1270.0470981090746,151641532,100783664,0,1.0,2.1790378764154847,1.5046241224172996,145654132736,153665777664,1.9076683097402538,1.1120977403471475,201149303712,209161046528,1.4983494538546835,1.0,399180013568,407191658496
bfcl_v3_b4_g2,bfcl_v3,4,2,bfcl_v3:multi_turn_base_15|bfcl_v3:multi_turn_base_11|bfcl_v3:multi_turn_base_4|bfcl_v3:multi_turn_base_0,6535,6646,6646,0.004363526933493831,19.0,23.0,24,175.54909400000003,5.620863,350.1828465,365.2665076705559,206.10068800365673,archived_legacy_integration_requires_recapture,380026444,259063372,141659596,118778828,118778828,3.1994459820735055,2.1810568125827947,1.510750510363682,1.1926333874922557,753664,0,3.711838375,3.138019625,1077.6331283551644,1274.6892875152112,151704472,100416628,0,1.0,2.1810568125827947,1.510750510363682,144256609280,153093221376,1.9130597419043096,1.1214106086899442,198645407520,207482117504,1.5028018827693377,1.0,394211041280,403047653376
bfcl_v3_b4_g3,bfcl_v3,4,3,bfcl_v3:multi_turn_base_5|bfcl_v3:multi_turn_base_13|bfcl_v3:multi_turn_base_7|bfcl_v3:multi_turn_base_8,6653,6679,6679,0.0021709836801916457,19.0,23.0,24,176.9095825,5.627629499999999,351.109061,364.3587410825668,210.054182726635,archived_legacy_integration_requires_recapture,379026450,258063378,140659602,117778834,117778834,3.2181202439141146,2.1910845033497277,1.52604551148144,1.1942689295090152,753664,0,3.6805885625,3.1066089375,1086.7827066448967,1287.5775742855308,151706452,99411486,0,1.0,2.1910845033497277,1.52604551148144,142662646784,151525211136,1.923937504146404,1.1366672270839633,195789558048,204652220288,1.5093949902371302,1.0,388543619072,397406183424
bfcl_v3_b8_g0,bfcl_v3,8,0,bfcl_v3:multi_turn_base_10|bfcl_v3:multi_turn_base_9|bfcl_v3:multi_turn_base_1|bfcl_v3:multi_turn_base_12|bfcl_v3:multi_turn_base_3|bfcl_v3:multi_turn_base_6|bfcl_v3:multi_turn_base_14|bfcl_v3:multi_turn_base_2,3786,5597,5597,0.24548865463641237,32.0,39.0,44,220.79873750000002,5.7924195,401.067534,637.7536130039462,257.4159553093615,archived_legacy_integration_requires_recapture,699152396,457226252,222418700,176657164,176657164,3.9576792707936828,2.5882123410517335,2.1620964890960757,1.2590414957640779,1507328,0,5.520536375,4.383404625,1449.1345508071215,1825.0653736991026,303275000,140268948,0,1.0,2.5882123410517335,2.1620964890960757,195696263168,211719553024,2.180725082023248,1.5070599903000546,290807234592,306830621696,1.6661961448670677,1.0,577105829888,593129119744
bfcl_v3_b8_g1,bfcl_v3,8,1,bfcl_v3:multi_turn_base_15|bfcl_v3:multi_turn_base_11|bfcl_v3:multi_turn_base_4|bfcl_v3:multi_turn_base_0|bfcl_v3:multi_turn_base_5|bfcl_v3:multi_turn_base_13|bfcl_v3:multi_turn_base_7|bfcl_v3:multi_turn_base_8,6535,6679,6679,0.005726905225333134,32.0,39.0,46,343.3934175,5.7927365,523.1824995,488.94597124356494,369.0869590355378,archived_legacy_integration_requires_recapture,699785816,457859672,223052120,177290584,177290584,3.947112137664344,2.5825380100276503,2.1584697914094897,1.25811599785807,1507328,0,5.54033075,4.3926495,1443.9571139322322,1821.2242975452514,303404840,140564784,0,1.0,2.5825380100276503,2.1584697914094897,194455890944,212181019648,2.1807053758081447,1.5102088915589504,288584901024,306310126976,1.6684157981169891,1.0,572695617536,590420746240
bfcl_v3_b16_g0,bfcl_v3,16,0,bfcl_v3:multi_turn_base_10|bfcl_v3:multi_turn_base_9|bfcl_v3:multi_turn_base_1|bfcl_v3:multi_turn_base_12|bfcl_v3:multi_turn_base_3|bfcl_v3:multi_turn_base_6|bfcl_v3:multi_turn_base_14|bfcl_v3:multi_turn_base_2|bfcl_v3:multi_turn_base_15|bfcl_v3:multi_turn_base_11|bfcl_v3:multi_turn_base_4|bfcl_v3:multi_turn_base_0|bfcl_v3:multi_turn_base_5|bfcl_v3:multi_turn_base_13|bfcl_v3:multi_turn_base_7|bfcl_v3:multi_turn_base_8,3786,6679,6679,0.1867233118730349,49.0,63.0,71,560.34077,6.754742,768.247126,665.9474015880392,574.9697076088512,archived_legacy_integration_requires_recapture,1318458954,834606666,364991562,273468490,273468490,4.821246330792992,3.051929917044556,3.0335998904464754,1.3346750186831398,3014656,0,8.5458903125,6.2508258125,1872.244952242944,2559.661791887438,606800144,200026426,0,1.0,3.051929917044556,3.0335998904464754,262397112320,297847369728,2.5236479806068965,2.058038608204985,410311150368,445761505792,1.8946331372901024,1.0957322256578652,814260887552,849711144960
gpqa_diamond_b1_g0,gpqa_diamond,1,0,gpqa_diamond:rec4JrWy7Il8ho5vk,137,137,137,0.0,6.0,6.0,6,84.311976,4.453977,223.101011,143.4289903184653,60.877067723763005,archived_legacy_integration_requires_recapture,129467972,99227204,69876260,64156068,64156068,2.0180160043473987,1.5466534513929375,1.0,1.0891605763620051,188416,0,2.004877125,1.8691275625,498.78368481060903,535.0089635736138,59812082,59812082,0,1.0,1.5466534513929375,1.0,91481341952,92410773504,1.4854999551754224,1.0,104090384832,105019914240,1.2542700247725078,1.0,206566965248,207496396800
gpqa_diamond_b1_g1,gpqa_diamond,1,1,gpqa_diamond:rec06pnAkLOr2t2mp,139,139,139,0.0,6.0,6.0,6,84.6056655,4.4616185,223.846381,142.95143310483252,61.289798364549,archived_legacy_integration_requires_recapture,129468284,99227516,69876572,64156380,64156380,2.0180110536161795,1.5466507929530937,1.0,1.089160142763666,188416,0,2.004886875,1.8691354375,498.781259167054,535.0067094857058,59812334,59812334,0,1.0,1.5466507929530937,1.0,91481341952,92411166720,1.4854978582582656,1.0,104090384832,105020307456,1.2542694496053115,1.0,206566965248,207496790016
gpqa_diamond_b1_g2,gpqa_diamond,1,2,gpqa_diamond:rec0Arme2jcXQZnAW,139,139,139,0.0,6.0,6.0,6,83.68390600000001,4.4685995,222.736233,143.66382562041954,60.88303897590125,archived_legacy_integration_requires_recapture,129468284,99227516,69876572,64156380,64156380,2.0180110536161795,1.5466507929530937,1.0,1.089160142763666,188416,0,2.004886875,1.8691354375,498.781259167054,535.0067094857058,59812334,59812334,0,1.0,1.5466507929530937,1.0,91481341952,92411166720,1.4854978582582656,1.0,104090384832,105020307456,1.2542694496053115,1.0,206566965248,207496790016
gpqa_diamond_b1_g3,gpqa_diamond,1,3,gpqa_diamond:rec0yTRmO1o1xCA6H,146,146,146,0.0,6.0,6.0,6,83.4655415,4.4611905,222.05129749999998,144.1069635931351,61.62489070838425,archived_legacy_integration_requires_recapture,129469418,99228650,69877706,64157514,64157514,2.01799306001788,1.5466411307645118,1.0,1.0891585668359907,188416,0,2.0049223125,1.869163,498.77244308437514,534.9988203276012,59813216,59813216,0,1.0,1.5466411307645118,1.0,91481341952,92412542976,1.4854902369234664,1.0,104090384832,105021683712,1.254267359115687,1.0,206566965248,207498166272
gpqa_diamond_b1_g4,gpqa_diamond,1,4,gpqa_diamond:rec0VuKUjt1SZ7NYv,147,147,147,0.0,6.0,6.0,6,83.23982799999999,4.4500779999999995,221.77997399999998,144.28334458155976,61.005085460075,archived_legacy_integration_requires_recapture,129469580,99228812,69877868,64157676,64157676,2.0179904895557628,1.54663975047974,1.0,1.0891583417080133,188416,0,2.004927375,1.8691669375,498.7711836694334,534.9976933240079,59813342,59813342,0,1.0,1.54663975047974,1.0,91481341952,92412739584,1.4854891481808852,1.0,104090384832,105021880320,1.254267060477118,1.0,206566965248,207498362880
gpqa_diamond_b1_g5,gpqa_diamond,1,5,gpqa_diamond:rec0wZvZgiz320KRs,156,156,156,0.0,6.0,6.0,6,83.91300849999999,4.449778,222.18568299999998,144.01982692497174,61.216054453914,archived_legacy_integration_requires_recapture,129471002,99230234,69879290,64159098,64159098,2.017967927167555,1.5466276349458654,1.0,1.0891563656334446,188416,0,2.0049718125,1.869202375,498.7601290778745,534.9875505053325,59814476,59814476,0,1.0,1.5466276349458654,1.0,91481341952,92414509056,1.4854795916499994,1.0,104090384832,105023649792,1.2542644391242281,1.0,206566965248,207500132352
gpqa_diamond_b1_g6,gpqa_diamond,1,6,gpqa_diamond:rec4UqStf9WUVif1f,159,159,159,0.0,6.0,6.0,6,83.76395199999999,4.4499075,222.2372125,143.9864626205325,60.728501403633494,archived_legacy_integration_requires_recapture,129471470,99230702,69879758,64159566,64159566,2.0179605017901774,1.5466236476724298,1.0,1.089155715298947,188416,0,2.0049864375,1.8692141875,498.75649096504173,534.9841696512375,59814854,59814854,0,1.0,1.5466236476724298,1.0,91481341952,92415098880,1.4854764465449053,1.0,104090384832,105024239616,1.2542635764123138,1.0,206566965248,207500722176
gpqa_diamond_b1_g7,gpqa_diamond,1,7,gpqa_diamond:rec2UlKqC6RFHdcro,177,177,177,0.0,6.0,6.0,6,84.1787115,4.44411,222.5079145,143.81103888406216,61.267135635599004,archived_legacy_integration_requires_recapture,129474530,99233762,69882818,64162626,64162626,2.0179119539153527,1.5465975784719286,1.0,1.0891514633456554,188416,0,2.0050820625,1.8692850625,498.7327046121834,534.9638854239761,59817122,59817122,0,1.0,1.5465975784719286,1.0,91481341952,92418637824,1.4854558834004574,1.0,104090384832,105027778560,1.2542579357479182,1.0,206566965248,207504261120
gpqa_diamond_b1_g8,gpqa_diamond,1,8,gpqa_diamond:rec1oj2DveQWl9Rpw,185,185,185,0.0,6.0,6.0,6,84.1735565,4.4432605,222.369531,143.90053131399196,60.490661204987504,archived_legacy_integration_requires_recapture,129475892,99235124,69884180,64163988,64163988,2.017890346840661,1.5465859759215714,1.0,1.0891495709400107,188416,0,2.005124625,1.8693165625,498.7221180828099,534.954870705587,59818130,59818130,0,1.0,1.5465859759215714,1.0,91481341952,92420210688,1.4854467313453998,1.0,104090384832,105029351424,1.2542554251797426,1.0,206566965248,207505833984
gpqa_diamond_b1_g9,gpqa_diamond,1,9,gpqa_diamond:rec260hNUCEj109Dj,190,190,190,0.0,6.0,6.0,6,84.285927,4.436657,222.116314,144.0644914939814,61.002469115435005,archived_legacy_integration_requires_recapture,129476762,99235994,69885050,64164858,64164858,2.01787654544486,1.5465785648586645,1.0,1.0891483621766918,188416,0,2.0051518125,1.86933625,498.715355997515,534.9492366608736,59818760,59818760,0,1.0,1.5465785648586645,1.0,91481341952,92421193728,1.4854408854996515,1.0,104090384832,105030334464,1.2542538215387957,1.0,206566965248,207506817024
gpqa_diamond_b1_g10,gpqa_diamond,1,10,gpqa_diamond:rec32C1ZEapBnCC0E,229,229,229,0.0,6.0,6.0,6,84.2502815,4.43783,222.32016,143.9323243955342,60.980131317693996,archived_legacy_integration_requires_recapture,129483044,99242276,69891332,64171140,64171140,2.0177769009557878,1.5465250578375263,1.0,1.0891396350446634,188416,0,2.005348125,1.86949,498.66653452003504,534.9052415364619,59823680,59823680,0,1.0,1.5465250578375263,1.0,91481341952,92428861440,1.4853986786400553,1.0,104090384832,105038002176,1.254242242745559,1.0,206566965248,207514484736
gpqa_diamond_b1_g11,gpqa_diamond,1,11,gpqa_diamond:rec2fsnzUuvNtUYK8,239,239,239,0.0,6.0,6.0,6,84.21817050000001,4.453633,222.851449,143.58927577331434,61.48950966842926,archived_legacy_integration_requires_recapture,129484760,99243992,69893048,64172856,64172856,2.017749685318665,1.5465104436056267,1.0,1.0891372514260547,188416,0,2.00540175,1.869529375,498.6532000383464,534.8939756563066,59824940,59824940,0,1.0,1.5465104436056267,1.0,91481341952,92430827520,1.4853871506308363,1.0,104090384832,105039968256,1.2542390800494132,1.0,206566965248,207516450816
gpqa_diamond_b1_g12,gpqa_diamond,1,12,gpqa_diamond:rec47oNPXudlTIk4y,262,262,262,0.0,6.0,6.0,6,79.9222555,4.444418000000001,218.22265,146.63525157083293,60.232115190207494,archived_legacy_integration_requires_recapture,129488630,99247862,69896918,64176726,64176726,2.0176883127381724,1.5464774878045353,1.0,1.0891318762505897,188416,0,2.0055226875,1.8696199375,498.62313013599356,534.8680659327854,59827838,59827838,0,1.0,1.5464774878045353,1.0,91481341952,92435349504,1.4853611541583587,1.0,104090384832,105044490240,1.2542319476843409,1.0,206566965248,207520972800
gpqa_diamond_b1_g13,gpqa_diamond,1,13,gpqa_diamond:rec1zl5LvaatzGhFt,358,358,358,0.0,6.0,6.0,6,80.12949950000001,4.4560875,219.277193,145.92986239197205,60.445273206454495,archived_legacy_integration_requires_recapture,129504338,99263570,69912626,64192434,64192434,2.0174392826419387,1.546343763814907,1.0,1.0891100655257908,188416,0,2.0060135625,1.8699979375,498.5011161907336,534.7599480975364,59839934,59839934,0,1.0,1.546343763814907,1.0,91481341952,92454223872,1.485255665276697,1.0,104090384832,105063364608,1.2542030021308146,1.0,206566965248,207539847168
gpqa_diamond_b1_g14,gpqa_diamond,1,14,gpqa_diamond:rec4L69T0Y1AS4AFS,362,362,362,0.0,6.0,6.0,6,80.049533,4.4490099999999995,218.663531,146.33787034168782,61.882725693760754,archived_legacy_integration_requires_recapture,129505034,99264266,69913322,64193130,64193130,2.0174282512786026,1.5463378402019032,1.0,1.0891090993693562,188416,0,2.0060353125,1.8700136875,498.49571130119375,534.7554441362879,59840438,59840438,0,1.0,1.5463378402019032,1.0,91481341952,92455010304,1.48525099226947,1.0,104090384832,105064151040,1.2542017197454123,1.0,206566965248,207540633600
gpqa_diamond_b1_g15,gpqa_diamond,1,15,gpqa_diamond:rec2ZTsqazBZ3LTWZ,456,456,456,0.0,6.0,6.0,6,80.2390075,4.437374,218.489684,146.45556650112616,61.445308798802,archived_legacy_integration_requires_recapture,129520628,99279860,69928916,64208724,64208724,2.017181154386435,1.5462051543027082,1.0,1.0890874579597627,188416,0,2.006522625,1.870384,498.3746445420719,534.6495692863069,59852288,59852288,0,1.0,1.5462051543027082,1.0,91481341952,92473491456,1.4851463163301628,1.0,104090384832,105082632192,1.254172991071461,1.0,206566965248,207559114752
gpqa_diamond_b2_g0,gpqa_diamond,2,0,gpqa_diamond:rec4JrWy7Il8ho5vk|gpqa_diamond:rec06pnAkLOr2t2mp,137,139,139,0.007194244604316547,11.0,12.0,12,79.1885725,5.0585835,236.197223,270.87473772230794,69.03662727164775,archived_legacy_integration_requires_recapture,211726294,151244758,92542870,81102486,81102486,2.6106017761280462,1.8648597035607515,1.0446811565907597,1.1410608301205465,376832,0,2.5344526875,2.263268125,789.12500906569,883.6778894679127,75660594,72424580,0,1.0,1.8648597035607515,1.0446811565907597,109340628992,111200278528,1.7139369640747848,1.0,136088052576,137947799296,1.3809345883398125,1.0,270066212864,271925862400
gpqa_diamond_b2_g1,gpqa_diamond,2,1,gpqa_diamond:rec0Arme2jcXQZnAW|gpqa_diamond:rec0yTRmO1o1xCA6H,139,146,146,0.023972602739726026,11.0,12.0,12,78.858823,5.0772,236.296885,270.7545471602624,68.67403182477673,archived_legacy_integration_requires_recapture,212430183,151948647,93246759,81806375,81806375,2.596743627865188,1.857418165760309,1.0346363043840312,1.1398470962684755,376832,0,2.55644921875,2.28524759375,782.3351175259875,875.1786920025063,75660804,73127923,0,1.0,1.857418165760309,1.0346363043840312,110435075072,112297477120,1.704901606802018,1.0,138048935136,139911434368,1.3758382759949013,1.0,273957576704,275819978752
gpqa_diamond_b2_g2,gpqa_diamond,2,2,gpqa_diamond:rec0VuKUjt1SZ7NYv|gpqa_diamond:rec0wZvZgiz320KRs,147,156,156,0.028846153846153848,11.0,12.0,12,78.3556545,5.054992,234.9665345,272.2917398951562,68.405823425119,archived_legacy_integration_requires_recapture,211069866,150588330,91886442,80446058,80446058,2.6237440497084394,1.8719168315245478,1.0542629264390206,1.1422118657448697,376832,0,2.5139393125,2.2427133125,795.5641530626647,891.7769332588291,75661104,71766826,0,1.0,1.8719168315245478,1.0542629264390206,108307920896,110174255104,1.7226195430688984,1.0,134237783904,136104215296,1.3858552893366822,1.0,266394361856,268260696064
gpqa_diamond_b2_g3,gpqa_diamond,2,3,gpqa_diamond:rec4UqStf9WUVif1f|gpqa_diamond:rec2UlKqC6RFHdcro,159,177,177,0.05084745762711865,10.0,12.0,12,80.0388945,5.0634630000000005,237.98645,268.837077873824,69.26912744962101,archived_legacy_integration_requires_recapture,210515526,150033990,91332102,79891718,79891718,2.6350106277599386,1.8779667499452195,1.062502920903287,1.1431986229160824,376832,0,2.4966161875,2.225339,801.0842876103878,898.7394729522109,75661734,71210848,0,1.0,1.8779667499452195,1.062502920903287,107432364032,109306955776,1.730131444593531,1.0,132669077856,134543766784,1.3901231102779459,1.0,263281270784,265155862528
gpqa_diamond_b2_g4,gpqa_diamond,2,4,gpqa_diamond:rec1oj2DveQWl9Rpw|gpqa_diamond:rec260hNUCEj109Dj,185,190,190,0.013157894736842105,11.0,12.0,12,78.92938000000001,5.071696,236.12619999999998,270.95318932904144,69.44436646243075,archived_legacy_integration_requires_recapture,211761102,151279566,92577678,81137294,81137294,2.6099108259637056,1.8644886776726866,1.0442577579783208,1.1410003148490508,376832,0,2.5355404375,2.2642315625,788.7864734557206,883.3018818056512,75662124,72455410,0,1.0,1.8644886776726866,1.0442577579783208,109368691712,111248395264,1.7135806209907662,1.0,136138331616,138018132352,1.380767524402871,1.0,270165991424,272045694976
gpqa_diamond_b2_g5,gpqa_diamond,2,5,gpqa_diamond:rec32C1ZEapBnCC0E|gpqa_diamond:rec2fsnzUuvNtUYK8,229,239,239,0.02092050209205021,11.0,12.0,12,79.2479095,5.0923359999999995,237.67231099999998,269.13197220766295,69.78198670776248,archived_legacy_integration_requires_recapture,213094098,152612562,93910674,82470290,82470290,2.5838892769747748,1.8505156463012316,1.0254661597062065,1.1387212776867888,376832,0,2.5771965625,2.30576825,776.0370431582088,867.3898601908496,75663594,73784584,0,1.0,1.8505156463012316,1.0254661597062065,111422882816,113321853952,1.6967426023957435,1.0,139818757344,141717825664,1.3712979939849026,1.0,277469782016,279368753152
gpqa_diamond_b2_g6,gpqa_diamond,2,6,gpqa_diamond:rec47oNPXudlTIk4y|gpqa_diamond:rec1zl5LvaatzGhFt,262,358,358,0.1340782122905028,11.0,12.0,12,81.35129950000001,5.1005199999999995,239.9192615,266.6672730072705,70.2847004404285,archived_legacy_integration_requires_recapture,211769772,151288236,92586348,81145964,81145964,2.6097388158454806,1.8643963118116387,1.0443912308372492,1.140985249740825,376832,0,2.535811375,2.264093,788.7021959588773,883.3559398840948,75667164,72450976,0,1.0,1.8643963118116387,1.0443912308372492,109295728640,111241492480,1.7137864288703928,1.0,136007606112,137953467136,1.3809967911158294,1.0,269906567168,271852331008
gpqa_diamond_b2_g7,gpqa_diamond,2,7,gpqa_diamond:rec4L69T0Y1AS4AFS|gpqa_diamond:rec2ZTsqazBZ3LTWZ,362,456,456,0.10307017543859649,11.0,12.0,12,79.3239735,5.075207499999999,237.01894349999998,269.9055918828668,71.42673038092775,archived_legacy_integration_requires_recapture,212827505,152345969,93644081,82203697,82203697,2.5890259534191022,1.853273934869377,1.0295103070955502,1.1391711616084614,376832,0,2.56886553125,2.29690828125,778.5537918081714,870.735682537389,75670104,73501065,0,1.0,1.853273934869377,1.0295103070955502,110895303680,112879602688,1.7004601966300048,1.0,138873511392,140857907584,1.3735340713759696,1.0,275593945088,277578244096
gpqa_diamond_b4_g0,gpqa_diamond,4,0,gpqa_diamond:rec4JrWy7Il8ho5vk|gpqa_diamond:rec06pnAkLOr2t2mp|gpqa_diamond:rec0Arme2jcXQZnAW|gpqa_diamond:rec0yTRmO1o1xCA6H,137,146,146,0.039383561643835614,20.0,23.0,24,80.7120035,5.599717,253.83932249999998,503.95090733219024,78.696287688161,archived_legacy_integration_requires_recapture,373296342,252333270,134929494,112048726,112048726,3.331553649257913,2.251995886146889,1.5978208188621887,1.2042037318657242,753664,0,3.5015226875,2.9593914375,1142.360154991856,1351.6292401586027,151314472,94700526,0,1.0,2.251995886146889,1.5978208188621887,140451304448,144176108544,1.9676057695660252,1.185544463282761,191827569696,195552471680,1.5273027687655745,1.0,380681068544,384405872640
gpqa_diamond_b4_g1,gpqa_diamond,4,1,gpqa_diamond:rec0VuKUjt1SZ7NYv|gpqa_diamond:rec0wZvZgiz320KRs|gpqa_diamond:rec4UqStf9WUVif1f|gpqa_diamond:rec2UlKqC6RFHdcro,147,177,177,0.09745762711864407,19.0,22.0,24,78.5040575,5.526982,248.979805,513.5203540626153,77.2706924312935,archived_legacy_integration_requires_recapture,370420594,249457522,132053746,109172978,109172978,3.392969586301841,2.2849749688059258,1.6479680634082736,1.2095827046139567,753664,0,3.4116555625,2.8693731875,1172.4513001742978,1394.0326819200125,151316332,91819942,0,1.0,2.2849749688059258,1.6479680634082736,135933206528,139682390016,2.0033769105331922,1.2356451536327469,183732644256,187481925632,1.5484909874409563,1.0,364616720384,368365903872
gpqa_diamond_b4_g2,gpqa_diamond,4,2,gpqa_diamond:rec1oj2DveQWl9Rpw|gpqa_diamond:rec260hNUCEj109Dj|gpqa_diamond:rec32C1ZEapBnCC0E|gpqa_diamond:rec2fsnzUuvNtUYK8,185,239,239,0.11820083682008369,19.0,23.0,24,79.8976375,5.5751085,252.5476635,506.4278187032546,77.78315716069301,archived_legacy_integration_requires_recapture,373793076,252830004,135426228,112545460,112545460,3.321263034510677,2.246470039751048,1.589784376060066,1.2033024521824336,753664,0,3.517045625,2.974461,1137.3182001299742,1344.7814578843024,151320052,95182752,0,1.0,2.246470039751048,1.589784376060066,141130422272,144928364544,1.962023045616931,1.1779571259873756,193044322464,196842362624,1.524132285597889,1.0,383095709696,386893651968
gpqa_diamond_b4_g3,gpqa_diamond,4,3,gpqa_diamond:rec47oNPXudlTIk4y|gpqa_diamond:rec1zl5LvaatzGhFt|gpqa_diamond:rec4L69T0Y1AS4AFS|gpqa_diamond:rec2ZTsqazBZ3LTWZ,262,456,456,0.21162280701754385,20.0,23.0,24,80.580739,5.578427,252.5488425,506.58946168941316,81.93923463592301,archived_legacy_integration_requires_recapture,375037230,254074158,136670382,113789614,113789614,3.2958827859280726,2.232841373378769,1.5699582669099788,1.201079581832486,753664,0,3.5559254375,3.0122829375,1124.8829792146057,1327.896510053515,151333072,96393054,0,1.0,2.232841373378769,1.5699582669099788,142847860736,146816458752,1.9482644729939775,1.1592704535016394,196121399712,200090095616,1.5163050310227146,1.0,389202157568,393170755584
gpqa_diamond_b8_g0,gpqa_diamond,8,0,gpqa_diamond:rec4JrWy7Il8ho5vk|gpqa_diamond:rec06pnAkLOr2t2mp|gpqa_diamond:rec0Arme2jcXQZnAW|gpqa_diamond:rec0yTRmO1o1xCA6H|gpqa_diamond:rec0VuKUjt1SZ7NYv|gpqa_diamond:rec0wZvZgiz320KRs|gpqa_diamond:rec4UqStf9WUVif1f|gpqa_diamond:rec2UlKqC6RFHdcro,137,177,177,0.15254237288135594,32.0,40.0,45,82.751027,5.734896,257.607684,992.8509861837157,89.24629826633749,archived_legacy_integration_requires_recapture,684624829,442698685,207891133,162129597,162129597,4.222701108669258,2.7305235638129663,2.374784985054941,1.282252820254651,1507328,0,5.06654990625,3.98226315625,1578.983755816034,2008.9079214778474,302624600,127432421,0,1.0,2.7305235638129663,2.374784985054941,184196160512,191694527488,2.291392828007043,1.6576387474085614,270202884000,277701348224,1.7235188481540433,1.0,536216576000,543714942976
gpqa_diamond_b8_g1,gpqa_diamond,8,1,gpqa_diamond:rec1oj2DveQWl9Rpw|gpqa_diamond:rec260hNUCEj109Dj|gpqa_diamond:rec32C1ZEapBnCC0E|gpqa_diamond:rec2fsnzUuvNtUYK8|gpqa_diamond:rec47oNPXudlTIk4y|gpqa_diamond:rec1zl5LvaatzGhFt|gpqa_diamond:rec4L69T0Y1AS4AFS|gpqa_diamond:rec2ZTsqazBZ3LTWZ,185,456,456,0.37472587719298245,33.0,40.25,44,82.4318505,5.7540130000000005,258.1182835,990.6454703885139,93.06924226781027,archived_legacy_integration_requires_recapture,688612533,446686389,211878837,166117301,166117301,4.145339039670528,2.6889817394757696,2.3045076450923325,1.2754772424336462,1507328,0,5.19116565625,4.10415865625,1541.0796976529255,1949.2423831659712,302658080,131333077,0,1.0,2.6889817394757696,2.3045076450923325,189842379776,197779575808,2.251904000599695,1.5985770767388838,280319026848,288256320128,1.6996363298136328,1.0,556292022272,564229218304
gpqa_diamond_b16_g0,gpqa_diamond,16,0,gpqa_diamond:rec4JrWy7Il8ho5vk|gpqa_diamond:rec06pnAkLOr2t2mp|gpqa_diamond:rec0Arme2jcXQZnAW|gpqa_diamond:rec0yTRmO1o1xCA6H|gpqa_diamond:rec0VuKUjt1SZ7NYv|gpqa_diamond:rec0wZvZgiz320KRs|gpqa_diamond:rec4UqStf9WUVif1f|gpqa_diamond:rec2UlKqC6RFHdcro|gpqa_diamond:rec1oj2DveQWl9Rpw|gpqa_diamond:rec260hNUCEj109Dj|gpqa_diamond:rec32C1ZEapBnCC0E|gpqa_diamond:rec2fsnzUuvNtUYK8|gpqa_diamond:rec47oNPXudlTIk4y|gpqa_diamond:rec1zl5LvaatzGhFt|gpqa_diamond:rec4L69T0Y1AS4AFS|gpqa_diamond:rec2ZTsqazBZ3LTWZ,137,456,456,0.5228892543859649,51.0,64.0,73,83.300693,6.7371825,285.99881,1787.3985935297842,120.30925489279176,archived_legacy_integration_requires_recapture,1295543957,811691669,342076565,250553493,250553493,5.170727981030383,3.2395943049175533,3.3443356185343474,1.3652835604251583,3014656,0,7.82979665625,5.65608065625,2043.4758017921547,2828.8139742703124,605306624,180994581,0,1.0,3.2395943049175533,3.3443356185343474,252283308032,268157700096,2.6492498780752047,2.236248410528008,392190584352,408065074432,1.9547323923228621,1.168128358846093,778300694528,794175086592
swebench_verified_b1_g0,swebench_verified,1,0,swebench_verified:astropy__astropy-14096,387,387,387,0.0,6.0,6.0,6,79.6511785,4.4379705000000005,217.9229775,146.836199677278,62.046137559346,archived_legacy_integration_requires_recapture,129509282,99268514,69917570,64197378,64197378,2.0173609271082693,1.5463016885206744,1.0,1.089103202937665,188416,0,2.0061680625,1.870112125,498.46272537797415,534.7272960972862,59843588,59843588,0,1.0,1.5463016885206744,1.0,91481341952,92459925504,1.485222472762496,1.0,104090384832,105069066240,1.2541938930529095,1.0,206566965248,207545548800
swebench_verified_b1_g1,swebench_verified,1,1,swebench_verified:astropy__astropy-12907,478,478,478,0.0,6.0,6.0,6,79.56178700000001,4.444427,217.86144000000002,146.87800078168226,60.99944692163625,archived_legacy_integration_requires_recapture,129524126,99283358,69932414,64212222,64212222,2.0171257428219818,1.5461753994434269,1.0,1.0890826048660955,188416,0,2.0066319375,1.870470625,498.347495279014,534.624808662793,59855060,59855060,0,1.0,1.5461753994434269,1.0,91481341952,92477816832,1.4851228419337834,1.0,104090384832,105086957568,1.25416654763187,1.0,206566965248,207563440128
swebench_verified_b1_g2,swebench_verified,1,2,swebench_verified:astropy__astropy-14539,609,609,609,0.0,6.0,6.0,6,81.196067,4.4511065,219.8623005,145.54123175751445,62.487804609052,archived_legacy_integration_requires_recapture,129545720,99304952,69954008,64233816,64233816,2.01678380745743,1.5459917872542401,1.0,1.0890526572483255,188416,0,2.00730675,1.870986625,498.1799617821242,534.477364315739,59871572,59871572,0,1.0,1.5459917872542401,1.0,91481341952,92503572480,1.4849779790898983,1.0,104090384832,105112713216,1.2541267779530545,1.0,206566965248,207589195776
swebench_verified_b1_g3,swebench_verified,1,3,swebench_verified:astropy__astropy-14365,618,618,618,0.0,6.0,6.0,6,79.5279525,4.440371,217.1895235,147.332151143286,61.06897046018949,archived_legacy_integration_requires_recapture,129547286,99306518,69955574,64235382,64235382,2.016759019195994,1.5459784764726705,1.0,1.0890504862258,188416,0,2.0073556875,1.8710220625,498.1678166092326,534.467241216724,59872706,59872706,0,1.0,1.5459784764726705,1.0,91481341952,92505341952,1.4849674769800019,1.0,104090384832,105114482688,1.2541238943342004,1.0,206566965248,207590965248
swebench_verified_b1_g4,swebench_verified,1,4,swebench_verified:astropy__astropy-13236,633,633,633,0.0,6.0,6.0,6,80.460781,4.4575625,219.53101750000002,145.76067302257098,62.04281573210525,archived_legacy_integration_requires_recapture,129549830,99309062,69958118,64237926,64237926,2.016718752719383,1.5459568542110154,1.0,1.0890469595796104,188416,0,2.0074351875,1.871081125,498.1480877822861,534.4503702371537,59874596,59874596,0,1.0,1.5459568542110154,1.0,91481341952,92508291072,1.4849504170507635,1.0,104090384832,105117431808,1.2541192099741116,1.0,206566965248,207593914368
swebench_verified_b1_g5,swebench_verified,1,5,swebench_verified:astropy__astropy-14182,708,708,708,0.0,6.0,6.0,6,81.9559265,4.4455975,220.406733,145.181656942553,61.80518183210475,archived_legacy_integration_requires_recapture,129562250,99321482,69970538,64250346,64250346,2.0165222145262844,1.5458513172831785,1.0,1.0890297462366973,188416,0,2.0078233125,1.8713764375,498.0517925926811,534.3660313132483,59884046,59884046,0,1.0,1.5458513172831785,1.0,91481341952,92523036672,1.4848671464193561,1.0,104090384832,105132177408,1.2540963430540475,1.0,206566965248,207608659968
swebench_verified_b1_g6,swebench_verified,1,6,swebench_verified:astropy__astropy-13033,920,920,920,0.0,6.0,6.0,6,80.465248,4.4493605,219.1959465,145.98310323795442,63.00746376675251,archived_legacy_integration_requires_recapture,129597122,99356354,70005410,64285218,64285218,2.0159707944056438,1.545555216130713,1.0,1.088981451381249,188416,0,2.0089130625,1.872211375,497.7816206518892,534.1277236925238,59910764,59910764,0,1.0,1.545555216130713,1.0,91481341952,92564717568,1.4846334978049038,1.0,104090384832,105173858304,1.2540321609219809,1.0,206566965248,207650340864
swebench_verified_b1_g7,swebench_verified,1,7,swebench_verified:astropy__astropy-14995,939,939,939,0.0,6.0,6.0,6,79.944486,4.442087,218.37252949999998,146.53518428206274,62.97586752335775,archived_legacy_integration_requires_recapture,129600266,99359498,70008554,64288362,64288362,2.015921108707047,1.5455285359424775,1.0,1.0889770997742951,188416,0,2.0090113125,1.8722861875,497.7572768147367,534.1063811057999,59913158,59913158,0,1.0,1.5455285359424775,1.0,91481341952,92568453120,1.4846124435103487,1.0,104090384832,105177593856,1.2540263759638657,1.0,206566965248,207654076416
swebench_verified_b1_g8,swebench_verified,1,8,swebench_verified:astropy__astropy-14369,982,982,982,0.0,6.0,6.0,6,79.6764955,4.435618,217.75039800000002,146.9531088808831,63.67022474833101,archived_legacy_integration_requires_recapture,129607376,99366608,70015664,64295472,64295472,2.0158087648847185,1.54546820964313,1.0,1.0889672604005458,188416,0,2.0092335,1.8724556875,497.7022332148056,534.0580322812045,59918582,59918582,0,1.0,1.54546820964313,1.0,91481341952,92576907264,1.4845648370135303,1.0,104090384832,105186048000,1.2540132945397269,1.0,206566965248,207662530560
swebench_verified_b1_g9,swebench_verified,1,9,swebench_verified:astropy__astropy-14508,1050,1050,1050,0.0,6.0,6.0,6,80.1430785,4.433305,218.16017599999998,146.67710955475263,63.94403888668876,archived_legacy_integration_requires_recapture,129618560,99377792,70026848,64306656,64306656,2.0156320987986063,1.5453733436240256,1.0,1.088951787510145,188416,0,2.009583,1.8727234375,497.61567449565405,533.9816760850466,59927150,59927150,0,1.0,1.5453733436240256,1.0,91481341952,92590276608,1.484489971119973,1.0,104090384832,105199417344,1.2539927202409837,1.0,206566965248,207675899904
swebench_verified_b1_g10,swebench_verified,1,10,swebench_verified:astropy__astropy-14598,1125,1125,1125,0.0,6.0,6.0,6,81.74944049999999,4.4405095,221.07250850000003,144.7449310956138,64.7726626658185,archived_legacy_integration_requires_recapture,129630908,99390140,70039196,64319004,64319004,2.015437117154364,1.5452686425305964,1.0,1.0889347104939622,188416,0,2.009968875,1.87301875,497.5201419474717,533.8974850091597,59936600,59936600,0,1.0,1.5452686425305964,1.0,91481341952,92605022208,1.484407340255866,1.0,104090384832,105214162944,1.2539700084966763,1.0,206566965248,207690645504
swebench_verified_b1_g11,swebench_verified,1,11,swebench_verified:astropy__astropy-13977,1168,1168,1168,0.0,6.0,6.0,6,80.15221500000001,4.4334255,218.5793385,146.39560242792382,63.46049242058375,archived_legacy_integration_requires_recapture,129638084,99397316,70046372,64326180,64326180,2.015323838598841,1.5452078142989372,1.0,1.0889247892537688,188416,0,2.010193125,1.8731880625,497.4646403688203,533.8492274317491,59942018,59942018,0,1.0,1.5452078142989372,1.0,91481341952,92613476352,1.4843593325465614,1.0,104090384832,105222617088,1.253956811506427,1.0,206566965248,207699099648
swebench_verified_b1_g12,swebench_verified,1,12,swebench_verified:astropy__astropy-13398,1531,1531,1531,0.0,6.0,6.0,6,80.38535350000001,4.4348605,218.572314,146.40075949210623,64.74222828612,archived_legacy_integration_requires_recapture,129698042,99457274,70106330,64386138,64386138,2.0143783433632874,1.5447001029942191,1.0,1.0888419802411506,188416,0,2.0120668125,1.87461775,497.00138871506783,533.4420843929382,59987768,59987768,0,1.0,1.5447001029942191,1.0,91481341952,92684845056,1.4839585828771753,1.0,104090384832,105293985792,1.2538465995986154,1.0,206566965248,207770468352
swebench_verified_b1_g13,swebench_verified,1,13,swebench_verified:astropy__astropy-14309,1621,1621,1621,0.0,6.0,6.0,6,80.64196849999999,4.428107499999999,218.930575,146.16068582341916,64.938658925518,archived_legacy_integration_requires_recapture,129712832,99472064,70121120,64400928,64400928,2.014145386227975,1.5445750098507898,1.0,1.088821577229446,188416,0,2.012529,1.8749723125,496.88724982348083,533.3412090051863,59999114,59999114,0,1.0,1.5445750098507898,1.0,91481341952,92702539776,1.4838598308303124,1.0,104090384832,105311680512,1.2538194280399562,1.0,206566965248,207788163072
swebench_verified_b1_g14,swebench_verified,1,14,swebench_verified:astropy__astropy-13579,1812,1812,1812,0.0,6.0,6.0,6,80.6086235,4.4282935000000005,219.207084,145.9760912883866,66.0158981503625,archived_legacy_integration_requires_recapture,129744356,99503588,70152644,64432452,64432452,2.0136492089421028,1.5443085729532688,1.0,1.0887781206898661,188416,0,2.013514125,1.8757245625,496.6441444755199,533.127315167842,60023186,60023186,0,1.0,1.5443085729532688,1.0,91481341952,92740091904,1.4836494811865482,1.0,104090384832,105349232640,1.2537615328963423,1.0,206566965248,207825715200
swebench_verified_b1_g15,swebench_verified,1,15,swebench_verified:astropy__astropy-13453,2855,2855,2855,0.0,6.0,6.0,6,80.609825,4.426933,218.91989999999998,146.16659669538518,69.34604781274075,archived_legacy_integration_requires_recapture,129916430,99675662,70324718,64604526,64604526,2.0109493567060612,1.5428588083751285,1.0,1.0885416603784075,188416,0,2.0188914375,1.8798323125,495.321333988272,531.9623422528014,60154634,60154634,0,1.0,1.5428588083751285,1.0,91481341952,92945154048,1.4825045021976426,1.0,104090384832,105554294784,1.2534459767733646,1.0,206566965248,208030777344
swebench_verified_b2_g0,swebench_verified,2,0,swebench_verified:astropy__astropy-14096|swebench_verified:astropy__astropy-12907,387,478,478,0.09518828451882845,11.0,12.0,12,79.731471,5.068441,237.921788,268.8595635798878,71.03040461112926,archived_legacy_integration_requires_recapture,213129813,152648277,93946389,82506005,82506005,2.583203646813344,1.8501474771442394,1.025326084480732,1.1386612283554391,376832,0,2.57831265625,2.30630178125,775.7011141189056,867.1892014565473,75670764,73801657,0,1.0,1.8501474771442394,1.025326084480732,111355532288,113348482048,1.6967319927606983,1.0,139698087648,141691134592,1.3714447562664709,1.0,277230313472,279223263232
swebench_verified_b2_g1,swebench_verified,2,1,swebench_verified:astropy__astropy-14539|swebench_verified:astropy__astropy-14365,609,618,618,0.007281553398058253,11.0,12.0,12,79.656668,5.0522124999999996,236.7784095,270.17861351374586,71.74419416662951,archived_legacy_integration_requires_recapture,212546419,152064883,93362995,81922611,81922611,2.5944780861537726,1.856201616913797,1.0337072880790115,1.1396486740394542,376832,0,2.56008159375,2.28772946875,781.2251003572139,874.2292422769667,75674964,73207343,0,1.0,1.856201616913797,1.0337072880790115,110373337088,112421337088,1.7043006332475763,1.0,137938321248,139986418432,1.3758079119490545,1.0,273738063872,275786063872
swebench_verified_b2_g2,swebench_verified,2,2,swebench_verified:astropy__astropy-13236|swebench_verified:astropy__astropy-14182,633,708,708,0.05296610169491525,11.0,12.0,12,80.053765,5.075208,238.249169,268.53520788844867,73.5221586660825,archived_legacy_integration_requires_recapture,213331656,152850120,94148232,82707848,82707848,2.579339943653231,1.8480727487916262,1.022870733153875,1.138322834853592,376832,0,2.58462025,2.31204875,773.8080671618974,865.0336633256544,75677664,73985560,0,1.0,1.8480727487916262,1.022870733153875,111551971328,113635360768,1.6946514521468787,1.0,140050040928,142133527552,1.3704175593401962,1.0,277928763392,280012152832
swebench_verified_b2_g3,swebench_verified,2,3,swebench_verified:astropy__astropy-13033|swebench_verified:astropy__astropy-14995,920,939,939,0.010117145899893504,11.0,12.0,12,80.4321935,5.0700769999999995,237.9506445,268.86428092269637,74.588811167547,archived_legacy_integration_requires_recapture,212267357,151785821,93083933,81643549,81643549,2.5999280971972447,1.859128159654108,1.0381512657811396,1.1401260006470322,376832,0,2.55136090625,2.27822634375,783.8953693695995,877.8758991558167,75684594,72903243,0,1.0,1.859128159654108,1.0381512657811396,109772794880,111947017216,1.7084535476126823,1.0,136862349792,139036669312,1.3783680067555544,1.0,271602802688,273777025024
swebench_verified_b2_g4,swebench_verified,2,4,swebench_verified:astropy__astropy-14369|swebench_verified:astropy__astropy-14508,982,1050,1050,0.03238095238095238,11.0,12.0,12,81.0319475,5.1044775,239.55707,267.05924166428554,75.665558912298,archived_legacy_integration_requires_recapture,213682008,153200472,94498584,83058200,83058200,2.5726780498493826,1.8444954501783086,1.0185533868226018,1.1377393682983739,376832,0,2.59556875,2.322163625,770.5440281633843,861.2657516758751,75687924,74309236,0,1.0,1.8444954501783086,1.0185533868226018,111922399232,114140268544,1.690967674300801,1.0,140713724256,142931690752,1.368554568237754,1.0,279245840384,281463709696
swebench_verified_b2_g5,swebench_verified,2,5,swebench_verified:astropy__astropy-14598|swebench_verified:astropy__astropy-13977,1125,1168,1168,0.018407534246575343,11.0,12.0,12,81.41182699999999,5.108203,240.02806650000002,266.54237884824477,76.5486104268445,archived_legacy_integration_requires_recapture,213371953,152890417,94188529,82748145,82748145,2.5785708308023096,1.8476597511642103,1.0229961823072333,1.138255473884037,376832,0,2.58587953125,2.31218678125,773.4312352258772,864.9820231732198,75691464,73989977,0,1.0,1.8476597511642103,1.0229961823072333,111377982464,113642251264,1.6949818230588014,1.0,139738310880,142002676864,1.370896896942502,1.0,277310136320,279574405120
swebench_verified_b2_g6,swebench_verified,2,6,swebench_verified:astropy__astropy-13398|swebench_verified:astropy__astropy-14309,1531,1621,1621,0.027760641579272053,11.0,12.0,12,81.0222355,5.0985534999999995,239.5609065,267.0565792457919,79.760464828299,archived_legacy_integration_requires_recapture,213215652,152734116,94032228,82591844,82591844,2.581558198410003,1.8492639055255868,1.0258367864145241,1.1385171155640985,376832,0,2.580995125,2.3061981875,774.8949157740079,867.2281553425686,75705054,73798342,0,1.0,1.8492639055255868,1.0258367864145241,110900916224,113343311872,1.6977362375661815,1.0,138883567200,141326060032,1.3727453298114594,1.0,275613900800,278056296448
swebench_verified_b2_g7,swebench_verified,2,7,swebench_verified:astropy__astropy-13579|swebench_verified:astropy__astropy-13453,1812,2855,2855,0.18266199649737302,11.0,12.0,12,81.431865,5.0981365,239.913992,266.6643219927646,85.6744550453875,archived_legacy_integration_requires_recapture,213518612,153037076,94335188,82894804,82894804,2.575777994480812,1.846160056063345,1.023471695512671,1.1380108697765905,376832,0,2.590462625,2.3126578125,772.0628665700204,864.8058477090415,75742074,74005050,0,1.0,1.846160056063345,1.023471695512671,110738152448,113665776640,1.6962100076956803,1.0,138591948768,141519670144,1.3726734162220928,1.0,275035185152,277962809344
swebench_verified_b4_g0,swebench_verified,4,0,swebench_verified:astropy__astropy-14096|swebench_verified:astropy__astropy-12907|swebench_verified:astropy__astropy-14539|swebench_verified:astropy__astropy-14365,387,618,618,0.15372168284789645,20.0,23.0,24,81.9478705,5.603177499999999,255.2370145,501.1356487830613,83.9172638039865,archived_legacy_integration_requires_recapture,375687453,254724381,137320605,114439837,114439837,3.2828380645107003,2.2258366289004763,1.5599454142558384,1.199937090088655,753664,0,3.57624490625,3.03181265625,1118.4916315461023,1319.3427343718313,151342792,97018005,0,1.0,2.2258366289004763,1.5599454142558384,143695354880,147791354880,1.9413900532129194,1.1500502379699111,197639826720,201735924608,1.5124602024692146,1.0,392215470080,396311470080
swebench_verified_b4_g1,swebench_verified,4,1,swebench_verified:astropy__astropy-13236|swebench_verified:astropy__astropy-14182|swebench_verified:astropy__astropy-13033|swebench_verified:astropy__astropy-14995,633,939,939,0.14802981895633652,19.0,23.0,24,83.8055065,5.6430655000000005,258.9090635,493.98465101216823,85.34698761756977,archived_legacy_integration_requires_recapture,373985313,253022241,135618465,112737697,112737697,3.3173048851618816,2.244344595756644,1.588839536089918,1.2029557868296707,753664,0,3.52305303125,2.97705590625,1135.3788786371963,1343.6092992417246,151362052,95265789,0,1.0,2.244344595756644,1.588839536089918,140709481472,145057926144,1.9621642007046547,1.1794831469876268,192290136864,196638679424,1.525108031264192,1.0,381599031296,385947475968
swebench_verified_b4_g2,swebench_verified,4,2,swebench_verified:astropy__astropy-14369|swebench_verified:astropy__astropy-14508|swebench_verified:astropy__astropy-14598|swebench_verified:astropy__astropy-13977,982,1168,1168,0.0742722602739726,20.0,23.0,24,84.1774115,5.665452999999999,259.44604449999997,492.9194188536308,90.4769748403485,archived_legacy_integration_requires_recapture,376467860,255504788,138101012,115220244,115220244,3.2673760003493832,2.217533821573924,1.5491939975977718,1.1985828809735901,753664,0,3.600632625,3.053519125,1110.9158907873864,1309.9639583885037,151375792,97712612,0,1.0,2.217533821573924,1.5491939975977718,144346409984,148874947584,1.934424613742872,1.1414104242261227,198806300448,203334935936,1.5090258798655323,1.0,394530332672,399058870272
swebench_verified_b4_g3,swebench_verified,4,3,swebench_verified:astropy__astropy-13398|swebench_verified:astropy__astropy-14309|swebench_verified:astropy__astropy-13579|swebench_verified:astropy__astropy-13453,1531,2855,2855,0.31532399299474606,19.0,23.0,24,82.693358,5.64124,256.976281,497.8101190810627,105.37638534623149,archived_legacy_integration_requires_recapture,375386826,254423754,137019978,114139210,114139210,3.288850746382422,2.229065314189576,1.5718534557892345,1.2004636969188764,753664,0,3.5668503125,3.0115126875,1121.4375848579994,1328.236144115531,151477012,96368406,0,1.0,2.229065314189576,1.5718534557892345,140922758144,146778006528,1.9523032042247386,1.169345531769482,192672257568,198527603840,1.5216889797817743,1.0,382357348352,388212596736
swebench_verified_b8_g0,swebench_verified,8,0,swebench_verified:astropy__astropy-14096|swebench_verified:astropy__astropy-12907|swebench_verified:astropy__astropy-14539|swebench_verified:astropy__astropy-14365|swebench_verified:astropy__astropy-13236|swebench_verified:astropy__astropy-14182|swebench_verified:astropy__astropy-13033|swebench_verified:astropy__astropy-14995,387,939,939,0.2955271565495208,32.0,39.25,45,83.03060550000001,5.7257475,259.05900499999996,987.1317607616022,103.7606268602235,archived_legacy_integration_requires_recapture,688706950,446780806,211973254,166211718,166211718,4.143552321623918,2.6880223089926787,2.3059371085513525,1.275320756867455,1507328,0,5.1941161875,4.1023999375,1540.2042833105183,1950.0780328295332,302716040,131276798,0,1.0,2.6880223089926787,2.3059371085513525,188994885632,197691774976,2.253782230032219,1.6030016768510746,278800599840,287497586432,1.7019011059630273,1.0,553278709760,561975599104
swebench_verified_b8_g1,swebench_verified,8,1,swebench_verified:astropy__astropy-14369|swebench_verified:astropy__astropy-14508|swebench_verified:astropy__astropy-14598|swebench_verified:astropy__astropy-13977|swebench_verified:astropy__astropy-13398|swebench_verified:astropy__astropy-14309|swebench_verified:astropy__astropy-13579|swebench_verified:astropy__astropy-13453,982,2855,2855,0.46830122591943957,33.0,40.0,44,87.35812999999999,5.775917,265.0861145,964.5027823947688,132.52613086409227,archived_legacy_integration_requires_recapture,693434790,451508646,216701094,170939558,170939558,4.056608067279547,2.641335050135089,2.23730165016915,1.267705945513209,1507328,0,5.3418611875,4.2314639375,1497.6053699635752,1890.5986481658394,302945960,135406846,0,1.0,2.641335050135089,2.23730165016915,192424150016,204134646784,2.2185606963311986,1.5558542563940776,284944698528,296655292544,1.6841930974531778,1.0,565471649792,577182146560
swebench_verified_b16_g0,swebench_verified,16,0,swebench_verified:astropy__astropy-14096|swebench_verified:astropy__astropy-12907|swebench_verified:astropy__astropy-14539|swebench_verified:astropy__astropy-14365|swebench_verified:astropy__astropy-13236|swebench_verified:astropy__astropy-14182|swebench_verified:astropy__astropy-13033|swebench_verified:astropy__astropy-14995|swebench_verified:astropy__astropy-14369|swebench_verified:astropy__astropy-14508|swebench_verified:astropy__astropy-14598|swebench_verified:astropy__astropy-13977|swebench_verified:astropy__astropy-13398|swebench_verified:astropy__astropy-14309|swebench_verified:astropy__astropy-13579|swebench_verified:astropy__astropy-13453,387,2855,2855,0.6183012259194396,49.0,62.0,72,122.045536,6.726001999999999,325.636236,1569.6280391749865,186.69492932778203,archived_legacy_integration_requires_recapture,1301004206,817151918,347536814,256013742,256013742,5.081774891599373,3.191828343339476,3.2757861907286188,1.3574928098976813,3014656,0,8.0004294375,5.7799329375,1999.8926463877083,2768.198208009053,605882384,184957854,0,1.0,3.191828343339476,3.2757861907286188,250919459840,274340453376,2.626456625277558,2.2116478831256963,389747023008,413168114560,1.9495206182006117,1.1653509669185016,773451456512,796872450048
