design,onchip_mode,predictor,predictor_state_bits,task_fifo_bits,core_current_next_bits,credit_slot_scoreboard_bits,synthesized_area,synthesized_fmax,scope
best_hetero,pipelined,random,162,4096,2048,576,,,state estimate; excludes queues common to all policies
best_hetero,pipelined,static,98,4096,2048,576,,,state estimate; excludes queues common to all policies
best_hetero,pipelined,btb,1286,4096,2048,576,,,state estimate; excludes queues common to all policies
best_hetero,pipelined,ema,1286,4096,2048,576,,,state estimate; excludes queues common to all policies
best_hetero,pipelined,ours,822,4096,2048,576,,,state estimate; excludes queues common to all policies
best_hetero,pipelined,oracle,,4096,2048,576,,,state estimate; excludes queues common to all policies
fixed_4+2,pipelined,random,162,4096,2048,576,,,state estimate; excludes queues common to all policies
fixed_4+2,pipelined,static,98,4096,2048,576,,,state estimate; excludes queues common to all policies
fixed_4+2,pipelined,btb,1286,4096,2048,576,,,state estimate; excludes queues common to all policies
fixed_4+2,pipelined,ema,1286,4096,2048,576,,,state estimate; excludes queues common to all policies
fixed_4+2,pipelined,ours,822,4096,2048,576,,,state estimate; excludes queues common to all policies
fixed_4+2,pipelined,oracle,,4096,2048,576,,,state estimate; excludes queues common to all policies
best_hetero,port_tight,random,162,4096,2048,576,,,state estimate; excludes queues common to all policies
best_hetero,port_tight,static,98,4096,2048,576,,,state estimate; excludes queues common to all policies
best_hetero,port_tight,btb,1286,4096,2048,576,,,state estimate; excludes queues common to all policies
best_hetero,port_tight,ema,1286,4096,2048,576,,,state estimate; excludes queues common to all policies
best_hetero,port_tight,ours,822,4096,2048,576,,,state estimate; excludes queues common to all policies
best_hetero,port_tight,oracle,,4096,2048,576,,,state estimate; excludes queues common to all policies
fixed_4+2,port_tight,random,162,4096,2048,576,,,state estimate; excludes queues common to all policies
fixed_4+2,port_tight,static,98,4096,2048,576,,,state estimate; excludes queues common to all policies
fixed_4+2,port_tight,btb,1286,4096,2048,576,,,state estimate; excludes queues common to all policies
fixed_4+2,port_tight,ema,1286,4096,2048,576,,,state estimate; excludes queues common to all policies
fixed_4+2,port_tight,ours,822,4096,2048,576,,,state estimate; excludes queues common to all policies
fixed_4+2,port_tight,oracle,,4096,2048,576,,,state estimate; excludes queues common to all policies
best_hetero,fixed_issue,random,162,4096,2048,576,,,state estimate; excludes queues common to all policies
best_hetero,fixed_issue,static,98,4096,2048,576,,,state estimate; excludes queues common to all policies
best_hetero,fixed_issue,btb,1286,4096,2048,576,,,state estimate; excludes queues common to all policies
best_hetero,fixed_issue,ema,1286,4096,2048,576,,,state estimate; excludes queues common to all policies
best_hetero,fixed_issue,ours,822,4096,2048,576,,,state estimate; excludes queues common to all policies
best_hetero,fixed_issue,oracle,,4096,2048,576,,,state estimate; excludes queues common to all policies
fixed_4+2,fixed_issue,random,162,4096,2048,576,,,state estimate; excludes queues common to all policies
fixed_4+2,fixed_issue,static,98,4096,2048,576,,,state estimate; excludes queues common to all policies
fixed_4+2,fixed_issue,btb,1286,4096,2048,576,,,state estimate; excludes queues common to all policies
fixed_4+2,fixed_issue,ema,1286,4096,2048,576,,,state estimate; excludes queues common to all policies
fixed_4+2,fixed_issue,ours,822,4096,2048,576,,,state estimate; excludes queues common to all policies
fixed_4+2,fixed_issue,oracle,,4096,2048,576,,,state estimate; excludes queues common to all policies
