case,stage,kernel_name,calls,duration_ns,dram_read_bytes,dram_write_bytes,l2_read_sectors,l2_write_sectors,sm_throughput_pct,memory_throughput_pct,achieved_occupancy_pct,theoretical_occupancy_pct,grid,block,registers_per_thread,result_dir
prefill_b1_s2048,qkv_projection,nvjet_sm100_tst_128x256_64x6_2x2_2cta_h_bz_TNT,3,1277540,908430000,126930000,194456531,7086218,81.433366,40.653349,8.98,12.5,"(768, 1, 1)","(256, 1, 1)",255,/home/mcl123/plena-profiles/ncu/kda_full_stage/20260818T103528Z_gpu3_prefill_b1_s2048_qkv_projection
prefill_b1_s2048,short_conv,causal_conv1d_fwd_kernel,3,210530,151700000,28370000,7758686,7079470,60.770152,51.990068,23.036705,25,"(192, 32, 1)","(128, 1, 1)",109,/home/mcl123/plena-profiles/ncu/kda_full_stage/20260818T103546Z_gpu3_prefill_b1_s2048_short_conv
prefill_b1_s2048,short_conv,causal_conv1d_states_fwd_kernel,3,19330,313600,0,19690,14253,0.62344,2.328044,6.203637,75,"(48, 1, 1)","(128, 1, 1)",40,/home/mcl123/plena-profiles/ncu/kda_full_stage/20260818T103546Z_gpu3_prefill_b1_s2048_short_conv
prefill_b1_s2048,decay_beta,nvjet_sm100_tst_64x32_64x16_2x2_2cta_h_bz_TNT,1,25020,31210000,256,3274217,25278,47.6,30.22,9.08,12.5,"(128, 1, 1)","(256, 1, 1)",255,/home/mcl123/plena-profiles/ncu/kda_full_stage/20260818T103609Z_gpu3_prefill_b1_s2048_decay_beta
prefill_b1_s2048,decay_beta,nvjet_sm100_tst_192x128_64x6_2x1_2cta_v_bz_TNT,1,26370,3690000,1240000,1571613,2352152,25.95,45.4,9.2,12.5,"(1024, 1, 1)","(256, 1, 1)",255,/home/mcl123/plena-profiles/ncu/kda_full_stage/20260818T103609Z_gpu3_prefill_b1_s2048_decay_beta
prefill_b1_s2048,decay_beta,nvjet_sm100_tst_64x64_64x16_2x2_2cta_h_bz_splitK_TNT,1,20990,30750000,0,2343181,74351,29.78,22.05,9.2,12.5,"(128, 1, 1)","(256, 1, 1)",255,/home/mcl123/plena-profiles/ncu/kda_full_stage/20260818T103609Z_gpu3_prefill_b1_s2048_decay_beta
prefill_b1_s2048,decay_beta,"void cublasLt::splitKreduce_kernel<32, 16, int, float, __nv_bfloat16, float, __nv_bfloat16, 0, float, __nv_bfloat16, __nv_bfloat16, 1, 0, 0, 0>(cublasLt::cublasSplitKParams<T6>, const T4 *, const T10 *, T9 *, T5 *, const T6 *, const T6 *, const T11 *, const T4 *, T11 *, void *, long, T6 *, int *, T6 *, T6 *, const T6 *, const T6 *, const T6 *, const T6 *, const T6 *)",1,9280,1590000,0,78405,18810,13.57,3.62,56.77,100,"(3, 128, 1)","(32, 16, 1)",32,/home/mcl123/plena-profiles/ncu/kda_full_stage/20260818T103609Z_gpu3_prefill_b1_s2048_decay_beta
prefill_b1_s2048,kda_state_update_output,"void at::elementwise_kernel<128, 4, void at::gpu_kernel_impl_nocast<at::direct_copy_kernel_cuda(at::TensorIteratorBase &)::[lambda() (instance 3)]::operator ()() lambda() (instance 12)]::operator ()() lambda(c10::BFloat16) (instance 1)]>(at::TensorIteratorBase &, const T1 &)::[lambda(int) (instance 1)]>(int, T3)",1,9280,416260,0,205379,19259,3.67,11.07,15.32,100,"(384, 1, 1)","(128, 1, 1)",20,/home/mcl123/plena-profiles/ncu/kda_full_stage/20260818T103628Z_gpu3_prefill_b1_s2048_kda_state_update_output
prefill_b1_s2048,kda_state_update_output,"void _flash_kda_fwd_prepare<cute::TiledCopy<cute::Copy_Atom<cute::Copy_Traits<cute::SM90_TMA_LOAD, cute::C<32768>, cute::AuxTmaParams<cute::tuple<cute::ScaledBasis<cute::C<1>, 2>, cute::ScaledBasis<cute::C<1>, 1>, cute::ScaledBasis<int, 0>>, const cute::Layout<cute::tuple<cute::C<128>, cute::C<16>, cute::C<1>>, cute::tuple<cute::ScaledBasis<cute::C<1>, 2>, cute::ScaledBasis<cute::C<1>, 1>, cute::ScaledBasis<cute::C<1>, 0>>> &, const cute::Swizzle<0, 4, 3> &>>, cutlass::bfloat16_t>, cute::Layout<cute::tuple<cute::C<1>, cute::tuple<cute::tuple<cute::tuple<cute::C<128>, cute::C<16>>, cute::C<1>>>>, cute::tuple<cute::C<0>, cute::tuple<cute::tuple<cute::tuple<cute::C<16>, cute::C<1>>, cute::C<0>>>>>, cute::tuple<cute::C<1>, cute::C<16>, cute::C<128>>>, cute::TiledCopy<cute::Copy_Atom<cute::Copy_Traits<cute::SM90_TMA_LOAD, cute::C<32768>, cute::AuxTmaParams<cute::tuple<cute::ScaledBasis<cute::C<1>, 2>, cute::ScaledBasis<cute::C<1>, 1>, cute::ScaledBasis<int, 0>>, const cute::Layout<cute::tuple<cute::C<128>, cute::C<16>, cute::C<1>>, cute::tuple<cute::ScaledBasis<cute::C<1>, 2>, cute::ScaledBasis<cute::C<1>, 1>, cute::ScaledBasis<cute::C<1>, 0>>> &, const cute::Swizzle<0, 4, 3> &>>, cutlass::bfloat16_t>, cute::Layout<cute::tuple<cute::C<1>, cute::tuple<cute::tuple<cute::tuple<cute::C<128>, cute::C<16>>, cute::C<1>>>>, cute::tuple<cute::C<0>, cute::tuple<cute::tuple<cute::tuple<cute::C<16>, cute::C<1>>, cute::C<0>>>>>, cute::tuple<cute::C<1>, cute::C<16>, cute::C<128>>>, cute::TiledCopy<cute::Copy_Atom<cute::Copy_Traits<cute::SM90_TMA_LOAD, cute::C<512>, cute::AuxTmaParams<cute::tuple<cute::ScaledBasis<cute::C<1>, 0>>, const cute::Layout<cute::tuple<cute::C<32>>, cute::tuple<cute::ScaledBasis<cute::C<1>, 0>>> &, const cute::Swizzle<0, 4, 3> &>>, cutlass::bfloat16_t>, cute::Layout<cute::tuple<cute::C<1>, cute::tuple<cute::tuple<cute::C<32>, cute::C<1>>>>, cute::tuple<cute::C<0>, cute::tuple<cute::tuple<cute::C<1>, cute::C<0>>>>>, cute::tuple<cute::C<32>>>, cute::TiledCopy<cute::Copy_Atom<cute::Copy_Traits<cute::SM90_TMA_LOAD, cute::C<32768>, cute::AuxTmaParams<cute::tuple<cute::ScaledBasis<cute::C<1>, 2>, cute::ScaledBasis<cute::C<1>, 1>, cute::ScaledBasis<int, 0>>, const cute::Layout<cute::tuple<cute::C<128>, cute::C<16>, cute::C<1>>, cute::tuple<cute::ScaledBasis<cute::C<1>, 2>, cute::ScaledBasis<cute::C<1>, 1>, cute::ScaledBasis<cute::C<1>, 0>>> &, const cute::Swizzle<0, 4, 3> &>>, cutlass::bfloat16_t>, cute::Layout<cute::tuple<cute::C<1>, cute::tuple<cute::tuple<cute::tuple<cute::C<128>, cute::C<16>>, cute::C<1>>>>, cute::tuple<cute::C<0>, cute::tuple<cute::tuple<cute::tuple<cute::C<16>, cute::C<1>>, cute::C<0>>>>>, cute::tuple<cute::C<1>, cute::C<16>, cute::C<128>>>, cute::TiledCopy<cute::Copy_Atom<cute::Copy_Traits<cute::SM90_TMA_LOAD, cute::C<4096>, cute::AuxTmaParams<cute::tuple<cute::ScaledBasis<cute::C<1>, 1>, cute::ScaledBasis<cute::C<1>, 0>>, const cute::Layout<cute::tuple<cute::C<128>, cute::C<1>>, cute::tuple<cute::ScaledBasis<cute::C<1>, 1>, cute::ScaledBasis<cute::C<1>, 0>>> &, const cute::Swizzle<0, 4, 3> &>>, float>, cute::Layout<cute::tuple<cute::C<1>, cute::tuple<cute::tuple<cute::C<128>, cute::C<1>>>>, cute::tuple<cute::C<0>, cute::tuple<cute::tuple<cute::C<1>, cute::C<0>>>>>, cute::tuple<cute::C<1>, cute::C<128>>>, cute::TiledCopy<cute::Copy_Atom<cute::Copy_Traits<cute::SM90_TMA_STORE, cute::C<2048>, cute::AuxTmaParams<cute::tuple<cute::ScaledBasis<cute::C<1>, 2>, cute::ScaledBasis<cute::C<1>, 1>, cute::ScaledBasis<cute::C<1>, 0>>, const cute::Layout<cute::tuple<cute::C<8>, cute::C<16>, cute::C<1>>, cute::tuple<cute::ScaledBasis<cute::C<1>, 2>, cute::ScaledBasis<cute::C<1>, 1>, cute::ScaledBasis<cute::C<1>, 0>>> &, const cute::Swizzle<0, 4, 3> &>>, cutlass::bfloat16_t>, cute::Layout<cute::tuple<cute::C<1>, cute::tuple<cute::tuple<cute::tuple<cute::C<8>, cute::C<16>>, cute::C<16>>>>, cute::tuple<cute::C<0>, cute::tuple<cute::tuple<cute::tuple<cute::C<16>, cute::C<1>>, cute::C<128>>>>>, cute::tuple<cute::C<1>, cute::C<16>, cute::C<128>>>, cute::TiledCopy<cute::Copy_Atom<cute::Copy_Traits<cute::SM90_TMA_STORE, cute::C<2048>, cute::AuxTmaParams<cute::tuple<cute::ScaledBasis<cute::C<1>, 2>, cute::ScaledBasis<cute::C<1>, 1>, cute::ScaledBasis<cute::C<1>, 0>>, const cute::Layout<cute::tuple<cute::C<8>, cute::C<16>, cute::C<1>>, cute::tuple<cute::ScaledBasis<cute::C<1>, 2>, cute::ScaledBasis<cute::C<1>, 1>, cute::ScaledBasis<cute::C<1>, 0>>> &, const cute::Swizzle<0, 4, 3> &>>, cutlass::bfloat16_t>, cute::Layout<cute::tuple<cute::C<1>, cute::tuple<cute::tuple<cute::tuple<cute::C<8>, cute::C<16>>, cute::C<16>>>>, cute::tuple<cute::C<0>, cute::tuple<cute::tuple<cute::tuple<cute::C<16>, cute::C<1>>, cute::C<128>>>>>, cute::tuple<cute::C<1>, cute::C<16>, cute::C<128>>>, cute::TiledCopy<cute::Copy_Atom<cute::Copy_Traits<cute::SM90_TMA_STORE, cute::C<2048>, cute::AuxTmaParams<cute::tuple<cute::ScaledBasis<cute::C<1>, 2>, cute::ScaledBasis<cute::C<1>, 1>, cute::ScaledBasis<cute::C<1>, 0>>, const cute::Layout<cute::tuple<cute::C<8>, cute::C<16>, cute::C<1>>, cute::tuple<cute::ScaledBasis<cute::C<1>, 2>, cute::ScaledBasis<cute::C<1>, 1>, cute::ScaledBasis<cute::C<1>, 0>>> &, const cute::Swizzle<0, 4, 3> &>>, cutlass::bfloat16_t>, cute::Layout<cute::tuple<cute::C<1>, cute::tuple<cute::tuple<cute::tuple<cute::C<8>, cute::C<16>>, cute::C<16>>>>, cute::tuple<cute::C<0>, cute::tuple<cute::tuple<cute::tuple<cute::C<16>, cute::C<1>>, cute::C<128>>>>>, cute::tuple<cute::C<1>, cute::C<16>, cute::C<128>>>, cute::TiledCopy<cute::Copy_Atom<cute::Copy_Traits<cute::SM90_TMA_STORE, cute::C<4096>, cute::AuxTmaParams<cute::tuple<cute::ScaledBasis<cute::C<1>, 1>, cute::ScaledBasis<cute::C<1>, 0>>, const cute::Layout<cute::tuple<cute::C<128>, cute::C<1>>, cute::tuple<cute::ScaledBasis<cute::C<1>, 1>, cute::ScaledBasis<cute::C<1>, 0>>> &, const cute::Swizzle<0, 4, 3> &>>, float>, cute::Layout<cute::tuple<cute::C<1>, cute::tuple<cute::tuple<cute::C<128>, cute::C<1>>>>, cute::tuple<cute::C<0>, cute::tuple<cute::tuple<cute::C<1>, cute::C<0>>>>>, cute::tuple<cute::C<1>, cute::C<128>>>, cute::TiledCopy<cute::Copy_Atom<cute::Copy_Traits<cute::SM90_TMA_STORE, cute::C<2048>, cute::AuxTmaParams<cute::tuple<cute::ScaledBasis<cute::C<1>, 2>, cute::ScaledBasis<cute::C<1>, 1>, cute::ScaledBasis<cute::C<1>, 0>>, const cute::Layout<cute::tuple<cute::C<8>, cute::C<16>, cute::C<1>>, cute::tuple<cute::ScaledBasis<cute::C<1>, 2>, cute::ScaledBasis<cute::C<1>, 1>, cute::ScaledBasis<cute::C<1>, 0>>> &, const cute::Swizzle<0, 4, 3> &>>, cutlass::bfloat16_t>, cute::Layout<cute::tuple<cute::C<1>, cute::tuple<cute::tuple<cute::tuple<cute::C<8>, cute::C<16>>, cute::C<2>>>>, cute::tuple<cute::C<0>, cute::tuple<cute::tuple<cute::tuple<cute::C<16>, cute::C<1>>, cute::C<128>>>>>, cute::tuple<cute::C<1>, cute::C<16>, cute::C<16>>>, cute::TiledCopy<cute::Copy_Atom<cute::Copy_Traits<cute::SM90_TMA_STORE, cute::C<2048>, cute::AuxTmaParams<cute::tuple<cute::ScaledBasis<cute::C<1>, 2>, cute::ScaledBasis<cute::C<1>, 1>, cute::ScaledBasis<cute::C<1>, 0>>, const cute::Layout<cute::tuple<cute::C<8>, cute::C<16>, cute::C<1>>, cute::tuple<cute::ScaledBasis<cute::C<1>, 2>, cute::ScaledBasis<cute::C<1>, 1>, cute::ScaledBasis<cute::C<1>, 0>>> &, const cute::Swizzle<0, 4, 3> &>>, cutlass::bfloat16_t>, cute::Layout<cute::tuple<cute::C<1>, cute::tuple<cute::tuple<cute::tuple<cute::C<8>, cute::C<16>>, cute::C<2>>>>, cute::tuple<cute::C<0>, cute::tuple<cute::tuple<cute::tuple<cute::C<16>, cute::C<1>>, cute::C<128>>>>>, cute::tuple<cute::C<1>, cute::C<16>, cute::C<16>>>, 16, 128, 256, 0>(T1, T2, T3, T4, T5, T6, T7, T8, T9, T10, T11, float, int, int, int, const long *, int, const float *, float, const int *)",1,127710,151470000,118970000,7246340,15630312,66.98,65.74,94.31,100,"(128, 96, 1)","(256, 1, 1)",32,/home/mcl123/plena-profiles/ncu/kda_full_stage/20260818T103628Z_gpu3_prefill_b1_s2048_kda_state_update_output
prefill_b1_s2048,kda_state_update_output,"void _flash_kda_fwd_recurrence<cute::TiledCopy<cute::Copy_Atom<cute::Copy_Traits<cute::SM90_TMA_LOAD, cute::C<2048>, cute::AuxTmaParams<cute::tuple<cute::ScaledBasis<cute::C<1>, 2>, cute::ScaledBasis<cute::C<1>, 1>, cute::ScaledBasis<int, 0>>, const cute::Layout<cute::tuple<cute::C<8>, cute::C<16>, cute::C<1>>, cute::tuple<cute::ScaledBasis<cute::C<1>, 2>, cute::ScaledBasis<cute::C<1>, 1>, cute::ScaledBasis<cute::C<1>, 0>>> &, const cute::Swizzle<0, 4, 3> &>>, cutlass::bfloat16_t>, cute::Layout<cute::tuple<cute::C<1>, cute::tuple<cute::tuple<cute::tuple<cute::C<8>, cute::C<16>>, cute::C<16>>>>, cute::tuple<cute::C<0>, cute::tuple<cute::tuple<cute::tuple<cute::C<16>, cute::C<1>>, cute::C<128>>>>>, cute::tuple<cute::C<1>, cute::C<16>, cute::C<128>>>, cute::TiledCopy<cute::Copy_Atom<cute::Copy_Traits<cute::SM90_TMA_LOAD, cute::C<512>, cute::AuxTmaParams<cute::tuple<cute::ScaledBasis<cute::C<1>, 0>>, const cute::Layout<cute::tuple<cute::C<32>>, cute::tuple<cute::ScaledBasis<cute::C<1>, 0>>> &, const cute::Swizzle<0, 4, 3> &>>, cutlass::bfloat16_t>, cute::Layout<cute::tuple<cute::C<1>, cute::tuple<cute::tuple<cute::C<32>, cute::C<1>>>>, cute::tuple<cute::C<0>, cute::tuple<cute::tuple<cute::C<1>, cute::C<0>>>>>, cute::tuple<cute::C<32>>>, cute::TiledCopy<cute::Copy_Atom<cute::Copy_Traits<cute::SM90_TMA_LOAD, cute::C<2048>, cute::AuxTmaParams<cute::tuple<cute::ScaledBasis<cute::C<1>, 2>, cute::ScaledBasis<cute::C<1>, 1>, cute::ScaledBasis<cute::C<1>, 0>>, const cute::Layout<cute::tuple<cute::C<8>, cute::C<16>, cute::C<1>>, cute::tuple<cute::ScaledBasis<cute::C<1>, 2>, cute::ScaledBasis<cute::C<1>, 1>, cute::ScaledBasis<cute::C<1>, 0>>> &, const cute::Swizzle<0, 4, 3> &>>, cutlass::bfloat16_t>, cute::Layout<cute::tuple<cute::C<1>, cute::tuple<cute::tuple<cute::tuple<cute::C<8>, cute::C<16>>, cute::C<16>>>>, cute::tuple<cute::C<0>, cute::tuple<cute::tuple<cute::tuple<cute::C<16>, cute::C<1>>, cute::C<128>>>>>, cute::tuple<cute::C<1>, cute::C<16>, cute::C<128>>>, cute::TiledCopy<cute::Copy_Atom<cute::Copy_Traits<cute::SM90_TMA_LOAD, cute::C<2048>, cute::AuxTmaParams<cute::tuple<cute::ScaledBasis<cute::C<1>, 2>, cute::ScaledBasis<cute::C<1>, 1>, cute::ScaledBasis<cute::C<1>, 0>>, const cute::Layout<cute::tuple<cute::C<8>, cute::C<16>, cute::C<1>>, cute::tuple<cute::ScaledBasis<cute::C<1>, 2>, cute::ScaledBasis<cute::C<1>, 1>, cute::ScaledBasis<cute::C<1>, 0>>> &, const cute::Swizzle<0, 4, 3> &>>, cutlass::bfloat16_t>, cute::Layout<cute::tuple<cute::C<1>, cute::tuple<cute::tuple<cute::tuple<cute::C<8>, cute::C<16>>, cute::C<16>>>>, cute::tuple<cute::C<0>, cute::tuple<cute::tuple<cute::tuple<cute::C<16>, cute::C<1>>, cute::C<128>>>>>, cute::tuple<cute::C<1>, cute::C<16>, cute::C<128>>>, cute::TiledCopy<cute::Copy_Atom<cute::Copy_Traits<cute::SM90_TMA_LOAD, cute::C<2048>, cute::AuxTmaParams<cute::tuple<cute::ScaledBasis<cute::C<1>, 2>, cute::ScaledBasis<cute::C<1>, 1>, cute::ScaledBasis<cute::C<1>, 0>>, const cute::Layout<cute::tuple<cute::C<8>, cute::C<16>, cute::C<1>>, cute::tuple<cute::ScaledBasis<cute::C<1>, 2>, cute::ScaledBasis<cute::C<1>, 1>, cute::ScaledBasis<cute::C<1>, 0>>> &, const cute::Swizzle<0, 4, 3> &>>, cutlass::bfloat16_t>, cute::Layout<cute::tuple<cute::C<1>, cute::tuple<cute::tuple<cute::tuple<cute::C<8>, cute::C<16>>, cute::C<16>>>>, cute::tuple<cute::C<0>, cute::tuple<cute::tuple<cute::tuple<cute::C<16>, cute::C<1>>, cute::C<128>>>>>, cute::tuple<cute::C<1>, cute::C<16>, cute::C<128>>>, cute::TiledCopy<cute::Copy_Atom<cute::Copy_Traits<cute::SM90_TMA_LOAD, cute::C<4096>, cute::AuxTmaParams<cute::tuple<cute::ScaledBasis<cute::C<1>, 1>, cute::ScaledBasis<cute::C<1>, 0>>, const cute::Layout<cute::tuple<cute::C<128>, cute::C<1>>, cute::tuple<cute::ScaledBasis<cute::C<1>, 1>, cute::ScaledBasis<cute::C<1>, 0>>> &, const cute::Swizzle<0, 4, 3> &>>, float>, cute::Layout<cute::tuple<cute::C<1>, cute::tuple<cute::tuple<cute::C<128>, cute::C<1>>>>, cute::tuple<cute::C<0>, cute::tuple<cute::tuple<cute::C<1>, cute::C<0>>>>>, cute::tuple<cute::C<1>, cute::C<128>>>, cute::TiledCopy<cute::Copy_Atom<cute::Copy_Traits<cute::SM90_TMA_LOAD, cute::C<2048>, cute::AuxTmaParams<cute::tuple<cute::ScaledBasis<cute::C<1>, 2>, cute::ScaledBasis<cute::C<1>, 1>, cute::ScaledBasis<cute::C<1>, 0>>, const cute::Layout<cute::tuple<cute::C<8>, cute::C<16>, cute::C<1>>, cute::tuple<cute::ScaledBasis<cute::C<1>, 2>, cute::ScaledBasis<cute::C<1>, 1>, cute::ScaledBasis<cute::C<1>, 0>>> &, const cute::Swizzle<0, 4, 3> &>>, cutlass::bfloat16_t>, cute::Layout<cute::tuple<cute::C<1>, cute::tuple<cute::tuple<cute::tuple<cute::C<8>, cute::C<16>>, cute::C<2>>>>, cute::tuple<cute::C<0>, cute::tuple<cute::tuple<cute::tuple<cute::C<16>, cute::C<1>>, cute::C<128>>>>>, cute::tuple<cute::C<1>, cute::C<16>, cute::C<16>>>, cute::TiledCopy<cute::Copy_Atom<cute::Copy_Traits<cute::SM90_TMA_LOAD, cute::C<2048>, cute::AuxTmaParams<cute::tuple<cute::ScaledBasis<cute::C<1>, 2>, cute::ScaledBasis<cute::C<1>, 1>, cute::ScaledBasis<cute::C<1>, 0>>, const cute::Layout<cute::tuple<cute::C<8>, cute::C<16>, cute::C<1>>, cute::tuple<cute::ScaledBasis<cute::C<1>, 2>, cute::ScaledBasis<cute::C<1>, 1>, cute::ScaledBasis<cute::C<1>, 0>>> &, const cute::Swizzle<0, 4, 3> &>>, cutlass::bfloat16_t>, cute::Layout<cute::tuple<cute::C<1>, cute::tuple<cute::tuple<cute::tuple<cute::C<8>, cute::C<16>>, cute::C<2>>>>, cute::tuple<cute::C<0>, cute::tuple<cute::tuple<cute::tuple<cute::C<16>, cute::C<1>>, cute::C<128>>>>>, cute::tuple<cute::C<1>, cute::C<16>, cute::C<16>>>, cute::TiledCopy<cute::Copy_Atom<cute::Copy_Traits<cute::SM90_TMA_LOAD, cute::C<32768>, cute::AuxTmaParams<cute::tuple<cute::ScaledBasis<cute::C<1>, 2>, cute::ScaledBasis<cute::C<1>, 1>, cute::ScaledBasis<cute::C<1>, 0>>, const cute::Layout<cute::tuple<cute::C<8>, cute::C<128>, cute::C<1>>, cute::tuple<cute::ScaledBasis<cute::C<1>, 2>, cute::ScaledBasis<cute::C<1>, 1>, cute::ScaledBasis<cute::C<1>, 0>>> &, const cute::Swizzle<1, 4, 3> &>>, float>, cute::Layout<cute::tuple<cute::C<1>, cute::tuple<cute::tuple<cute::tuple<cute::C<8>, cute::C<128>>, cute::C<16>>>>, cute::tuple<cute::C<0>, cute::tuple<cute::tuple<cute::tuple<cute::C<128>, cute::C<1>>, cute::C<1024>>>>>, cute::tuple<cute::C<1>, cute::C<128>, cute::C<128>>>, cute::TiledCopy<cute::Copy_Atom<cute::Copy_Traits<cute::SM90_TMA_STORE, cute::C<32768>, cute::AuxTmaParams<cute::tuple<cute::ScaledBasis<cute::C<1>, 2>, cute::ScaledBasis<cute::C<1>, 1>, cute::ScaledBasis<cute::C<1>, 0>>, const cute::Layout<cute::tuple<cute::C<8>, cute::C<128>, cute::C<1>>, cute::tuple<cute::ScaledBasis<cute::C<1>, 2>, cute::ScaledBasis<cute::C<1>, 1>, cute::ScaledBasis<cute::C<1>, 0>>> &, const cute::Swizzle<1, 4, 3> &>>, float>, cute::Layout<cute::tuple<cute::C<1>, cute::tuple<cute::tuple<cute::tuple<cute::C<8>, cute::C<128>>, cute::C<16>>>>, cute::tuple<cute::C<0>, cute::tuple<cute::tuple<cute::tuple<cute::C<128>, cute::C<1>>, cute::C<1024>>>>>, cute::tuple<cute::C<1>, cute::C<128>, cute::C<128>>>, cute::TiledCopy<cute::Copy_Atom<cute::Copy_Traits<cute::SM90_TMA_STORE, cute::C<2048>, cute::AuxTmaParams<cute::tuple<cute::ScaledBasis<cute::C<1>, 2>, cute::ScaledBasis<cute::C<1>, 1>, cute::ScaledBasis<int, 0>>, const cute::Layout<cute::tuple<cute::C<8>, cute::C<16>, cute::C<1>>, cute::tuple<cute::ScaledBasis<cute::C<1>, 2>, cute::ScaledBasis<cute::C<1>, 1>, cute::ScaledBasis<cute::C<1>, 0>>> &, const cute::Swizzle<0, 4, 3> &>>, cutlass::bfloat16_t>, cute::Layout<cute::tuple<cute::C<1>, cute::tuple<cute::tuple<cute::tuple<cute::C<8>, cute::C<16>>, cute::C<16>>>>, cute::tuple<cute::C<0>, cute::tuple<cute::tuple<cute::tuple<cute::C<16>, cute::C<1>>, cute::C<128>>>>>, cute::tuple<cute::C<1>, cute::C<16>, cute::C<128>>>, 16, 128, 3, 2, 192, 1, 1, 1, 0>(T1, T2, T3, T4, T5, T6, T7, T8, T9, T10, T11, cutlass::bfloat16_t *, int, int, int, const long *, int)",1,325950,226950000,37590000,20944488,5021548,21.13,39.46,9.36,18.75,"(1, 96, 1)","(192, 1, 1)",74,/home/mcl123/plena-profiles/ncu/kda_full_stage/20260818T103628Z_gpu3_prefill_b1_s2048_kda_state_update_output
prefill_b1_s2048,gate_rmsnorm,nvjet_sm100_tst_128x256_64x6_2x2_2cta_h_bz_TNT,1,426400,299370000,42350000,64482657,2366521,81.6,40.74,8.98,12.5,"(768, 1, 1)","(256, 1, 1)",255,/home/mcl123/plena-profiles/ncu/kda_full_stage/20260818T103645Z_gpu3_prefill_b1_s2048_gate_rmsnorm
prefill_b1_s2048,gate_rmsnorm,layer_norm_gated_fwd_kernel,1,50590,100700000,23280000,4716852,2406186,69.48,36.81,67.26,75,"(12288, 1, 1)","(128, 1, 1)",40,/home/mcl123/plena-profiles/ncu/kda_full_stage/20260818T103645Z_gpu3_prefill_b1_s2048_gate_rmsnorm
prefill_b1_s2048,out_projection,nvjet_sm100_tst_256x256_64x4_2x4_2cta_h_bz_TNT,1,488320,288880000,19400000,39289286,1401527,66.12,24.67,8.78,12.5,"(224, 1, 1)","(256, 1, 1)",255,/home/mcl123/plena-profiles/ncu/kda_full_stage/20260818T103702Z_gpu3_prefill_b1_s2048_out_projection
decode_b1,qkv_projection,nvjet_sm100_tst_64x8_64x16_2x1_v_bz_splitK_TNT,3,126360,528590000,11450000,25884211,23040,37.648675,64.180367,10.193161,12.5,"(576, 1, 1)","(256, 1, 1)",255,/home/mcl123/plena-profiles/ncu/kda_full_stage/20260818T103717Z_gpu3_decode_b1_qkv_projection
decode_b1,qkv_projection,"void cublasLt::splitKreduce_kernel<32, 16, int, float, __nv_bfloat16, float, __nv_bfloat16, 0, float, __nv_bfloat16, __nv_bfloat16, 1, 0, 0, 0>(cublasLt::cublasSplitKParams<T6>, const T4 *, const T10 *, T9 *, T5 *, const T6 *, const T6 *, const T11 *, const T4 *, T11 *, void *, long, T6 *, int *, T6 *, T6 *, const T6 *, const T6 *, const T6 *, const T6 *, const T6 *)",3,25920,493310,0,34371,4034,9.000679,1.845363,26.038765,100,"(384, 1, 1)","(32, 16, 1)",32,/home/mcl123/plena-profiles/ncu/kda_full_stage/20260818T103717Z_gpu3_decode_b1_qkv_projection
decode_b1,short_conv,causal_conv1d_update_kernel,3,21670,674810,0,47798,20840,9.793521,3.806857,52.997513,100,"(1536, 1, 1)","(128, 1, 1)",18,/home/mcl123/plena-profiles/ncu/kda_full_stage/20260818T103738Z_gpu3_decode_b1_short_conv
decode_b1,decay_beta,nvjet_sm100_tst_32x64_64x16_4x1_v_bz_splitK_TNN,2,22690,3280000,0,223732,810,3.319462,2.415134,10.107364,12.5,"(20, 1, 1);(24, 1, 1)","(256, 1, 1)",255,/home/mcl123/plena-profiles/ncu/kda_full_stage/20260818T103755Z_gpu3_decode_b1_decay_beta
decode_b1,decay_beta,"void cublasLt::splitKreduce_kernel<32, 16, int, float, __nv_bfloat16, float, __nv_bfloat16, 0, float, __nv_bfloat16, __nv_bfloat16, 1, 0, 0, 0>(cublasLt::cublasSplitKParams<T6>, const T4 *, const T10 *, T9 *, T5 *, const T6 *, const T6 *, const T11 *, const T4 *, T11 *, void *, long, T6 *, int *, T6 *, T6 *, const T6 *, const T6 *, const T6 *, const T6 *, const T6 *)",2,14850,38910,0,10290,588,0.114101,2.026909,8.492653,100,"(3, 1, 1);(4, 1, 1)","(32, 16, 1)",32,/home/mcl123/plena-profiles/ncu/kda_full_stage/20260818T103755Z_gpu3_decode_b1_decay_beta
decode_b1,decay_beta,nvjet_sm100_tst_128x8_64x12_4x1_v_bz_TNT,1,8290,3160000,0,153803,1322,2.22,5.75,10.09,12.5,"(96, 1, 1)","(256, 1, 1)",255,/home/mcl123/plena-profiles/ncu/kda_full_stage/20260818T103755Z_gpu3_decode_b1_decay_beta
decode_b1,decay_beta,"void at::unrolled_elementwise_kernel<at::direct_copy_kernel_cuda(at::TensorIteratorBase &)::[lambda() (instance 3)]::operator ()() const::[lambda() (instance 7)]::operator ()() const::[lambda(float) (instance 1)], std::array<char *, 2>, 4, TrivialOffsetCalculator<1, unsigned int>, TrivialOffsetCalculator<1, unsigned int>, at::LoadWithCast<1>, at::StoreWithCast<1>>(int, T1, T2, T4, T5, T6, T7)",1,6370,32260.0,0,9118,123,0.01,2.35,5.73,100,"(1, 1, 1)","(128, 1, 1)",30,/home/mcl123/plena-profiles/ncu/kda_full_stage/20260818T103755Z_gpu3_decode_b1_decay_beta
decode_b1,kda_state_update_output,"void at::vectorized_elementwise_kernel<8, at::FillFunctor<c10::BFloat16>, std::array<char *, 1>>(int, T2, T3)",1,5340,3840,0,1216,1367,0.05,2.89,6.08,100,"(12, 1, 1)","(128, 1, 1)",16,/home/mcl123/plena-profiles/ncu/kda_full_stage/20260818T103816Z_gpu3_decode_b1_kda_state_update_output
decode_b1,kda_state_update_output,fused_recurrent_kda_fwd_kernel,1,12740,6460000,0,313386,296075,13.79,15.58,15.29,25,"(384, 1, 1)","(128, 1, 1)",114,/home/mcl123/plena-profiles/ncu/kda_full_stage/20260818T103816Z_gpu3_decode_b1_kda_state_update_output
decode_b1,gate_rmsnorm,nvjet_sm100_tst_64x8_64x16_2x1_v_bz_splitK_TNT,1,46110,176220000,4080000,8630065,11032,34.62,58.85,10.2,12.5,"(576, 1, 1)","(256, 1, 1)",255,/home/mcl123/plena-profiles/ncu/kda_full_stage/20260818T103837Z_gpu3_decode_b1_gate_rmsnorm
decode_b1,gate_rmsnorm,"void cublasLt::splitKreduce_kernel<32, 16, int, float, __nv_bfloat16, float, __nv_bfloat16, 0, float, __nv_bfloat16, __nv_bfloat16, 1, 0, 0, 0>(cublasLt::cublasSplitKParams<T6>, const T4 *, const T10 *, T9 *, T5 *, const T6 *, const T6 *, const T11 *, const T4 *, T11 *, void *, long, T6 *, int *, T6 *, T6 *, const T6 *, const T6 *, const T6 *, const T6 *, const T6 *)",1,8260,164350,0,11623,1355,9.32,1.9,25.35,100,"(384, 1, 1)","(32, 16, 1)",32,/home/mcl123/plena-profiles/ncu/kda_full_stage/20260818T103837Z_gpu3_decode_b1_gate_rmsnorm
decode_b1,gate_rmsnorm,layer_norm_gated_fwd_kernel,1,6820,54270,0,3894,1210,0.29,2.2,25.79,100,"(6, 1, 1)","(512, 1, 1)",24,/home/mcl123/plena-profiles/ncu/kda_full_stage/20260818T103837Z_gpu3_decode_b1_gate_rmsnorm
decode_b1,out_projection,nvjet_sm100_tst_64x8_64x16_2x1_v_bz_splitK_TNT,1,45120,176210000,4370000,8645523,12924,35.07,60.26,10.38,12.5,"(1008, 1, 1)","(256, 1, 1)",255,/home/mcl123/plena-profiles/ncu/kda_full_stage/20260818T104023Z_gpu3_decode_b1_out_projection
decode_b1,out_projection,"void cublasLt::splitKreduce_kernel<32, 16, int, float, __nv_bfloat16, float, __nv_bfloat16, 0, float, __nv_bfloat16, __nv_bfloat16, 1, 0, 0, 0>(cublasLt::cublasSplitKParams<T6>, const T4 *, const T10 *, T9 *, T5 *, const T6 *, const T6 *, const T11 *, const T4 *, T11 *, void *, long, T6 *, int *, T6 *, T6 *, const T6 *, const T6 *, const T6 *, const T6 *, const T6 *)",1,9410,274940,0,16871,814,5.2,1.59,16,100,"(224, 1, 1)","(32, 16, 1)",32,/home/mcl123/plena-profiles/ncu/kda_full_stage/20260818T104023Z_gpu3_decode_b1_out_projection
decode_b8,qkv_projection,nvjet_sm100_tst_64x8_64x16_2x1_v_bz_splitK_TNT,3,122370,528900000,12680000,25900825,170016,39.255353,66.457669,10.323395,12.5,"(576, 1, 1)","(256, 1, 1)",255,/home/mcl123/plena-profiles/ncu/kda_full_stage/20260818T104041Z_gpu3_decode_b8_qkv_projection
decode_b8,qkv_projection,"void cublasLt::splitKreduce_kernel<32, 16, int, float, __nv_bfloat16, float, __nv_bfloat16, 0, float, __nv_bfloat16, __nv_bfloat16, 1, 0, 0, 0>(cublasLt::cublasSplitKParams<T6>, const T4 *, const T10 *, T9 *, T5 *, const T6 *, const T6 *, const T11 *, const T4 *, T11 *, void *, long, T6 *, int *, T6 *, T6 *, const T6 *, const T6 *, const T6 *, const T6 *, const T6 *)",3,26120,3600000,0,181745,27938,10.81353,2.559215,38.127534,100,"(384, 1, 1)","(32, 16, 1)",32,/home/mcl123/plena-profiles/ncu/kda_full_stage/20260818T104041Z_gpu3_decode_b8_qkv_projection
decode_b8,short_conv,causal_conv1d_update_kernel,3,48870,3250000,0,319376,168000,37.037315,14.787587,56.256918,100,"(1536, 8, 1)","(128, 1, 1)",18,/home/mcl123/plena-profiles/ncu/kda_full_stage/20260818T104105Z_gpu3_decode_b8_short_conv
decode_b8,decay_beta,nvjet_sm100_tst_32x64_64x16_4x1_v_bz_splitK_TNN,2,22910,3480000,0,227266,2068,3.185124,2.412986,9.999153,12.5,"(20, 1, 1);(24, 1, 1)","(256, 1, 1)",255,/home/mcl123/plena-profiles/ncu/kda_full_stage/20260818T104122Z_gpu3_decode_b8_decay_beta
decode_b8,decay_beta,"void cublasLt::splitKreduce_kernel<32, 16, int, float, __nv_bfloat16, float, __nv_bfloat16, 0, float, __nv_bfloat16, __nv_bfloat16, 1, 0, 0, 0>(cublasLt::cublasSplitKParams<T6>, const T4 *, const T10 *, T9 *, T5 *, const T6 *, const T6 *, const T11 *, const T4 *, T11 *, void *, long, T6 *, int *, T6 *, T6 *, const T6 *, const T6 *, const T6 *, const T6 *, const T6 *)",2,17020,72450,0,11436,760,0.122562,1.761469,15.015276,100,"(3, 1, 1);(4, 1, 1)","(32, 16, 1)",32,/home/mcl123/plena-profiles/ncu/kda_full_stage/20260818T104122Z_gpu3_decode_b8_decay_beta
decode_b8,decay_beta,nvjet_sm100_tst_128x8_64x12_4x1_v_bz_TNT,1,8670,3160000,0,153941,9373,2.11,5.51,9.86,12.5,"(96, 1, 1)","(256, 1, 1)",255,/home/mcl123/plena-profiles/ncu/kda_full_stage/20260818T104122Z_gpu3_decode_b8_decay_beta
decode_b8,decay_beta,"void at::unrolled_elementwise_kernel<at::direct_copy_kernel_cuda(at::TensorIteratorBase &)::[lambda() (instance 3)]::operator ()() const::[lambda() (instance 7)]::operator ()() const::[lambda(float) (instance 1)], std::array<char *, 2>, 4, TrivialOffsetCalculator<1, unsigned int>, TrivialOffsetCalculator<1, unsigned int>, at::LoadWithCast<1>, at::StoreWithCast<1>>(int, T1, T2, T4, T5, T6, T7)",1,10050,33540,0,9516,341,0.02,1.48,5.96,100,"(2, 1, 1)","(128, 1, 1)",30,/home/mcl123/plena-profiles/ncu/kda_full_stage/20260818T104122Z_gpu3_decode_b8_decay_beta
decode_b8,kda_state_update_output,"void at::vectorized_elementwise_kernel<8, at::FillFunctor<c10::BFloat16>, std::array<char *, 1>>(int, T2, T3)",1,4960,4100,0,1356,9300,0.35,3.02,6.33,100,"(96, 1, 1)","(128, 1, 1)",16,/home/mcl123/plena-profiles/ncu/kda_full_stage/20260818T104147Z_gpu3_decode_b8_kda_state_update_output
decode_b8,kda_state_update_output,fused_recurrent_kda_fwd_kernel,1,43010,51190000,8710000,2512781,2369490,35.97,42.38,22.73,25,"(3072, 1, 1)","(128, 1, 1)",114,/home/mcl123/plena-profiles/ncu/kda_full_stage/20260818T104147Z_gpu3_decode_b8_kda_state_update_output
decode_b8,gate_rmsnorm,nvjet_sm100_tst_64x8_64x16_2x1_v_bz_splitK_TNT,1,41500,176300000,4580000,8637925,56397,38.95,65.38,10.12,12.5,"(576, 1, 1)","(256, 1, 1)",255,/home/mcl123/plena-profiles/ncu/kda_full_stage/20260818T104203Z_gpu3_decode_b8_gate_rmsnorm
decode_b8,gate_rmsnorm,"void cublasLt::splitKreduce_kernel<32, 16, int, float, __nv_bfloat16, float, __nv_bfloat16, 0, float, __nv_bfloat16, __nv_bfloat16, 1, 0, 0, 0>(cublasLt::cublasSplitKParams<T6>, const T4 *, const T10 *, T9 *, T5 *, const T6 *, const T6 *, const T11 *, const T4 *, T11 *, void *, long, T6 *, int *, T6 *, T6 *, const T6 *, const T6 *, const T6 *, const T6 *, const T6 *)",1,8480,1200000,0,60493,9628,11.28,2.67,38.76,100,"(384, 1, 1)","(32, 16, 1)",32,/home/mcl123/plena-profiles/ncu/kda_full_stage/20260818T104203Z_gpu3_decode_b8_gate_rmsnorm
decode_b8,gate_rmsnorm,layer_norm_gated_fwd_kernel,1,7070,398340,0,20418,9400,2.13,2.11,24.71,100,"(48, 1, 1)","(512, 1, 1)",24,/home/mcl123/plena-profiles/ncu/kda_full_stage/20260818T104203Z_gpu3_decode_b8_gate_rmsnorm
decode_b8,out_projection,nvjet_sm100_tst_64x8_64x16_2x1_v_bz_splitK_TNT,1,41440,176380000,5280000,8648967,97911,39.33,65.9,10.29,12.5,"(1008, 1, 1)","(256, 1, 1)",255,/home/mcl123/plena-profiles/ncu/kda_full_stage/20260818T104221Z_gpu3_decode_b8_out_projection
decode_b8,out_projection,"void cublasLt::splitKreduce_kernel<32, 16, int, float, __nv_bfloat16, float, __nv_bfloat16, 0, float, __nv_bfloat16, __nv_bfloat16, 1, 0, 0, 0>(cublasLt::cublasSplitKParams<T6>, const T4 *, const T10 *, T9 *, T5 *, const T6 *, const T6 *, const T11 *, const T4 *, T11 *, void *, long, T6 *, int *, T6 *, T6 *, const T6 *, const T6 *, const T6 *, const T6 *, const T6 *)",1,9410,2080000,0,99675,5396,6.82,3.33,23.11,100,"(224, 1, 1)","(32, 16, 1)",32,/home/mcl123/plena-profiles/ncu/kda_full_stage/20260818T104221Z_gpu3_decode_b8_out_projection
