component,case,stage,kernel_calls,duration_ns,dram_read_bytes,dram_write_bytes,l2_read_sectors,l2_write_sectors,sm_throughput_pct,memory_throughput_pct,achieved_occupancy_pct,theoretical_occupancy_pct,registers_per_thread,duration_ns_status,dram_read_bytes_status,dram_write_bytes_status,l2_read_sectors_status,l2_write_sectors_status,sm_throughput_pct_status,memory_throughput_pct_status,achieved_occupancy_pct_status,theoretical_occupancy_pct_status,registers_per_thread_status
mla,decode_b1_s2048,attention_core,5,207350,201846450,32300000,10082100,5906749,40.448349,30.804689,43.147662,70.107306,72.844755,supported,supported,supported,supported,supported,supported,supported,supported,supported,supported
mla,decode_b1_s2048,kv_a_projection,1,23870,8290000.0,0,908364,856,23.65,14.19,9.85,12.5,168,supported,supported,supported metric measured zero,supported,supported,supported,supported,supported,supported,supported
mla,decode_b1_s2048,kv_norm_kv_b_projection,9,70010,25326940,0,1232770,5262,2.218622,7.046266,6.557278,80.77239,57.545494,supported,supported,supported metric measured zero,supported,supported,supported,supported,supported,supported,supported
mla,decode_b1_s2048,out_projection_residual,5,105470,352548000,8200000,16796664,7253,24.451419,51.798405,9.200321,25.730065,143.747416,supported,supported,supported,supported,supported,supported,supported,supported,supported,supported
mla,decode_b1_s2048,q_a_projection,1,27970,22050000,0,1725692,755,27.72,17.88,9.85,12.5,168,supported,supported,supported metric measured zero,supported,supported,supported,supported,supported,supported,supported
mla,decode_b1_s2048,q_norm_q_b_projection,9,77560,56809990,166910,2755523,4465,4.511534,12.484763,7.553387,76.129771,65.052604,supported,supported,supported,supported,supported,supported,supported,supported,supported,supported
mla,decode_b1_s2048,rope_cache_append_or_read,4,584290,126042450,45350000,6618542,6713882,52.047518,7.753767,56.462457,100,25.932191,supported,supported,supported,supported,supported,supported,supported,supported,supported,supported
mla,decode_b8_s2048,attention_core,4,1836990,1613096810,912390000,80295280,47203046,49.174885,42.477096,39.46193,54.873666,106.098433,supported,supported,supported,supported,supported,supported,supported,supported,supported,supported
mla,decode_b8_s2048,kv_a_projection,1,22460,8390000,4860,911488,1413,24.93,14.96,9.89,12.5,168,supported,supported,supported,supported,supported,supported,supported,supported,supported,supported
mla,decode_b8_s2048,kv_norm_kv_b_projection,9,74070,25447790,0,1248437,24830,2.154682,6.644773,8.663067,84.843729,51.496152,supported,supported,supported metric measured zero,supported,supported,supported,supported,supported,supported,supported
mla,decode_b8_s2048,out_projection_residual,5,98940,353504800,7880000,16839004,40238,26.346104,55.046775,9.088926,26.950677,141.478876,supported,supported,supported,supported,supported,supported,supported,supported,supported,supported
mla,decode_b8_s2048,q_a_projection,1,28290,22150000,0,1728768,1573,27.35,17.64,9.82,12.5,168,supported,supported,supported metric measured zero,supported,supported,supported,supported,supported,supported,supported
mla,decode_b8_s2048,q_norm_q_b_projection,9,83470,57064490,189700,2773877,26579,4.131816,11.59293,9.45413,80.481011,59.511681,supported,supported,supported,supported,supported,supported,supported,supported,supported,supported
mla,decode_b8_s2048,rope_cache_append_or_read,4,4437670,1008962790,924460000,52859528,54003726,54.796208,8.236978,56.326241,100,25.92894,supported,supported,supported,supported,supported,supported,supported,supported,supported,supported
mla,prefill_s2048,attention_core,4,1117260,327295890,99800000,53954205,11871150,56.091827,56.184728,25.479378,29.84321,177.824329,supported,supported,supported,supported,supported,supported,supported,supported,supported,supported
mla,prefill_s2048,kv_a_projection,1,31460,37630000,4350,5747416,148194,48.02,44.78,8.94,12.5,168,supported,supported,supported,supported,supported,supported,supported,supported,supported,supported
mla,prefill_s2048,kv_norm_kv_b_projection,9,161830,48467900,42320000,9796930,5509681,37.425812,23.193093,25.797083,52.922048,102.819749,supported,supported,supported,supported,supported,supported,supported,supported,supported,supported
mla,prefill_s2048,out_projection_residual,5,983040,841130000,92170000,96166102,9837574,70.391069,28.510826,14.62695,19.350942,155.759603,supported,supported,supported,supported,supported,supported,supported,supported,supported,supported
mla,prefill_s2048,q_a_projection,1,67680,51400000,1490000,10557864,295863,65.09,41.59,8.95,12.5,168,supported,supported,supported,supported,supported,supported,supported,supported,supported,supported
mla,prefill_s2048,q_norm_q_b_projection,9,260690,126117650,30560000,21846260,5897742,53.828159,24.847835,29.956556,48.830507,109.620239,supported,supported,supported,supported,supported,supported,supported,supported,supported,supported
mla,prefill_s2048,rope_cache_append_or_read,2,861250,126140000,64160000,8300219,7078879,65.010248,7.940031,84.893631,100,24,supported,supported,supported,supported,supported,supported,supported,supported,supported,supported
moe,decode_b1_s2048,combine_reduction,16,139930,52643150,7940,2601406,42586,3.461805,7.062841,7.814076,80.425034,51.235046,supported,supported,supported,supported,supported,supported,supported,supported,supported,supported
moe,decode_b1_s2048,dispatch_gather,9,90910,51632220,0,3280189,8042,10.474414,9.800208,7.231443,47.536025,79.720163,supported,supported,supported metric measured zero,supported,supported,supported,supported,supported,supported,supported
moe,decode_b1_s2048,residual,1,6780,35070,0,3454,885,0.04,2.18,6.3,75,40,supported,supported,supported metric measured zero,supported,supported,supported,supported,supported,supported,supported
moe,decode_b1_s2048,routed_down,16,297490,352700000,0,22101818,11899,22.357292,17.801083,9.855137,12.5,168,supported,supported,supported metric measured zero,supported,supported,supported,supported,supported,supported,supported
moe,decode_b1_s2048,routed_gate_up,240,2208260,710382510,0,48675451,196786,7.769894,6.722208,7.339658,70.828446,76.951251,supported,supported,supported metric measured zero,supported,supported,supported,supported,supported,supported,supported
moe,decode_b1_s2048,router_topk,11,129980,38915950,512,2092138,1207555,14.95901,8.259048,30.250283,83.230112,57.622327,supported,supported,supported,supported,supported,supported,supported,supported,supported,supported
moe,decode_b1_s2048,shared_experts,16,178290,264813590,9630000,12717168,21461,13.069478,24.176567,7.831259,59.260895,95.018453,supported,supported,supported,supported,supported,supported,supported,supported,supported,supported
moe,decode_b8_s2048,combine_reduction,16,153380,59132420,5380,2930180,318161,6.092771,7.064895,17.107754,83.274384,48.228452,supported,supported,supported,supported,supported,supported,supported,supported,supported,supported
moe,decode_b8_s2048,dispatch_gather,9,100530,51787760,2300,3298857,48072,10.163448,8.934276,8.316567,57.630807,78.584204,supported,supported,supported,supported,supported,supported,supported,supported,supported,supported
moe,decode_b8_s2048,residual,1,6340,236030,0,12680,5751,0.3,2.35,6.79,75,40,supported,supported,supported metric measured zero,supported,supported,supported,supported,supported,supported,supported
moe,decode_b8_s2048,routed_down,16,288260,353420000,0,22122590,49636,22.86931,18.420363,9.802751,12.5,168,supported,supported,supported metric measured zero,supported,supported,supported,supported,supported,supported,supported
moe,decode_b8_s2048,routed_gate_up,240,2219060,731693520,5380,49801328,1131913,7.930549,6.674273,7.304945,72.769269,72.921255,supported,supported,supported,supported,supported,supported,supported,supported,supported,supported
moe,decode_b8_s2048,router_topk,12,198420,40048300,12800,2789148,1256286,21.680629,28.860874,26.073024,72.728934,49.653563,supported,supported,supported,supported,supported,supported,supported,supported,supported,supported
moe,decode_b8_s2048,shared_experts,16,168200,267550430,9320000,12851318,132405,13.822943,25.511591,7.929722,61.74346,90.263555,supported,supported,supported,supported,supported,supported,supported,supported,supported,supported
moe,prefill_s2048,combine_reduction,16,2289960,1946477650,1246626010,105855560,80585246,63.183047,24.579912,73.822797,83.637214,41.897885,supported,supported,supported,supported,supported,supported,supported,supported,supported,supported
moe,prefill_s2048,dispatch_gather,18,524070,102465150,181410000,20019178,12037843,25.491628,16.924067,27.43174,43.894423,109.765718,supported,supported,supported,supported,supported,supported,supported,supported,supported,supported
moe,prefill_s2048,residual,1,20320,58730000,4320000,2756042,1376786,24.36,46.29,57.58,75,40,supported,supported,supported,supported,supported,supported,supported,supported,supported,supported
moe,prefill_s2048,routed_down,16,1165630,554080000,1493780,80358706,11029428,55.68484,20.45557,8.697513,12.5,168,supported,supported,supported,supported,supported,supported,supported,supported,supported,supported
moe,prefill_s2048,routed_gate_up,240,6107230,6815040000,56820078,486420127,259238584,43.700743,28.515959,55.178709,69.901965,77.168712,supported,supported,supported,supported,supported,supported,supported,supported,supported,supported
moe,prefill_s2048,router_topk,25,1290160,184086370,10360000,31010679,5329940,55.422895,27.112979,21.565473,35.719891,193.138564,supported,supported,supported,supported,supported,supported,supported,supported,supported,supported
moe,prefill_s2048,shared_experts,16,1129560,1185560000,157540000,107106256,33747974,61.35682,31.352367,37.747261,46.00154,114.975893,supported,supported,supported,supported,supported,supported,supported,supported,supported,supported
