onchip_mode,design,dispatch,core,geometry,W_banks,X_banks,n_windows,tasks_mean,assigned_hbm_MiB_mean,assigned_W_MiB_mean,assigned_X_MiB_mean,compute_service_ms_mean,task_wall_ms_mean,phase_wall_ms_mean,core_finish_ms_mean
pipelined,B0,fixed,0,6x4x512,64,24,135,31.214814814814815,872.4222222222222,2670.140740740741,1407.307423683449,0.46507478518518525,3.8462356644427205,3.843019180109014,3.847349560739017
pipelined,B0,milp,0,6x4x512,64,24,135,31.214814814814815,872.4222222222222,2670.140740740741,1407.307423683449,0.4650747851851853,3.8460032253655165,3.8429662204730692,3.8472032846247757
pipelined,B1,fixed,0,1x48x256,64,24,135,31.214814814814815,535.9444444444445,1656.4663194444445,117.17427300347222,0.35899457777777766,2.231191351768687,2.2281264129242664,2.232274877694613
pipelined,B1,milp,0,1x48x256,64,24,135,31.214814814814815,535.9444444444445,1656.4663194444445,117.17427300347222,0.3589945777777777,2.2311744857043965,2.2281316194657945,2.2323745449636547
pipelined,B2,fixed,0,1x48x128,32,12,135,15.096296296296297,269.6222222222222,817.7579861111111,65.99050383391204,0.3154778222222223,2.2544333501226084,2.252495567591242,2.2557127945670525
pipelined,B2,fixed,1,1x48x128,32,12,135,16.118518518518517,275.24444444444447,835.1409722222222,61.84654767071759,0.31134102962962956,2.259840992552249,2.2578071882562614,2.2611221989496997
pipelined,B2,milp,0,1x48x128,32,12,135,14.85925925925926,261.6777777777778,793.8758680555555,73.33678747106481,0.310736325925926,2.069029694189957,2.0677231708393475,2.070292183078847
pipelined,B2,milp,1,1x48x128,32,12,135,16.355555555555554,283.18888888888887,859.0230902777778,54.50026403356482,0.31608252592592584,2.1446720317983465,2.143303986662002,2.145934520687236
pipelined,H33,fixed,0,1x48x128,32,12,135,19.355555555555554,349.22962962962964,1059.0556712962964,102.75073423032407,0.4234785555555557,2.631171771626117,2.628863377749928,2.6324471271816736
pipelined,H33,fixed,1,4x3x512,32,12,135,11.85925925925926,195.92222222222222,600.0806857638889,458.9665183738426,0.9924739777777781,2.617589997734898,2.616447229671574,2.6188719310682314
pipelined,H33,milp,0,1x48x128,32,12,135,17.451851851851853,310.64814814814815,942.2896412037037,107.53087745949074,0.39372705925925944,2.450579206271007,2.4490279146040668,2.451841695159894
pipelined,H33,milp,1,4x3x512,32,12,135,13.762962962962963,234.9111111111111,719.4764756944444,403.4269820601852,1.1849388148148154,2.3303188395505456,2.3292855614700176,2.3315813284394356
pipelined,H42,fixed,0,1x64x128,43,16,135,17.866666666666667,324.5814814814815,973.7444444444444,58.923498987268516,0.2894546666666668,2.286790856146883,2.284776300015909,2.2880673376283642
pipelined,H42,fixed,1,2x32x64,21,8,135,13.348148148148148,220.85555555555555,662.5666666666667,56.75194046585648,0.5792056592592593,2.3128505839404006,2.3114654308623823,2.3141273024589184
pipelined,H42,milp,0,1x64x128,43,16,135,21.496296296296297,371.27037037037036,1113.8111111111111,65.28262442129629,0.3287816592592593,2.335157959630855,2.333224999847995,2.336420448519743
pipelined,H42,milp,1,2x32x64,21,8,135,9.718518518518518,173.55555555555554,520.6666666666666,38.58371491608796,0.4524237629629629,1.7877756639190612,1.7868601497068437,1.7890381528079506
pipelined,H51,fixed,0,1x40x256,53,20,135,27.733333333333334,482.9,1494.7229166666666,120.67974175347223,0.391971888888889,2.247259278992571,2.2450693612776034,2.2485308271407187
pipelined,H51,fixed,1,2x2x512,11,4,135,3.4814814814814814,57.44444444444444,175.8148148148148,157.9167697482639,0.43941451851851826,2.642103587878789,2.641807765656567,2.655420906576881
pipelined,H51,milp,0,1x40x256,53,20,135,28.014814814814816,484.24444444444447,1499.425,123.21324146412037,0.39412964444444465,2.2740620420162334,2.27140315145014,2.275324530905123
pipelined,H51,milp,1,2x2x512,11,4,135,3.2,56.1,171.7,70.03029875578704,0.4236254814814811,1.2161146692533322,1.2157501738944423,1.2173771581422221
pipelined,fixed_4+2,fixed,0,4x4x512,42,16,135,20.118518518518517,913.3666666666667,2795.4555555555557,1003.3086154513888,0.48616488888888953,4.985089744600347,4.983333400416315,4.986398433489235
pipelined,fixed_4+2,fixed,1,2x4x512,22,8,135,11.096296296296297,192.5,589.1666666666666,102.01012550636574,0.10308666666666663,1.7628448788285342,1.7616217677174224,4.65193366610024
pipelined,fixed_4+2,milp,0,4x4x512,42,16,135,19.385185185185186,868.2666666666667,2657.4222222222224,954.1187373408565,0.4621027555555558,4.993879631486962,4.992137735936561,4.995142120375851
pipelined,fixed_4+2,milp,1,2x4x512,22,8,135,11.829629629629629,258.1333333333333,790.0444444444445,138.35071976273147,0.13814471111111112,2.355036602061913,2.3538377457562567,2.356299090950801
port_tight,B0,fixed,0,6x4x512,64,24,135,31.214814814814815,872.4222222222222,2670.140740740741,1407.307423683449,0.4650747851851853,20.7832246719222,20.77888162840405,20.7843385682185
port_tight,B0,milp,0,6x4x512,64,24,135,31.214814814814815,872.4222222222222,2670.140740740741,1407.307423683449,0.4650747851719111,20.782923867325174,20.77829275770091,20.78412392658444
port_tight,B1,fixed,0,3x32x128,64,24,135,31.214814814814815,535.9444444444445,1607.8333333333333,193.11417643229166,0.7996496296296298,12.515494521791146,12.509358757388869,12.516578047717063
port_tight,B1,milp,0,3x32x128,64,24,135,31.214814814814815,535.9444444444445,1607.8333333333333,193.11417643229166,0.79964962960583,12.515419550096892,12.50919011275769,12.516619609356164
port_tight,B2,fixed,0,3x16x128,32,12,135,15.022222222222222,274.3888888888889,823.1666666666666,223.34932725694443,0.8126541037037035,12.813665335815696,12.810805118244168,12.814939032111996
port_tight,B2,fixed,1,3x16x128,32,12,135,16.192592592592593,270.35555555555555,811.0666666666667,181.51559244791667,0.7963006222222221,12.625439175726612,12.622369078737993,12.626718679430313
port_tight,B2,milp,0,3x16x128,32,12,135,15.362962962962962,269.9888888888889,809.9666666666667,225.46598668981483,0.8019117036684471,12.60842904127293,12.605250728834054,12.60969153016181
port_tight,B2,milp,1,3x16x128,32,12,135,15.851851851851851,274.75555555555553,824.2666666666667,179.3989330150463,0.8070430221904443,12.831050812740893,12.827825196682214,12.832313301629775
port_tight,H33,fixed,0,3x16x128,32,12,135,15.059259259259258,274.26666666666665,822.8,226.3818142361111,0.8108776296296292,12.807991434144169,12.805149369766806,12.809268834130615
port_tight,H33,fixed,1,3x16x128,32,12,135,16.155555555555555,270.6,811.8,194.6724898726852,0.7977283555555552,12.636821997381597,12.633780123566524,12.638104582566779
port_tight,H33,milp,0,3x16x128,32,12,135,15.37037037037037,270.1111111111111,810.3333333333334,231.72306315104166,0.8013314962610645,12.614136964647415,12.610956921426647,12.615399453536297
port_tight,H33,milp,1,3x16x128,32,12,135,15.844444444444445,274.75555555555553,824.2666666666667,189.33124095775463,0.8072744888559433,12.830993375730298,12.827768542003312,12.83225586461918
port_tight,H42,fixed,0,1x32x128,32,4,135,15.555555555555555,266.3222222222222,798.9666666666667,64.02741608796296,0.39816047406866517,12.436911375690096,12.43250289919178,12.700698592832952
port_tight,H42,fixed,1,2x32x128,32,20,135,15.65925925925926,273.9,821.7,143.45675998263889,0.43662998518244894,12.79070288581355,12.786197071920936,12.791976389517254
port_tight,H42,milp,0,1x32x128,32,4,135,16.0,265.22222222222223,795.6666666666666,61.928909866898145,0.39542216296296007,12.385777239945785,12.380800737765734,12.387039728834669
port_tight,H42,milp,1,2x32x128,32,20,135,15.214814814814815,271.94444444444446,815.8333333333334,146.2468117042824,0.43492314074074073,12.69960929952372,12.694881234451831,12.700871788412611
port_tight,H51,fixed,0,2x20x256,32,12,135,15.548148148148147,267.5444444444444,821.7889467592593,184.90338903356482,0.39543405185185176,12.792065279999989,12.790980598518523,12.793340042962967
port_tight,H51,fixed,1,8x4x64,32,12,135,15.666666666666666,269.74444444444447,809.2333333333333,998.2646827980324,5.535381096296302,12.855170543453157,12.853614229869956,12.856458165675384
port_tight,H51,milp,0,2x20x256,32,12,135,15.066666666666666,264.6111111111111,812.0594618055555,212.8755389178241,0.39400801481481484,12.640810504225001,12.635329436811178,12.642072993113889
port_tight,H51,milp,1,8x4x64,32,12,135,16.14814814814815,271.3333333333333,814.0,871.2303132233797,5.566054874074076,12.786749352013912,12.785165119139444,12.788011840902803
port_tight,fixed_4+2,fixed,0,4x4x512,42,16,135,22.237037037037037,948.3222222222222,2902.4407407407407,1039.624242259838,0.5048841185185203,34.42137813107587,34.41974067922402,34.42266050885365
port_tight,fixed_4+2,fixed,1,2x4x512,22,8,135,8.977777777777778,153.51111111111112,469.837037037037,81.35440176504629,0.08220752592592594,10.637963705319876,10.636973838653217,32.39797752606065
port_tight,fixed_4+2,milp,0,4x4x512,42,16,135,19.05925925925926,791.2666666666667,2421.7555555555555,867.6091634114583,0.4208315851820723,28.7211174529859,28.71769776519203,28.722379941874774
port_tight,fixed_4+2,milp,1,2x4x512,22,8,135,12.155555555555555,409.3222222222222,1252.7740740740742,223.1819408275463,0.21914515555555558,28.363559063036917,28.360489409245975,28.364821551925807
