window_id,dispatch,Me,actual_cycles,core,current_end,expert_id,expert_index,finish,first_weight_ready,nominal_cycles,predicted_cycles,predicted_finish,prefetch_request,shape,start,HBM_MiB,X_service_ms
v3_captured_mixed_heldout_bfcl_t128_l2,eft_old,30,87841.73511567722,0,,0,0,93309.06844901055,5634.908979822155,84392.0,85214.85290527344,90682.18623860677,,1x40x256,5467.333333333333,16.5,0.084264
v3_captured_mixed_heldout_bfcl_t128_l2,eft_old,1,301021.0909090909,1,,1,1,306492.4242424242,5570.242424242424,300997.8181818182,300947.2966974432,306418.6300307765,,2x2x512,5471.333333333333,16.5,0.27868
v3_captured_mixed_heldout_bfcl_t128_l2,eft_old,10,87774.27206558609,0,93309.06844901055,2,2,181083.34051459664,93375.44952036269,67712.0,69209.111328125,162518.17977713555,93170.26302414725,1x40x256,93309.06844901055,16.5,0.014512
v3_captured_mixed_heldout_bfcl_t128_l2,eft_old,16,86540.14958578526,0,181083.34051459664,3,3,267623.4901003819,181115.9900609032,67712.0,69209.111328125,250292.45184272164,180877.0720396422,1x40x256,181083.34051459664,16.5,0.03776
v3_captured_mixed_heldout_bfcl_t128_l2,eft_old,5,78928.18752334191,0,267623.4901003819,4,4,346551.6776237238,267754.9446699793,67712.0,69035.533203125,336659.0233035069,267588.89455608407,1x40x256,267623.4901003819,16.5,0.007256
v3_captured_mixed_heldout_bfcl_t128_l2,eft_old,3,827720.0000000003,1,306492.4242424242,5,5,1134212.4242424245,302592.23691460054,827784.0,827758.7380371094,1134251.1622795337,302467.9393939394,2x2x512,306492.4242424242,16.5,0.827656
v3_captured_mixed_heldout_bfcl_t128_l2,eft_old,5,72945.93740114383,0,346551.6776237238,6,6,419501.61502486764,346705.82890694804,67712.0,71509.021484375,418064.6991080988,,1x40x256,346555.6776237238,16.5,0.007256
v3_captured_mixed_heldout_bfcl_t128_l2,eft_old,11,72878.38184558833,0,419501.61502486764,7,7,492379.996870456,419550.43297475856,67712.0,77023.2265625,496524.84158736764,419362.9483582011,1x40x256,419501.61502486764,16.5,0.0159632
v3_captured_mixed_heldout_bfcl_t128_l2,eft_old,11,72855.86332706985,0,492379.996870456,8,8,565235.8601975258,492395.0370425691,67712.0,77023.2265625,569403.223432956,492173.7746482338,1x40x256,492379.996870456,16.5,0.0159632
v3_captured_mixed_heldout_bfcl_t128_l2,eft_old,8,72848.35715423024,0,565235.8601975258,9,9,638084.2173517561,565239.6411103796,67712.0,71868.576171875,637104.4363694008,565007.119456785,1x40x256,565235.8601975258,16.5,0.011609600000000001
v3_captured_mixed_heldout_bfcl_t128_l2,eft_old,5,72844.63189424458,0,638084.2173517561,10,10,710928.8492460006,638084.2451781901,67712.0,71868.576171875,709952.7935236311,637847.9704381757,1x40x256,638084.2173517561,16.5,0.007256
v3_captured_mixed_heldout_bfcl_t128_l2,eft_old,8,72844.60406781046,0,710928.8492460006,11,11,783773.4533138111,710927.6260436281,67712.0,72113.4453125,783042.2945585006,710691.3234771796,1x40x256,710928.8492460006,16.5,0.011609600000000001
v3_captured_mixed_heldout_bfcl_t128_l2,eft_old,22,72844.60406781058,0,783773.4533138111,12,12,856618.0573816217,783772.2208359606,67712.0,68899.150390625,852672.6037044361,783535.9182695121,1x40x256,783773.4533138111,16.5,0.0617936
v3_captured_mixed_heldout_bfcl_t128_l2,eft_old,2,72844.60406781058,0,856618.0573816217,13,13,929462.6614494323,856616.824903771,67712.0,70128.662109375,926746.7194909967,856380.5223373226,1x40x256,856618.0573816217,16.5,0.0029024000000000003
v3_captured_mixed_heldout_bfcl_t128_l2,eft_old,22,75992.46479951695,0,929462.6614494323,14,14,1005455.1262489492,929461.4289715816,67712.0,69885.859375,999348.5208244323,929225.1264051332,1x40x256,929462.6614494323,16.5,0.0617936
v3_captured_mixed_heldout_bfcl_t128_l2,eft_old,6,76385.97436074028,0,1005455.1262489492,15,15,1081841.1006096895,1005324.998660443,67712.0,72433.73828125,1077888.8645301992,1005080.3084668857,1x40x256,1005455.1262489492,16.5,0.0087072
v3_captured_mixed_heldout_bfcl_t128_l2,eft_old,10,74240.01593902684,0,1081841.1006096895,16,16,1156081.1165487163,1081842.664007542,67712.0,75203.755859375,1157044.8564690645,1081599.537211837,1x40x256,1081841.1006096895,16.5,0.014512
v3_captured_mixed_heldout_bfcl_t128_l2,eft_old,8,2195935.9999999916,1,1134212.4242424245,17,17,3330152.424242416,1134536.4867424245,2195936.0,2195902.4926757812,3330118.916918206,,2x2x512,1134216.4242424245,16.5,2.195808
v3_captured_mixed_heldout_bfcl_t128_l2,eft_old,10,69928.91307634139,0,1156081.1165487163,18,18,1226014.0296250577,1156231.6965436772,67712.0,74963.01953125,1231048.1360799663,,1x40x256,1156085.1165487163,16.5,0.014512
v3_captured_mixed_heldout_bfcl_t128_l2,eft_old,20,69861.35752078588,0,1226014.0296250577,19,19,1295875.3871458436,1226059.2762866854,67712.0,71412.93359375,1297426.9632188077,1225875.3629583912,1x40x256,1226014.0296250577,16.5,0.056176
v3_captured_mixed_heldout_bfcl_t128_l2,eft_old,12,69838.83900226746,0,1295875.3871458436,20,20,1365714.226148111,1295886.8560296935,67712.0,73704.578125,1369579.9652708436,1295669.1649236216,1x40x256,1295875.3871458436,16.5,0.0174144
v3_captured_mixed_heldout_bfcl_t128_l2,eft_old,3,69827.78936759871,0,1365714.226148111,21,21,1435542.0155157098,1365714.4357727016,67712.0,69028.30078125,1434742.526929361,1365485.4854073704,1x40x256,1365714.226148111,16.5,0.0043536
v3_captured_mixed_heldout_bfcl_t128_l2,eft_old,7,69827.57974300813,0,1435542.0155157098,22,22,1505369.595258718,1435538.4720538806,67712.0,73421.48046875,1508963.4959844598,1435309.3120639587,1x40x256,1435542.0155157098,16.5,0.0101584
v3_captured_mixed_heldout_bfcl_t128_l2,eft_old,3,69827.57974300813,0,1505369.595258718,23,23,1575197.175001726,1505365.981922025,67712.0,69227.708984375,1574597.304243093,1505136.8219321033,1x40x256,1505369.595258718,16.5,0.0043536
v3_captured_mixed_heldout_bfcl_t128_l2,eft_old,13,69827.57974300813,0,1575197.175001726,24,24,1645024.7547447341,1575193.5616650332,67712.0,72738.533203125,1647935.708204851,1574964.4016751114,1x40x256,1575197.175001726,16.5,0.0188656
v3_captured_mixed_heldout_bfcl_t128_l2,eft_old,8,69827.57974300813,0,1645024.7547447341,25,25,1714852.3344877423,1645021.1414080414,67712.0,72522.59375,1717547.3484947341,1644791.9814181195,1x40x256,1645024.7547447341,16.5,0.011609600000000001
v3_captured_mixed_heldout_bfcl_t128_l2,eft_old,4,69827.57974300813,0,1714852.3344877423,26,26,1784679.9142307504,1714848.7211510495,67712.0,69377.5234375,1784229.8579252423,1714619.5611611276,1x40x256,1714852.3344877423,16.5,0.005804800000000001
v3_captured_mixed_heldout_bfcl_t128_l2,eft_old,4,69827.57974300813,0,1784679.9142307504,27,27,1854507.4939737585,1784676.3008940576,67712.0,69377.5234375,1854057.4376682504,1784447.1409041358,1x40x256,1784679.9142307504,16.5,0.005804800000000001
v3_captured_mixed_heldout_bfcl_t128_l2,eft_old,2,69827.57974300813,0,1854507.4939737585,28,28,1924335.0737167667,1854503.8806370657,67712.0,70807.4765625,1925314.9705362585,1854274.720647144,1x40x256,1854507.4939737585,16.5,0.0029024000000000003
v3_captured_mixed_heldout_bfcl_t128_l2,eft_old,5,69827.57974300813,0,1924335.0737167667,29,29,1994162.6534597748,1924331.4603800739,67712.0,71848.9453125,1996184.0190292667,1924102.300390152,1x40x256,1924335.0737167667,16.5,0.007256
v3_captured_mixed_heldout_bfcl_t128_l2,eft_old,26,73169.61908083083,0,1994162.6534597748,30,30,2067332.2725406056,1994159.040123082,73156.8,76736.72336425782,2070899.3768240325,1993929.8801331602,1x40x256,1994162.6534597748,16.5,0.0730288
v3_captured_mixed_heldout_bfcl_t128_l2,eft_old,4,69827.57974300813,0,2067332.2725406056,31,31,2137159.8522836138,2066828.0801163632,67712.0,69574.865234375,2136907.1377749806,2066598.9201264414,1x40x256,2067332.2725406056,16.5,0.005804800000000001
v3_captured_mixed_heldout_bfcl_t128_l2,eft_old,8,69827.57974300813,0,2137159.8522836138,32,32,2206987.432026622,2137156.238946921,67712.0,71343.708984375,2208503.5612679888,2136927.0789569994,1x40x256,2137159.8522836138,16.5,0.011609600000000001
v3_captured_mixed_heldout_bfcl_t128_l2,eft_old,29,81585.82589901239,0,2206987.432026622,33,33,2288573.2579256343,2206983.8186899293,81583.2,84580.82490234375,2291568.2569289654,2206754.6587000075,1x40x256,2206987.432026622,16.5,0.08145519999999999
v3_captured_mixed_heldout_bfcl_t128_l2,eft_old,19,69827.57974300813,0,2288573.2579256343,34,34,2358400.8376686424,2288017.65868321,67712.0,70199.953125,2358773.2110506343,2287788.4986932883,1x40x256,2288573.2579256343,16.5,0.04484
v3_captured_mixed_heldout_bfcl_t128_l2,eft_old,19,69827.57974300813,0,2358400.8376686424,35,35,2428228.4174116505,2358397.22433195,67712.0,69578.998046875,2427979.8357155174,2358168.064342028,1x40x256,2358400.8376686424,16.5,0.04484
v3_captured_mixed_heldout_bfcl_t128_l2,eft_old,40,112445.25089901267,0,2428228.4174116505,36,36,2540673.668310663,2428224.804074958,112480.0,112641.3330078125,2540869.750419463,2427995.644085036,1x40x256,2428228.4174116505,16.5,0.112352
v3_captured_mixed_heldout_bfcl_t128_l2,eft_old,28,78780.19360835245,0,2540673.668310663,37,37,2619453.8619190156,2539929.5774015724,78774.4,81072.627734375,2621746.2960450384,2539700.4174116505,1x40x256,2540673.668310663,16.5,0.07864639999999999
v3_captured_mixed_heldout_bfcl_t128_l2,eft_old,7,69730.42016806686,0,2619453.8619190156,38,38,2689184.2820870825,2618915.3982826523,67712.0,70964.5234375,2690418.3853565156,2618686.4683106635,1x40x256,2619453.8619190156,16.5,0.0101584
v3_captured_mixed_heldout_bfcl_t128_l2,eft_old,10,69730.42016806686,0,2689184.2820870825,39,39,2758914.7022551494,2689180.592077745,67712.0,72011.158203125,2761195.4402902075,2688951.6621057563,1x40x256,2689184.2820870825,16.5,0.014512
v3_captured_mixed_heldout_bfcl_t128_l2,eft_old,9,69730.42016806686,0,2758914.7022551494,40,40,2828645.1224232162,2758911.012245812,67712.0,72011.158203125,2830925.8604582744,2758682.082273823,1x40x256,2758914.7022551494,16.5,0.0130608
v3_captured_mixed_heldout_bfcl_t128_l2,eft_old,3,69730.42016806686,0,2828645.1224232162,41,41,2898375.542591283,2828641.432413879,67712.0,69637.890625,2898283.0130482162,2828412.50244189,1x40x256,2828645.1224232162,16.5,0.0043536
v3_captured_mixed_heldout_bfcl_t128_l2,eft_old,20,69730.42016806686,0,2898375.542591283,42,42,2968105.96275935,2898371.8525819457,67712.0,69194.646484375,2967570.189075658,2898142.922609957,1x40x256,2898375.542591283,16.5,0.056176
v3_captured_mixed_heldout_bfcl_t128_l2,eft_old,4,69730.42016806686,0,2968105.96275935,43,43,3037836.382927417,2968102.2727500126,67712.0,69660.62109375,3037766.5838531,2967873.342778024,1x40x256,2968105.96275935,16.5,0.005804800000000001
v3_captured_mixed_heldout_bfcl_t128_l2,eft_old,27,75974.79133562511,0,3037836.382927417,44,44,3113811.174263042,3037832.6929180794,75965.6,77779.65889892579,3115616.0418263427,3037603.7629460907,1x40x256,3037836.382927417,16.5,0.0758376
v3_captured_mixed_heldout_bfcl_t128_l2,eft_old,8,69730.42016806686,0,3113811.174263042,45,45,3183541.594431109,3113289.846232739,67712.0,70655.595703125,3184466.769966167,3113060.91626075,1x40x256,3113811.174263042,16.5,0.011609600000000001
v3_captured_mixed_heldout_bfcl_t128_l2,eft_old,18,69730.42016806686,0,3183541.594431109,46,46,3253272.0145991757,3183537.9044217714,67712.0,68927.046875,3252468.641306109,3183308.9744497826,1x40x256,3183541.594431109,16.5,0.04248
v3_captured_mixed_heldout_bfcl_t128_l2,eft_old,29,81592.20977921458,0,3253272.0145991757,47,47,3334864.2243783902,3253268.3245898383,81583.2,83047.15634765624,3336319.170946832,3253039.3946178495,1x40x256,3253272.0145991757,16.5,0.08145519999999999
v3_captured_mixed_heldout_bfcl_t128_l2,eft_old,6,1646920.0000000033,1,3330152.424242416,48,48,4977072.424242419,3308486.1000833944,1646984.0,1646958.8690185547,4977111.293260971,3308395.0909090824,2x2x512,3330152.424242416,16.5,1.646856
v3_captured_mixed_heldout_bfcl_t128_l2,eft_old,1,70585.14211623091,0,3334864.2243783902,49,49,3405449.366494621,3334310.1552721905,67712.0,70265.044921875,3405129.2693002652,3334079.201810741,1x40x256,3334864.2243783902,16.5,0.0014512000000000001
v3_captured_mixed_heldout_bfcl_t128_l2,eft_old,5,70585.14211623091,0,3405449.366494621,50,50,3476034.508610852,3405446.3509817705,67712.0,70424.158203125,3475873.524697746,3405215.397520321,1x40x256,3405449.366494621,16.5,0.007256
v3_captured_mixed_heldout_bfcl_t128_l2,eft_old,11,70585.14211623091,0,3476034.508610852,51,51,3546619.650727083,3476031.4930980015,67712.0,71013.083984375,3547047.592595227,3475800.539636552,1x40x256,3476034.508610852,16.5,0.0159632
v3_captured_mixed_heldout_bfcl_t128_l2,eft_old,8,70585.14211623091,0,3546619.650727083,52,52,3617204.792843314,3546616.6352142324,67712.0,70464.453125,3617084.103852083,3546385.681752783,1x40x256,3546619.650727083,16.5,0.011609600000000001
v3_captured_mixed_heldout_bfcl_t128_l2,eft_old,5,70585.14211623091,0,3617204.792843314,53,53,3687789.934959545,3617201.7773304633,67712.0,70464.453125,3687669.245968314,3616970.8238690137,1x40x256,3617204.792843314,16.5,0.007256
v3_captured_mixed_heldout_bfcl_t128_l2,eft_old,7,70585.14211623091,0,3687789.934959545,54,54,3758375.0770757757,3687786.919446694,67712.0,70494.416015625,3758284.35097517,3687555.9659852446,1x40x256,3687789.934959545,16.5,0.0101584
v3_captured_mixed_heldout_bfcl_t128_l2,eft_old,5,70585.14211623091,0,3758375.0770757757,55,55,3828960.2191920066,3758372.061562925,67712.0,70517.146484375,3828892.2235601507,3758141.1081014755,1x40x256,3758375.0770757757,16.5,0.007256
v3_captured_mixed_heldout_bfcl_t128_l2,eft_old,3,70585.14211623091,0,3828960.2191920066,56,56,3899545.3613082375,3828957.203679156,67712.0,69678.185546875,3898638.4047388816,3828726.2502177064,1x40x256,3828960.2191920066,16.5,0.0043536
v3_captured_mixed_heldout_bfcl_t128_l2,eft_old,39,109641.64209781308,0,3899545.3613082375,57,57,4009187.0034060506,3899542.345795387,109671.2,109779.97423095703,4009325.3355391948,3899311.3923339373,1x40x256,3899545.3613082375,16.5,0.1095432
v3_captured_mixed_heldout_bfcl_t128_l2,eft_old,1,70585.14211623091,0,4009187.0034060506,58,58,4079772.1455222815,4008460.04810302,67712.0,70344.6015625,4079531.6049685506,4008229.0946415705,1x40x256,4009187.0034060506,16.5,0.0014512000000000001
v3_captured_mixed_heldout_bfcl_t128_l2,eft_old,31,87198.42391599528,0,4079772.1455222815,59,59,4166970.569438277,4079769.130009431,87200.8,88569.9653930664,4168342.110915348,4079538.1765479813,1x40x256,4079772.1455222815,16.5,0.0870728
v3_captured_mixed_heldout_bfcl_t128_l2,eft_old,38,106836.23982508574,0,4166970.569438277,60,60,4273806.809263363,4166380.698983731,106862.4,106934.14599609375,4273904.715434371,4166149.7455222816,1x40x256,4166970.569438277,16.5,0.1067344
v3_captured_mixed_heldout_bfcl_t128_l2,eft_old,12,70585.14211623091,0,4273806.809263363,61,61,4344391.951379593,4273096.989566392,67712.0,70905.630859375,4344712.440122738,4272866.036104943,1x40x256,4273806.809263363,16.5,0.0174144
v3_captured_mixed_heldout_bfcl_t128_l2,eft_old,7,70571.13570086658,0,4344391.951379593,62,62,4414963.08708046,4344388.935866743,67712.0,70546.076171875,4414938.027551468,4344157.982405294,1x40x256,4344391.951379593,16.5,0.0101584
v3_captured_mixed_heldout_bfcl_t128_l2,eft_old,7,70458.71306015458,0,4414963.08708046,63,63,4485421.800140615,4414968.426555709,67712.0,70546.076171875,4485509.163252335,4414743.124521525,1x40x256,4414963.08708046,16.5,0.0101584
v3_captured_mixed_heldout_bfcl_t128_l2,eft_old,128,702169.6000000006,0,4485421.800140615,-1,64,5187591.400140615,4485420.460468842,702233.6,702180.023828125,5187601.823968739,4485189.8189594075,1x40x256,4485421.800140615,99.0,0.7018496
v3_captured_mixed_heldout_bfcl_t128_l2,fixed,30,84393.68545830692,0,1124465.3215264366,0,0,1208859.0069847435,1123875.451071891,84392.0,86417.58312988281,1210882.9046563194,1123643.8337954022,1x40x256,1124465.3215264366,16.5,0.084264
v3_captured_mixed_heldout_bfcl_t128_l2,fixed,1,68536.90621371195,0,4209076.117923352,1,1,4277613.024137064,4209119.796815913,67712.0,73104.287109375,4282180.405032727,4208937.451256685,1x40x256,4209076.117923352,16.5,0.0014512000000000001
v3_captured_mixed_heldout_bfcl_t128_l2,fixed,10,70585.14211623091,0,2943259.282676425,2,2,3013844.4247926557,2943256.267163574,67712.0,69470.51171875,3012729.794395175,2943025.3137021246,1x40x256,2943259.282676425,16.5,0.014512
v3_captured_mixed_heldout_bfcl_t128_l2,fixed,16,70585.14211623091,0,3013844.4247926557,3,3,3084429.5669088867,3013841.409279805,67712.0,69470.51171875,3083314.9365114057,3013610.4558183555,1x40x256,3013844.4247926557,16.5,0.03776
v3_captured_mixed_heldout_bfcl_t128_l2,fixed,5,1511771.9999999986,1,,4,4,2440894.7575757564,929362.7966382577,1511772.0,1511748.9321899414,2440871.689765699,,2x2x512,929122.7575757577,16.5,1.511644
v3_captured_mixed_heldout_bfcl_t128_l2,fixed,3,68513.02955071721,0,4277613.024137064,5,5,4346126.053687781,4277622.925251847,67712.0,69463.279296875,4347076.303433939,4277406.801914841,1x40x256,4277613.024137064,16.5,0.0043536
v3_captured_mixed_heldout_bfcl_t128_l2,fixed,5,70865.53758891602,0,1599968.0092762785,6,6,1670833.5468651946,1599463.8168520362,67712.0,69730.87890625,1669698.8881825285,1599232.1995755474,1x40x256,1599968.0092762785,16.5,0.007256
v3_captured_mixed_heldout_bfcl_t128_l2,fixed,11,70585.14211623091,0,3084429.5669088867,7,7,3155014.7090251176,3084426.551396036,67712.0,69749.4765625,3154179.0434713867,3084195.5979345865,1x40x256,3084429.5669088867,16.5,0.0159632
v3_captured_mixed_heldout_bfcl_t128_l2,fixed,11,70585.14211623091,0,3155014.7090251176,8,8,3225599.8511413485,3155011.693512267,67712.0,69958.18359375,3224972.8926188676,3154780.7400508174,1x40x256,3155014.7090251176,16.5,0.0159632
v3_captured_mixed_heldout_bfcl_t128_l2,fixed,8,70865.53758891602,0,1670833.5468651946,9,9,1741699.0844541106,1670830.7526240242,67712.0,69730.87890625,1740564.4257714446,1670599.1353475354,1x40x256,1670833.5468651946,16.5,0.011609600000000001
v3_captured_mixed_heldout_bfcl_t128_l2,fixed,5,70865.53758891602,0,1741699.0844541106,10,10,1812564.6220430266,1741696.2902129402,67712.0,70015.009765625,1811714.0942197356,1741464.6729364514,1x40x256,1741699.0844541106,16.5,0.007256
v3_captured_mixed_heldout_bfcl_t128_l2,fixed,8,70865.53758891602,0,1812564.6220430266,11,11,1883430.1596319426,1812561.8278018562,67712.0,70227.849609375,1882792.4716524016,1812330.2105253674,1x40x256,1812564.6220430266,16.5,0.011609600000000001
v3_captured_mixed_heldout_bfcl_t128_l2,fixed,22,70453.37358490564,0,3789778.467024627,12,12,3860231.840609533,3789775.347527772,67712.0,67936.205078125,3857714.672102752,3789544.7060183384,1x40x256,3789778.467024627,16.5,0.0617936
v3_captured_mixed_heldout_bfcl_t128_l2,fixed,2,68503.12843593396,0,4346126.053687781,13,13,4414629.182123715,4346124.695543305,67712.0,69502.541015625,4415628.594703406,4345898.671091516,1x40x256,4346126.053687781,16.5,0.0029024000000000003
v3_captured_mixed_heldout_bfcl_t128_l2,fixed,22,70453.37358490564,0,3860231.840609533,14,14,3930685.2141944384,3860228.721112678,67712.0,67936.205078125,3928168.045687658,3859998.079603244,1x40x256,3860231.840609533,16.5,0.0617936
v3_captured_mixed_heldout_bfcl_t128_l2,fixed,6,70763.76481263177,0,1883430.1596319426,15,15,1954193.9244445744,1883427.3653907722,67712.0,70386.962890625,1953817.1225225676,1883195.7481142834,1x40x256,1883430.1596319426,16.5,0.0087072
v3_captured_mixed_heldout_bfcl_t128_l2,fixed,10,70585.14211623091,0,3225599.8511413485,16,16,3296184.9932575794,3225596.835628498,67712.0,70115.23046875,3295715.0816100985,3225365.8821670483,1x40x256,3225599.8511413485,16.5,0.014512
v3_captured_mixed_heldout_bfcl_t128_l2,fixed,8,70726.16028733831,0,1954193.9244445744,17,17,2024920.0847319127,1954217.7492377218,67712.0,70506.814453125,2024700.7388976994,1954010.3312325152,1x40x256,1954193.9244445744,16.5,0.011609600000000001
v3_captured_mixed_heldout_bfcl_t128_l2,fixed,10,70585.14211623091,0,3296184.9932575794,18,18,3366770.1353738103,3296181.977744729,67712.0,70233.015625,3366418.0088825794,3295951.024283279,1x40x256,3296184.9932575794,16.5,0.014512
v3_captured_mixed_heldout_bfcl_t128_l2,fixed,20,70453.37358490564,0,3930685.2141944384,19,19,4001138.587779344,3930682.0946975835,67712.0,68565.42578125,3999250.6399756884,3930451.4531881497,1x40x256,3930685.2141944384,16.5,0.056176
v3_captured_mixed_heldout_bfcl_t128_l2,fixed,12,70585.14211623091,0,3366770.1353738103,20,20,3437355.277490041,3366767.1198609597,67712.0,70320.837890625,3437090.9732644353,3366536.16639951,1x40x256,3366770.1353738103,16.5,0.0174144
v3_captured_mixed_heldout_bfcl_t128_l2,fixed,3,68503.12843593396,0,4414629.182123715,21,21,4483132.310559649,4414624.523607645,67712.0,69225.642578125,4483854.82470184,4414398.499155856,1x40x256,4414629.182123715,16.5,0.0043536
v3_captured_mixed_heldout_bfcl_t128_l2,fixed,7,70712.38055519178,0,2024920.0847319127,22,22,2095632.4652871045,2024925.1072624133,67712.0,70570.873046875,2095490.9577787877,2024698.8869945598,1x40x256,2024920.0847319127,16.5,0.0101584
v3_captured_mixed_heldout_bfcl_t128_l2,fixed,3,68503.12843593396,0,4483132.310559649,23,23,4551635.438995583,4483127.652043579,67712.0,69225.642578125,4552357.953137774,4482901.62759179,1x40x256,4483132.310559649,16.5,0.0043536
v3_captured_mixed_heldout_bfcl_t128_l2,fixed,13,70585.14211623091,0,3437355.277490041,24,24,3507940.419606272,3437352.2619771906,67712.0,70386.962890625,3507742.240380666,3437121.308515741,1x40x256,3437355.277490041,16.5,0.0188656
v3_captured_mixed_heldout_bfcl_t128_l2,fixed,8,70707.35802469146,0,2095632.4652871045,25,25,2166339.823311796,2095631.2203967227,67712.0,70610.134765625,2166242.6000527292,2095399.9775983687,1x40x256,2095632.4652871045,16.5,0.011609600000000001
v3_captured_mixed_heldout_bfcl_t128_l2,fixed,4,68503.12843593396,0,4551635.438995583,26,26,4620138.567431517,4551630.780479513,67712.0,69044.83203125,4620680.271026833,4551404.756027724,1x40x256,4551635.438995583,16.5,0.005804800000000001
v3_captured_mixed_heldout_bfcl_t128_l2,fixed,4,68503.12843593396,0,4620138.567431517,27,27,4688641.695867451,4620133.908915447,67712.0,68909.482421875,4689048.049853392,4619907.884463658,1x40x256,4620138.567431517,16.5,0.005804800000000001
v3_captured_mixed_heldout_bfcl_t128_l2,fixed,2,68503.12843593396,0,4688641.695867451,28,28,4757144.824303385,4688637.037351381,67712.0,69252.505859375,4757894.201726826,4688411.012899592,1x40x256,4688641.695867451,16.5,0.0029024000000000003
v3_captured_mixed_heldout_bfcl_t128_l2,fixed,5,70707.35802469123,0,2166339.823311796,29,29,2237047.181336487,2166336.904244581,67712.0,70635.96484375,2236975.788155546,2166105.6614462268,1x40x256,2166339.823311796,16.5,0.007256
v3_captured_mixed_heldout_bfcl_t128_l2,fixed,26,73172.07636739779,0,1526795.9329088808,30,30,1599968.0092762785,1526274.6048785776,73156.8,73577.6391357422,1600373.5720446229,1526042.9876020888,1x40x256,1526795.9329088808,16.5,0.0730288
v3_captured_mixed_heldout_bfcl_t128_l2,fixed,4,68503.12843593396,0,4757144.824303385,31,31,4825647.952739319,4757140.165787315,67712.0,68731.771484375,4825876.59578776,4756914.141335526,1x40x256,4757144.824303385,16.5,0.005804800000000001
v3_captured_mixed_heldout_bfcl_t128_l2,fixed,8,70707.35802469123,0,2237047.181336487,32,32,2307754.5393611784,2237044.262269272,67712.0,70653.529296875,2307700.710633362,2236813.019470918,1x40x256,2237047.181336487,16.5,0.011609600000000001
v3_captured_mixed_heldout_bfcl_t128_l2,fixed,29,81588.28318557981,0,1208859.0069847435,33,33,1290447.2901703233,1208286.2721362587,81583.2,83050.89093017578,1291909.8979149193,1208054.6548597699,1x40x256,1208859.0069847435,16.5,0.08145519999999999
v3_captured_mixed_heldout_bfcl_t128_l2,fixed,19,70461.70566037763,0,4001138.587779344,34,34,4071600.2934397217,4001135.468282489,67712.0,69037.599609375,4070176.187388719,4000904.8267730554,1x40x256,4001138.587779344,16.5,0.04484
v3_captured_mixed_heldout_bfcl_t128_l2,fixed,19,68871.36271436233,0,4071600.2934397217,35,35,4140471.656154084,4071597.1739428667,67712.0,69391.98828125,4140992.2817209717,4071358.200357961,1x40x256,4071600.2934397217,16.5,0.04484
v3_captured_mixed_heldout_bfcl_t128_l2,fixed,40,112504.09090909094,0,708270.9333333333,36,36,820787.0242424243,708478.4674242424,112480.0,112653.34716796875,820936.2805013021,,1x40x256,708282.9333333333,16.5,0.112352
v3_captured_mixed_heldout_bfcl_t128_l2,fixed,28,78782.88091285247,0,1372035.5733559032,37,37,1450818.4542687556,1371479.9741134788,78774.4,79573.73129882812,1451609.3046547312,1371248.35683699,1x40x256,1372035.5733559032,16.5,0.07864639999999999
v3_captured_mixed_heldout_bfcl_t128_l2,fixed,7,70707.35802469123,0,2307754.5393611784,38,38,2378461.8973858696,2307751.6202939632,67712.0,70666.9609375,2378421.5002986784,2307520.377495609,1x40x256,2307754.5393611784,16.5,0.0101584
v3_captured_mixed_heldout_bfcl_t128_l2,fixed,10,70472.86180091603,0,3507940.419606272,39,39,3578413.281407188,3507937.4040934215,67712.0,70436.556640625,3578376.976246897,3507706.450631972,1x40x256,3507940.419606272,16.5,0.014512
v3_captured_mixed_heldout_bfcl_t128_l2,fixed,9,70458.4384476277,0,3578413.281407188,40,40,3648871.719854816,3578418.34626991,67712.0,70473.751953125,3648887.033360313,3578192.769623198,1x40x256,3578413.281407188,16.5,0.0130608
v3_captured_mixed_heldout_bfcl_t128_l2,fixed,3,68503.12843593396,0,4825647.952739319,41,41,4894151.081175253,4825643.294223249,67712.0,68731.771484375,4894379.724223694,4825417.2697714595,1x40x256,4825647.952739319,16.5,0.0043536
v3_captured_mixed_heldout_bfcl_t128_l2,fixed,20,5489583.99999999,1,4087814.7575757625,42,42,9577398.757575752,4071560.627258048,5489648.0,5489648.0,9577462.757575762,4071468.090909098,2x2x512,4087814.7575757625,16.5,5.48952
v3_captured_mixed_heldout_bfcl_t128_l2,fixed,4,68503.12843593396,0,4894151.081175253,43,43,4962654.209611187,4894146.422659183,67712.0,68674.9453125,4962826.026487753,4893920.3982073935,1x40x256,4894151.081175253,16.5,0.005804800000000001
v3_captured_mixed_heldout_bfcl_t128_l2,fixed,27,75977.47864012513,0,1450818.4542687556,44,44,1526795.9329088808,1450279.990632392,75965.6,76545.17153320313,1527363.6258019588,1450048.3733559032,1x40x256,1450818.4542687556,16.5,0.0758376
v3_captured_mixed_heldout_bfcl_t128_l2,fixed,8,70687.48181341542,0,2378461.8973858696,45,45,2449149.379199285,2378458.9783186545,67712.0,70677.29296875,2449139.1903546196,2378227.7355203005,1x40x256,2378461.8973858696,16.5,0.011609600000000001
v3_captured_mixed_heldout_bfcl_t128_l2,fixed,18,68604.46176926792,0,4140471.656154084,46,46,4209076.117923352,4140616.6683799787,67712.0,69659.587890625,4210131.244044709,,1x40x256,4140471.656154084,16.5,0.04248
v3_captured_mixed_heldout_bfcl_t128_l2,fixed,29,81588.28318557981,0,1290447.2901703233,47,47,1372035.5733559032,1289891.690927899,81583.2,82684.90184326172,1373132.192013585,1289660.0736514102,1x40x256,1290447.2901703233,16.5,0.08145519999999999
v3_captured_mixed_heldout_bfcl_t128_l2,fixed,6,1646920.000000006,1,2440894.7575757564,48,48,4087814.7575757625,2424647.864111119,1646984.0,1646958.8690185547,4087853.626594311,2424554.7575757564,2x2x512,2440894.7575757564,16.5,1.646856
v3_captured_mixed_heldout_bfcl_t128_l2,fixed,1,68503.12843593396,0,4962654.209611187,49,49,5031157.338047121,4962649.551095117,67712.0,71962.59765625,5034616.807267437,4962423.526643327,1x40x256,4962654.209611187,16.5,0.0014512000000000001
v3_captured_mixed_heldout_bfcl_t128_l2,fixed,5,70597.43007142982,0,2449149.379199285,50,50,2519746.809270715,2449163.2878628084,67712.0,70684.525390625,2519833.90458991,2448946.2430648822,1x40x256,2449149.379199285,16.5,0.007256
v3_captured_mixed_heldout_bfcl_t128_l2,fixed,11,70453.37358490564,0,3648871.719854816,51,51,3719325.0934397215,3648870.288645535,67712.0,70473.751953125,3719345.471807941,3648639.647136101,1x40x256,3648871.719854816,16.5,0.0159632
v3_captured_mixed_heldout_bfcl_t128_l2,fixed,8,70586.76282455493,0,2519746.809270715,52,52,2590333.57209527,2519748.429979039,67712.0,70685.55859375,2590432.367864465,2519519.097225914,1x40x256,2519746.809270715,16.5,0.011609600000000001
v3_captured_mixed_heldout_bfcl_t128_l2,fixed,5,70585.14211623091,0,2590333.57209527,53,53,2660918.7142115007,2590331.096818527,67712.0,70663.861328125,2660997.433423395,2590100.1433570776,1x40x256,2590333.57209527,16.5,0.007256
v3_captured_mixed_heldout_bfcl_t128_l2,fixed,7,70585.14211623091,0,2660918.7142115007,54,54,2731503.8563277316,2660915.69869865,67712.0,70644.23046875,2731562.9446802507,2660684.7452372005,1x40x256,2660918.7142115007,16.5,0.0101584
v3_captured_mixed_heldout_bfcl_t128_l2,fixed,5,70585.14211623091,0,2731503.8563277316,55,55,2802088.9984439625,2731500.840814881,67712.0,70629.765625,2802133.6219527316,2731269.8873534314,1x40x256,2731503.8563277316,16.5,0.007256
v3_captured_mixed_heldout_bfcl_t128_l2,fixed,3,68503.12843593396,0,5031157.338047121,56,56,5099660.466483055,5031152.679531051,67712.0,68599.521484375,5099756.859531496,5030926.655079261,1x40x256,5031157.338047121,16.5,0.0043536
v3_captured_mixed_heldout_bfcl_t128_l2,fixed,39,109642.30591285264,0,820787.0242424243,57,57,930429.3301552769,820064.2666666667,109671.2,109840.21842041015,930627.2426628345,819840.2666666667,1x40x256,820787.0242424243,16.5,0.1095432
v3_captured_mixed_heldout_bfcl_t128_l2,fixed,1,68422.1162100397,0,5099660.466483055,58,58,5168082.582693094,5099655.807966985,67712.0,71097.806640625,5170758.27312368,5099429.783515195,1x40x256,5099660.466483055,16.5,0.0014512000000000001
v3_captured_mixed_heldout_bfcl_t128_l2,fixed,31,87199.08773103438,0,1037266.2337954022,59,59,1124465.3215264366,1036556.4140984325,87200.8,89293.8001586914,1126560.0339540937,1036324.7968219436,1x40x256,1037266.2337954022,16.5,0.0870728
v3_captured_mixed_heldout_bfcl_t128_l2,fixed,38,106836.9036401253,0,930429.3301552769,60,60,1037266.2337954022,929702.3748522466,106862.4,106991.21667480469,1037420.5468300816,929470.7575757577,1x40x256,930429.3301552769,16.5,0.1067344
v3_captured_mixed_heldout_bfcl_t128_l2,fixed,12,70453.37358490564,0,3719325.0934397215,61,61,3789778.467024627,3719321.9739428665,67712.0,70469.619140625,3789794.7125803465,3719091.332433433,1x40x256,3719325.0934397215,16.5,0.0174144
v3_captured_mixed_heldout_bfcl_t128_l2,fixed,7,70585.14211623138,0,2802088.9984439625,62,62,2872674.140560194,2802085.982931112,67712.0,70618.400390625,2872707.3988345875,2801855.0294696623,1x40x256,2802088.9984439625,16.5,0.0101584
v3_captured_mixed_heldout_bfcl_t128_l2,fixed,7,70585.14211623091,0,2872674.140560194,63,63,2943259.282676425,2872671.125047344,67712.0,70610.134765625,2943284.275325819,2872440.171585894,1x40x256,2872674.140560194,16.5,0.0101584
v3_captured_mixed_heldout_bfcl_t128_l2,fixed,128,702233.6,0,,-1,64,708270.9333333333,6266.721117424242,702233.6,702233.6,708270.9333333333,,1x40x256,6037.333333333333,99.0,0.7018496
v3_captured_mixed_heldout_bfcl_t128_l2,milp,30,84381.65821572766,0,1124335.4896945504,0,0,1208717.147910278,1124363.867123178,84392.0,84392.0,1208727.4896945504,1124168.2445518053,1x40x256,1124335.4896945504,16.5,0.084264
v3_captured_mixed_heldout_bfcl_t128_l2,milp,1,67598.10768629215,0,1599834.6969082973,1,1,1667432.8045945894,1599864.8045945894,67712.0,67712.0,1667546.6969082973,1599670.9122808815,1x40x256,1599834.6969082973,16.5,0.0014512000000000001
v3_captured_mixed_heldout_bfcl_t128_l2,milp,10,67731.7846274157,0,1667432.8045945894,2,2,1735164.589222005,1667546.6969082973,67712.0,67712.0,1735144.8045945894,1667402.6969082973,1x40x256,1667432.8045945894,16.5,0.014512
v3_captured_mixed_heldout_bfcl_t128_l2,milp,16,67598.10768629215,0,1735164.589222005,3,3,1802762.6969082973,1735194.6969082973,67712.0,67712.0,1802876.589222005,1735000.8045945894,1x40x256,1735164.589222005,16.5,0.03776
v3_captured_mixed_heldout_bfcl_t128_l2,milp,5,67731.7846274157,0,1802762.6969082973,4,4,1870494.481535713,1802876.589222005,67712.0,67712.0,1870474.6969082973,1802732.589222005,1x40x256,1802762.6969082973,16.5,0.007256
v3_captured_mixed_heldout_bfcl_t128_l2,milp,3,67598.10768629215,0,1870494.481535713,5,5,1938092.589222005,1870524.589222005,67712.0,67712.0,1938206.481535713,1870330.6969082973,1x40x256,1870494.481535713,16.5,0.0043536
v3_captured_mixed_heldout_bfcl_t128_l2,milp,5,67731.7846274157,0,1938092.589222005,6,6,2005824.3738494208,1938206.481535713,67712.0,67712.0,2005804.589222005,1938062.481535713,1x40x256,1938092.589222005,16.5,0.007256
v3_captured_mixed_heldout_bfcl_t128_l2,milp,11,67598.10768629215,0,2005824.3738494208,7,7,2073422.481535713,2005854.481535713,67712.0,67712.0,2073536.3738494208,2005660.589222005,1x40x256,2005824.3738494208,16.5,0.0159632
v3_captured_mixed_heldout_bfcl_t128_l2,milp,11,67731.78462741547,0,2073422.481535713,8,8,2141154.2661631284,2073536.3738494208,67712.0,67712.0,2141134.481535713,2073392.3738494208,1x40x256,2073422.481535713,16.5,0.0159632
v3_captured_mixed_heldout_bfcl_t128_l2,milp,8,67598.10768629238,0,2141154.2661631284,9,9,2208752.373849421,2141184.373849421,67712.0,67712.0,2208866.2661631284,2140990.481535713,1x40x256,2141154.2661631284,16.5,0.011609600000000001
v3_captured_mixed_heldout_bfcl_t128_l2,milp,5,67731.78462741524,0,2208752.373849421,10,10,2276484.158476836,2208866.2661631284,67712.0,67712.0,2276464.373849421,2208722.2661631284,1x40x256,2208752.373849421,16.5,0.007256
v3_captured_mixed_heldout_bfcl_t128_l2,milp,8,67598.10768629238,0,2276484.158476836,11,11,2344082.2661631284,2276514.2661631284,67712.0,67712.0,2344196.158476836,2276320.373849421,1x40x256,2276484.158476836,16.5,0.011609600000000001
v3_captured_mixed_heldout_bfcl_t128_l2,milp,22,67731.78462741524,0,2344082.2661631284,12,12,2411814.0507905437,2344196.158476836,67712.0,67712.0,2411794.2661631284,2344052.158476836,1x40x256,2344082.2661631284,16.5,0.0617936
v3_captured_mixed_heldout_bfcl_t128_l2,milp,2,67598.10768629238,0,2411814.0507905437,13,13,2479412.158476836,2411844.158476836,67712.0,67712.0,2479526.0507905437,2411650.2661631284,1x40x256,2411814.0507905437,16.5,0.0029024000000000003
v3_captured_mixed_heldout_bfcl_t128_l2,milp,22,67731.78462741524,0,2479412.158476836,14,14,2547143.9431042513,2479526.0507905437,67712.0,67712.0,2547124.158476836,2479382.0507905437,1x40x256,2479412.158476836,16.5,0.0617936
v3_captured_mixed_heldout_bfcl_t128_l2,milp,6,67598.10768629238,0,2547143.9431042513,15,15,2614742.0507905437,2547174.0507905437,67712.0,67712.0,2614855.9431042513,2546980.158476836,1x40x256,2547143.9431042513,16.5,0.0087072
v3_captured_mixed_heldout_bfcl_t128_l2,milp,10,67731.78462741524,0,2614742.0507905437,16,16,2682473.835417959,2614855.9431042513,67712.0,67712.0,2682454.0507905437,2614711.9431042513,1x40x256,2614742.0507905437,16.5,0.014512
v3_captured_mixed_heldout_bfcl_t128_l2,milp,8,67598.10768629238,0,2682473.835417959,17,17,2750071.9431042513,2682503.9431042513,67712.0,67712.0,2750185.835417959,2682310.0507905437,1x40x256,2682473.835417959,16.5,0.011609600000000001
v3_captured_mixed_heldout_bfcl_t128_l2,milp,10,67731.78462741524,0,2750071.9431042513,18,18,2817803.7277316665,2750185.835417959,67712.0,67712.0,2817783.9431042513,2750041.835417959,1x40x256,2750071.9431042513,16.5,0.014512
v3_captured_mixed_heldout_bfcl_t128_l2,milp,20,67598.10768629238,0,2817803.7277316665,19,19,2885401.835417959,2817833.835417959,67712.0,67712.0,2885515.7277316665,2817639.9431042513,1x40x256,2817803.7277316665,16.5,0.056176
v3_captured_mixed_heldout_bfcl_t128_l2,milp,12,67731.78462741524,0,2885401.835417959,20,20,2953133.620045374,2885515.7277316665,67712.0,67712.0,2953113.835417959,2885371.7277316665,1x40x256,2885401.835417959,16.5,0.0174144
v3_captured_mixed_heldout_bfcl_t128_l2,milp,3,67598.10768629238,0,2953133.620045374,21,21,3020731.7277316665,2953163.7277316665,67712.0,67712.0,3020845.620045374,2952969.835417959,1x40x256,2953133.620045374,16.5,0.0043536
v3_captured_mixed_heldout_bfcl_t128_l2,milp,7,67731.78462741524,0,3020731.7277316665,22,22,3088463.512359082,3020845.620045374,67712.0,67712.0,3088443.7277316665,3020701.620045374,1x40x256,3020731.7277316665,16.5,0.0101584
v3_captured_mixed_heldout_bfcl_t128_l2,milp,3,67598.10768629238,0,3088463.512359082,23,23,3156061.620045374,3088493.620045374,67712.0,67712.0,3156175.512359082,3088299.7277316665,1x40x256,3088463.512359082,16.5,0.0043536
v3_captured_mixed_heldout_bfcl_t128_l2,milp,13,67731.78462741524,0,3156061.620045374,24,24,3223793.4046727894,3156175.512359082,67712.0,67712.0,3223773.620045374,3156031.512359082,1x40x256,3156061.620045374,16.5,0.0188656
v3_captured_mixed_heldout_bfcl_t128_l2,milp,8,67598.10768629238,0,3223793.4046727894,25,25,3291391.512359082,3223823.512359082,67712.0,67712.0,3291505.4046727894,3223629.620045374,1x40x256,3223793.4046727894,16.5,0.011609600000000001
v3_captured_mixed_heldout_bfcl_t128_l2,milp,4,67731.78462741524,0,3291391.512359082,26,26,3359123.296986497,3291505.4046727894,67712.0,67712.0,3359103.512359082,3291361.4046727894,1x40x256,3291391.512359082,16.5,0.005804800000000001
v3_captured_mixed_heldout_bfcl_t128_l2,milp,4,67598.10768629238,0,3359123.296986497,27,27,3426721.4046727894,3359153.4046727894,67712.0,67712.0,3426835.296986497,3358959.512359082,1x40x256,3359123.296986497,16.5,0.005804800000000001
v3_captured_mixed_heldout_bfcl_t128_l2,milp,2,67731.78462741524,0,3426721.4046727894,28,28,3494453.1893002046,3426835.296986497,67712.0,67712.0,3494433.4046727894,3426691.296986497,1x40x256,3426721.4046727894,16.5,0.0029024000000000003
v3_captured_mixed_heldout_bfcl_t128_l2,milp,5,67598.10768629238,0,3494453.1893002046,29,29,3562051.296986497,3494483.296986497,67712.0,67712.0,3562165.1893002046,3494289.4046727894,1x40x256,3494453.1893002046,16.5,0.007256
v3_captured_mixed_heldout_bfcl_t128_l2,milp,26,73176.58462741575,0,1526658.1122808815,30,30,1599834.6969082973,1526697.2064352515,73156.8,73156.8,1599814.9122808815,1526512.3005896218,1x40x256,1526658.1122808815,16.5,0.0730288
v3_captured_mixed_heldout_bfcl_t128_l2,milp,4,67731.78462741524,0,3562051.296986497,31,31,3629783.0816139122,3562165.1893002046,67712.0,67712.0,3629763.296986497,3562021.1893002046,1x40x256,3562051.296986497,16.5,0.005804800000000001
v3_captured_mixed_heldout_bfcl_t128_l2,milp,8,67598.10768629238,0,3629783.0816139122,32,32,3697381.1893002046,3629813.1893002046,67712.0,67712.0,3697495.0816139122,3629619.296986497,1x40x256,3629783.0816139122,16.5,0.011609600000000001
v3_captured_mixed_heldout_bfcl_t128_l2,milp,29,81602.52950770129,0,1208717.147910278,33,33,1290319.6774179793,1208762.3188024142,81583.2,81583.2,1290300.347910278,1208583.4896945504,1x40x256,1208717.147910278,16.5,0.08145519999999999
v3_captured_mixed_heldout_bfcl_t128_l2,milp,19,67731.78462741524,0,3697381.1893002046,34,34,3765112.97392762,3697495.0816139122,67712.0,67712.0,3765093.1893002046,3697351.0816139122,1x40x256,3697381.1893002046,16.5,0.04484
v3_captured_mixed_heldout_bfcl_t128_l2,milp,19,67598.10768629238,0,3765112.97392762,35,35,3832711.0816139122,3765143.0816139122,67712.0,67712.0,3832824.97392762,3764949.1893002046,1x40x256,3765112.97392762,16.5,0.04484
v3_captured_mixed_heldout_bfcl_t128_l2,milp,40,112423.85165541945,0,708156.4126232741,36,36,820580.2642786936,708160.6729783037,112480.0,112480.0,820636.4126232741,707940.9333333333,1x40x256,708156.4126232741,16.5,0.112352
v3_captured_mixed_heldout_bfcl_t128_l2,milp,28,78792.58383756503,0,1371898.1167520566,37,37,1450690.7005896217,1371940.4970850179,78774.4,78774.4,1450672.5167520565,1371758.8774179793,1x40x256,1371898.1167520566,16.5,0.07864639999999999
v3_captured_mixed_heldout_bfcl_t128_l2,milp,7,67731.78462741524,0,3832711.0816139122,38,38,3900442.8662413275,3832824.97392762,67712.0,67712.0,3900423.0816139122,3832680.97392762,1x40x256,3832711.0816139122,16.5,0.0101584
v3_captured_mixed_heldout_bfcl_t128_l2,milp,10,67598.10768629238,0,3900442.8662413275,39,39,3968040.97392762,3900472.97392762,67712.0,67712.0,3968154.8662413275,3900279.0816139122,1x40x256,3900442.8662413275,16.5,0.014512
v3_captured_mixed_heldout_bfcl_t128_l2,milp,9,67731.78462741524,0,3968040.97392762,40,40,4035772.758555035,3968154.8662413275,67712.0,67712.0,4035752.97392762,3968010.8662413275,1x40x256,3968040.97392762,16.5,0.0130608
v3_captured_mixed_heldout_bfcl_t128_l2,milp,3,67598.10768629238,0,4035772.758555035,41,41,4103370.8662413275,4035802.8662413275,67712.0,67712.0,4103484.758555035,4035608.97392762,1x40x256,4035772.758555035,16.5,0.0043536
v3_captured_mixed_heldout_bfcl_t128_l2,milp,20,67731.78462741524,0,4103370.8662413275,42,42,4171102.6508687427,4103484.758555035,67712.0,67712.0,4171082.8662413275,4103340.758555035,1x40x256,4103370.8662413275,16.5,0.056176
v3_captured_mixed_heldout_bfcl_t128_l2,milp,4,67598.10768629238,0,4171102.6508687427,43,43,4238700.758555035,4171132.758555035,67712.0,67712.0,4238814.650868743,4170938.8662413275,1x40x256,4171102.6508687427,16.5,0.005804800000000001
v3_captured_mixed_heldout_bfcl_t128_l2,milp,27,75967.41169125983,0,1450690.7005896217,44,44,1526658.1122808815,1450721.608670839,75965.6,75965.6,1526656.3005896218,1450528.5167520565,1x40x256,1450690.7005896217,16.5,0.0758376
v3_captured_mixed_heldout_bfcl_t128_l2,milp,8,67731.78462741524,0,4238700.758555035,45,45,4306432.54318245,4238814.650868743,67712.0,67712.0,4306412.758555035,4238670.650868743,1x40x256,4238700.758555035,16.5,0.011609600000000001
v3_captured_mixed_heldout_bfcl_t128_l2,milp,18,67598.10768629238,0,4306432.54318245,46,46,4374030.650868743,4306462.650868743,67712.0,67712.0,4374144.54318245,4306268.758555035,1x40x256,4306432.54318245,16.5,0.04248
v3_captured_mixed_heldout_bfcl_t128_l2,milp,29,81578.4393340773,0,1290319.6774179793,47,47,1371898.1167520566,1290350.0126641288,81583.2,81583.2,1371902.8774179793,1290156.347910278,1x40x256,1290319.6774179793,16.5,0.08145519999999999
v3_captured_mixed_heldout_bfcl_t128_l2,milp,6,67731.78462741524,0,4374030.650868743,48,48,4441762.435496158,4374144.54318245,67712.0,67712.0,4441742.650868743,4374000.54318245,1x40x256,4374030.650868743,16.5,0.0087072
v3_captured_mixed_heldout_bfcl_t128_l2,milp,1,67598.10768629238,0,4441762.435496158,49,49,4509360.54318245,4441792.54318245,67712.0,67712.0,4509474.435496158,4441598.650868743,1x40x256,4441762.435496158,16.5,0.0014512000000000001
v3_captured_mixed_heldout_bfcl_t128_l2,milp,5,67731.78462741524,0,4509360.54318245,50,50,4577092.327809866,4509474.435496158,67712.0,67712.0,4577072.54318245,4509330.435496158,1x40x256,4509360.54318245,16.5,0.007256
v3_captured_mixed_heldout_bfcl_t128_l2,milp,11,67598.10768629238,0,4577092.327809866,51,51,4644690.435496158,4577122.435496158,67712.0,67712.0,4644804.327809866,4576928.54318245,1x40x256,4577092.327809866,16.5,0.0159632
v3_captured_mixed_heldout_bfcl_t128_l2,milp,8,67731.78462741524,0,4644690.435496158,52,52,4712422.220123573,4644804.327809866,67712.0,67712.0,4712402.435496158,4644660.327809866,1x40x256,4644690.435496158,16.5,0.011609600000000001
v3_captured_mixed_heldout_bfcl_t128_l2,milp,5,67598.10768629238,0,4712422.220123573,53,53,4780020.327809866,4712452.327809866,67712.0,67712.0,4780134.220123573,4712258.435496158,1x40x256,4712422.220123573,16.5,0.007256
v3_captured_mixed_heldout_bfcl_t128_l2,milp,7,67731.78462741524,0,4780020.327809866,54,54,4847752.112437281,4780134.220123573,67712.0,67712.0,4847732.327809866,4779990.220123573,1x40x256,4780020.327809866,16.5,0.0101584
v3_captured_mixed_heldout_bfcl_t128_l2,milp,5,67598.10768629238,0,4847752.112437281,55,55,4915350.220123573,4847782.220123573,67712.0,67712.0,4915464.112437281,4847588.327809866,1x40x256,4847752.112437281,16.5,0.007256
v3_captured_mixed_heldout_bfcl_t128_l2,milp,3,67731.78462741524,0,4915350.220123573,56,56,4983082.004750988,4915464.112437281,67712.0,67712.0,4983062.220123573,4915320.112437281,1x40x256,4915350.220123573,16.5,0.0043536
v3_captured_mixed_heldout_bfcl_t128_l2,milp,39,109692.71482255787,0,820580.2642786936,57,57,930272.9791012515,820648.3384509839,109671.2,109671.2,930251.4642786935,820492.4126232741,1x40x256,820580.2642786936,16.5,0.1095432
v3_captured_mixed_heldout_bfcl_t128_l2,milp,1,67598.10768629238,0,4983082.004750988,58,58,5050680.112437281,4983112.112437281,67712.0,67712.0,5050794.004750988,4982918.220123573,1x40x256,4983082.004750988,16.5,0.0014512000000000001
v3_captured_mixed_heldout_bfcl_t128_l2,milp,31,87224.04514274502,0,1037111.4445518054,59,59,1124335.4896945504,1037163.4118265285,87200.8,87200.8,1124312.2445518053,1036991.3791012515,1x40x256,1037111.4445518054,16.5,0.0870728
v3_captured_mixed_heldout_bfcl_t128_l2,milp,38,106838.46545055392,0,930272.9791012515,60,60,1037111.4445518054,930302.2216899726,106862.4,106862.4,1037135.3791012515,930107.4642786935,1x40x256,930272.9791012515,16.5,0.1067344
v3_captured_mixed_heldout_bfcl_t128_l2,milp,12,67731.78462741524,0,5050680.112437281,61,61,5118411.897064696,5050794.004750988,67712.0,67712.0,5118392.112437281,5050650.004750988,1x40x256,5050680.112437281,16.5,0.0174144
v3_captured_mixed_heldout_bfcl_t128_l2,milp,7,67598.10768629238,0,5118411.897064696,62,62,5186010.004750988,5118442.004750988,67712.0,67712.0,5186123.897064696,5118248.112437281,1x40x256,5118411.897064696,16.5,0.0101584
v3_captured_mixed_heldout_bfcl_t128_l2,milp,7,67681.89231370762,0,5186010.004750988,63,63,5253691.897064696,5186123.897064696,67712.0,67712.0,5253722.004750988,5185979.897064696,1x40x256,5186010.004750988,16.5,0.0101584
v3_captured_mixed_heldout_bfcl_t128_l2,milp,128,702305.0792899408,0,,-1,64,708156.4126232741,6080.721117424242,702233.6,702233.6,708084.9333333333,,1x40x256,5851.333333333333,99.0,0.7018496
v3_captured_mixed_heldout_gpqa_t128_l13,eft_old,12,68700.94749869365,0,,0,0,74168.28083202698,5612.403490919756,67712.0,68969.408203125,74436.74153645833,,1x40x256,5467.333333333333,16.5,0.0174144
v3_captured_mixed_heldout_gpqa_t128_l13,eft_old,18,4940695.999999998,1,,1,1,4946167.333333331,6111.473958333266,4940696.0,4940696.0,4946167.333333333,,2x2x512,5471.333333333333,16.5,4.940568
v3_captured_mixed_heldout_gpqa_t128_l13,eft_old,1,68633.41697606408,0,74168.28083202698,2,2,142801.69780809106,74212.05520566906,67712.0,69831.099609375,143999.38044140197,74029.57661597131,1x40x256,74168.28083202698,16.5,0.0014512000000000001
v3_captured_mixed_heldout_gpqa_t128_l13,eft_old,1,68609.66082707664,0,142801.69780809106,4,3,211411.3586351677,142811.7069204184,67712.0,69831.099609375,212632.79741746606,142595.46306940587,1x40x256,142801.69780809106,16.5,0.0014512000000000001
v3_captured_mixed_heldout_gpqa_t128_l13,eft_old,6,68599.65171474934,0,211411.3586351677,5,4,280011.01034991705,211410.11266039012,67712.0,68961.142578125,280372.5012132927,211183.85969705027,1x40x256,211411.3586351677,16.5,0.0087072
v3_captured_mixed_heldout_gpqa_t128_l13,eft_old,21,68599.65171474934,0,280011.01034991705,6,5,348610.6620646664,280006.42800436367,67712.0,68807.1953125,348818.20566241705,279780.1750410238,1x40x256,280011.01034991705,16.5,0.058984800000000004
v3_captured_mixed_heldout_gpqa_t128_l13,eft_old,8,68599.65171474934,0,348610.6620646664,7,6,417210.31377941574,348606.079719113,67712.0,68871.25390625,417481.9159709164,348379.82675577316,1x40x256,348610.6620646664,16.5,0.011609600000000001
v3_captured_mixed_heldout_gpqa_t128_l13,eft_old,1,68599.65171474934,0,417210.31377941574,8,7,485809.9654941651,417205.73143386235,67712.0,69301.06640625,486511.38018566574,416979.4784705225,1x40x256,417210.31377941574,16.5,0.0014512000000000001
v3_captured_mixed_heldout_gpqa_t128_l13,eft_old,15,68599.65171474929,0,485809.9654941651,9,8,554409.6172089144,485805.3831486117,67712.0,68902.25,554712.2154941651,485579.13018527185,1x40x256,485809.9654941651,16.5,0.0354
v3_captured_mixed_heldout_gpqa_t128_l13,eft_old,20,68599.65171474917,0,554409.6172089144,10,9,623009.2689236635,554405.0348633609,67712.0,68755.53515625,623165.1523651644,554178.7819000211,1x40x256,554409.6172089144,16.5,0.056176
v3_captured_mixed_heldout_gpqa_t128_l13,eft_old,17,68599.65171474917,0,623009.2689236635,11,10,691608.9206384127,623004.6865781101,67712.0,68755.53515625,691764.8040799135,622778.4336147703,1x40x256,623009.2689236635,16.5,0.04012
v3_captured_mixed_heldout_gpqa_t128_l13,eft_old,7,68599.65171474917,0,691608.9206384127,12,11,760208.5723531619,691604.3382928593,67712.0,68803.0625,760411.9831384127,691378.0853295195,1x40x256,691608.9206384127,16.5,0.0101584
v3_captured_mixed_heldout_gpqa_t128_l13,eft_old,14,68599.65171474917,0,760208.5723531619,13,12,828808.224067911,760203.9900076084,67712.0,68826.826171875,829035.3985250369,759977.7370442686,1x40x256,760208.5723531619,16.5,0.03304
v3_captured_mixed_heldout_gpqa_t128_l13,eft_old,8,68599.65171474917,0,828808.224067911,14,13,897407.8757826602,828803.6417223576,67712.0,68752.435546875,897560.659614786,828577.3887590178,1x40x256,828808.224067911,16.5,0.011609600000000001
v3_captured_mixed_heldout_gpqa_t128_l13,eft_old,19,68599.65171474917,0,897407.8757826602,15,14,966007.5274974094,897403.2934371068,67712.0,68687.34375,966095.2195326602,897177.040473767,1x40x256,897407.8757826602,16.5,0.04484
v3_captured_mixed_heldout_gpqa_t128_l13,eft_old,11,68599.65171474917,0,966007.5274974094,16,15,1034607.1792121585,966002.9451518559,67712.0,68770.0,1034777.5274974094,965776.6921885161,1x40x256,966007.5274974094,16.5,0.0159632
v3_captured_mixed_heldout_gpqa_t128_l13,eft_old,6,68599.6517147494,0,1034607.1792121585,17,16,1103206.830926908,1034602.5968666051,67712.0,68714.20703125,1103321.3862434085,1034376.3439032653,1x40x256,1034607.1792121585,16.5,0.0087072
v3_captured_mixed_heldout_gpqa_t128_l13,eft_old,3,68599.6517147494,0,1103206.830926908,18,17,1171806.4826416573,1103202.2485813545,67712.0,69929.25390625,1173136.084833158,1102975.9956180146,1x40x256,1103206.830926908,16.5,0.0043536
v3_captured_mixed_heldout_gpqa_t128_l13,eft_old,5,68599.6517147494,0,1171806.4826416573,19,18,1240406.1343564068,1171801.900296104,67712.0,68685.27734375,1240491.7599854073,1171575.647332764,1x40x256,1171806.4826416573,16.5,0.007256
v3_captured_mixed_heldout_gpqa_t128_l13,eft_old,2,68599.6517147494,0,1240406.1343564068,20,19,1309005.7860711562,1240401.5520108533,67712.0,69356.859375,1309762.9937314068,1240175.2990475134,1x40x256,1240406.1343564068,16.5,0.0029024000000000003
v3_captured_mixed_heldout_gpqa_t128_l13,eft_old,14,68599.6517147494,0,1309005.7860711562,21,20,1377605.4377859056,1309001.2037256027,67712.0,68727.638671875,1377733.4247430312,1308774.9507622628,1x40x256,1309005.7860711562,16.5,0.03304
v3_captured_mixed_heldout_gpqa_t128_l13,eft_old,21,68599.6517147494,0,1377605.4377859056,22,21,1446205.089500655,1377600.855440352,67712.0,68665.646484375,1446271.0842702806,1377374.6024770122,1x40x256,1377605.4377859056,16.5,0.058984800000000004
v3_captured_mixed_heldout_gpqa_t128_l13,eft_old,12,68599.6517147494,0,1446205.089500655,23,22,1514804.7412154044,1446200.5071551015,67712.0,68695.609375,1514900.698875655,1445974.2541917616,1x40x256,1446205.089500655,16.5,0.0174144
v3_captured_mixed_heldout_gpqa_t128_l13,eft_old,8,68599.6517147494,0,1514804.7412154044,24,23,1583404.3929301538,1514800.158869851,67712.0,68663.580078125,1583468.3212935294,1514573.905906511,1x40x256,1514804.7412154044,16.5,0.011609600000000001
v3_captured_mixed_heldout_gpqa_t128_l13,eft_old,10,68599.6517147494,0,1583404.3929301538,25,24,1652004.0446449032,1583399.8105846003,67712.0,68671.845703125,1652076.2386332788,1583173.5576212604,1x40x256,1583404.3929301538,16.5,0.014512
v3_captured_mixed_heldout_gpqa_t128_l13,eft_old,21,68599.6517147494,0,1652004.0446449032,26,25,1720603.6963596526,1651999.4622993497,67712.0,68649.115234375,1720653.1598792782,1651773.2093360098,1x40x256,1652004.0446449032,16.5,0.058984800000000004
v3_captured_mixed_heldout_gpqa_t128_l13,eft_old,9,68599.6517147494,0,1720603.6963596526,27,26,1789203.348074402,1720599.1140140991,67712.0,68654.28125,1789257.9776096526,1720372.8610507592,1x40x256,1720603.6963596526,16.5,0.0130608
v3_captured_mixed_heldout_gpqa_t128_l13,eft_old,6,68599.6517147494,0,1789203.348074402,28,27,1857802.9997891514,1789198.7657288485,67712.0,68648.08203125,1857851.430105652,1788972.5127655086,1x40x256,1789203.348074402,16.5,0.0087072
v3_captured_mixed_heldout_gpqa_t128_l13,eft_old,17,68599.6517147494,0,1857802.9997891514,29,28,1926402.6515039008,1857798.417443598,67712.0,68636.716796875,1926439.7165860264,1857572.164480258,1x40x256,1857802.9997891514,16.5,0.04012
v3_captured_mixed_heldout_gpqa_t128_l13,eft_old,14,68599.6517147494,0,1926402.6515039008,30,29,1995002.3032186502,1926398.0691583473,67712.0,68640.849609375,1995043.5011132758,1926171.8161950074,1x40x256,1926402.6515039008,16.5,0.03304
v3_captured_mixed_heldout_gpqa_t128_l13,eft_old,12,68599.6517147494,0,1995002.3032186502,31,30,2063601.9549333996,1994997.7208730967,67712.0,68640.849609375,2063643.1528280252,1994771.4679097568,1x40x256,1995002.3032186502,16.5,0.0174144
v3_captured_mixed_heldout_gpqa_t128_l13,eft_old,15,68599.6517147494,0,2063601.9549333996,32,31,2132201.606648149,2063597.3725878461,67712.0,68630.517578125,2132232.4725115243,2063371.1196245062,1x40x256,2063601.9549333996,16.5,0.0354
v3_captured_mixed_heldout_gpqa_t128_l13,eft_old,21,68599.65171474963,0,2132201.606648149,33,32,2200801.2583628986,2132197.0243025953,67712.0,68627.41796875,2200829.024616899,2131970.7713392554,1x40x256,2132201.606648149,16.5,0.058984800000000004
v3_captured_mixed_heldout_gpqa_t128_l13,eft_old,7,68599.65171474963,0,2200801.2583628986,34,33,2269400.9100776482,2200796.6760173454,67712.0,68635.68359375,2269436.9419566486,2200570.4230540055,1x40x256,2200801.2583628986,16.5,0.0101584
v3_captured_mixed_heldout_gpqa_t128_l13,eft_old,28,78777.51659970358,0,2269400.9100776482,35,34,2348178.426677352,2269396.327732095,78774.4,79830.95971679688,2349231.869794445,2269170.074768755,1x40x256,2269400.9100776482,16.5,0.07864639999999999
v3_captured_mixed_heldout_gpqa_t128_l13,eft_old,12,68599.65171474963,0,2348178.426677352,36,35,2416778.0783921015,2347639.9630409884,67712.0,68617.0859375,2416795.512614852,2347413.7100776485,1x40x256,2348178.426677352,16.5,0.0174144
v3_captured_mixed_heldout_gpqa_t128_l13,eft_old,2,68599.65171474917,0,2416778.0783921015,37,36,2485377.7301068506,2416773.4960465482,67712.0,69167.783203125,2485945.8615952265,2416547.2430832083,1x40x256,2416778.0783921015,16.5,0.0029024000000000003
v3_captured_mixed_heldout_gpqa_t128_l13,eft_old,18,68599.65171474963,0,2485377.7301068506,38,37,2553977.3818216003,2485373.147761297,67712.0,68393.9140625,2553771.6441693506,2485146.894797957,1x40x256,2485377.7301068506,16.5,0.04248
v3_captured_mixed_heldout_gpqa_t128_l13,eft_old,7,68599.65171474963,0,2553977.3818216003,39,38,2622577.03353635,2553972.799476047,67712.0,68626.384765625,2622603.7665872253,2553746.546512707,1x40x256,2553977.3818216003,16.5,0.0101584
v3_captured_mixed_heldout_gpqa_t128_l13,eft_old,20,68599.65171474963,0,2622577.03353635,40,39,2691176.6852510995,2622572.4511907967,67712.0,68445.57421875,2691022.6077551,2622346.198227457,1x40x256,2622577.03353635,16.5,0.056176
v3_captured_mixed_heldout_gpqa_t128_l13,eft_old,17,68599.65171474963,0,2691176.6852510995,41,40,2759776.336965849,2691172.1029055463,67712.0,68445.57421875,2759622.2594698495,2690945.8499422064,1x40x256,2691176.6852510995,16.5,0.04012
v3_captured_mixed_heldout_gpqa_t128_l13,eft_old,19,68599.65171474963,0,2759776.336965849,42,41,2828375.988680599,2759771.754620296,67712.0,68483.802734375,2828260.139700224,2759545.501656956,1x40x256,2759776.336965849,16.5,0.04484
v3_captured_mixed_heldout_gpqa_t128_l13,eft_old,12,68599.65171474963,0,2828375.988680599,43,42,2896975.6403953484,2828371.4063350456,67712.0,68612.953125,2896988.941805599,2828145.1533717057,1x40x256,2828375.988680599,16.5,0.0174144
v3_captured_mixed_heldout_gpqa_t128_l13,eft_old,16,68599.65171474963,0,2896975.6403953484,44,43,2965575.292110098,2896971.058049795,67712.0,68612.953125,2965588.5935203484,2896744.8050864553,1x40x256,2896975.6403953484,16.5,0.03776
v3_captured_mixed_heldout_gpqa_t128_l13,eft_old,26,73166.71205424936,0,2965575.292110098,45,44,3038742.0041643474,2965570.709764545,73156.8,74045.36220703126,3039620.6543171294,2965344.456801205,1x40x256,2965575.292110098,16.5,0.0730288
v3_captured_mixed_heldout_gpqa_t128_l13,eft_old,18,68599.65171474963,0,3038742.0041643474,46,45,3107341.655879097,3038237.811740105,67712.0,68534.4296875,3107276.4338518474,3038011.558776765,1x40x256,3038742.0041643474,16.5,0.04248
v3_captured_mixed_heldout_gpqa_t128_l13,eft_old,11,68599.65171474963,0,3107341.655879097,47,46,3175941.3075938467,3107337.073533544,67712.0,68607.787109375,3175949.442988472,3107110.820570204,1x40x256,3107341.655879097,16.5,0.0159632
v3_captured_mixed_heldout_gpqa_t128_l13,eft_old,26,73166.71205424936,0,3175941.3075938467,48,47,3249108.019648096,3175936.7252482935,73156.8,73898.0126953125,3249839.320289159,3175710.4722849536,1x40x256,3175941.3075938467,16.5,0.0730288
v3_captured_mixed_heldout_gpqa_t128_l13,eft_old,16,68557.84350610804,0,3249108.019648096,49,48,3317665.863154204,3248603.8272238537,67712.0,68605.720703125,3317713.740351221,3248377.5742605138,1x40x256,3249108.019648096,16.5,0.03776
v3_captured_mixed_heldout_gpqa_t128_l13,eft_old,2,68557.94369645044,0,3317665.863154204,52,49,3386223.8068506545,3317661.2144983453,67712.0,69026.234375,3386692.097529204,3317435.060275579,1x40x256,3317665.863154204,16.5,0.0029024000000000003
v3_captured_mixed_heldout_gpqa_t128_l13,eft_old,2,68557.94369645044,0,3386223.8068506545,53,50,3454781.750547105,3386219.191591576,67712.0,69026.234375,3455250.0412256545,3385993.03736881,1x40x256,3386223.8068506545,16.5,0.0029024000000000003
v3_captured_mixed_heldout_gpqa_t128_l13,eft_old,9,68557.94369645044,0,3454781.750547105,54,51,3523339.6942435554,3454777.1352880266,67712.0,68593.322265625,3523375.07281273,3454550.9810652602,1x40x256,3454781.750547105,16.5,0.0130608
v3_captured_mixed_heldout_gpqa_t128_l13,eft_old,15,68557.94369645044,0,3523339.6942435554,55,52,3591897.637940006,3523335.078984477,67712.0,68593.322265625,3591933.0165091804,3523108.9247617107,1x40x256,3523339.6942435554,16.5,0.0354
v3_captured_mixed_heldout_gpqa_t128_l13,eft_old,4,68557.94369645044,0,3591897.637940006,56,53,3660455.5816364563,3591893.0226809275,67712.0,69596.5625,3661494.200440006,3591666.868458161,1x40x256,3591897.637940006,16.5,0.005804800000000001
v3_captured_mixed_heldout_gpqa_t128_l13,eft_old,21,68557.94369645044,0,3660455.5816364563,57,54,3729013.5253329067,3660450.966377378,67712.0,68228.6015625,3728684.1831989563,3660224.8121546116,1x40x256,3660455.5816364563,16.5,0.058984800000000004
v3_captured_mixed_heldout_gpqa_t128_l13,eft_old,11,68557.94369645044,0,3729013.5253329067,58,55,3797571.469029357,3729008.9100738284,67712.0,68577.82421875,3797591.3495516567,3728782.755851062,1x40x256,3729013.5253329067,16.5,0.0159632
v3_captured_mixed_heldout_gpqa_t128_l13,eft_old,7,68557.94369645044,0,3797571.469029357,60,56,3866129.4127258076,3797566.853770279,67712.0,68620.185546875,3866191.654576232,3797340.6995475125,1x40x256,3797571.469029357,16.5,0.0101584
v3_captured_mixed_heldout_gpqa_t128_l13,eft_old,20,68557.94369645044,0,3866129.4127258076,61,57,3934687.356422258,3866124.7974667293,67712.0,68311.2578125,3934440.6705383076,3865898.643243963,1x40x256,3866129.4127258076,16.5,0.056176
v3_captured_mixed_heldout_gpqa_t128_l13,eft_old,11,68557.94369645044,0,3934687.356422258,62,58,4003245.3001187085,3934682.7411631797,67712.0,68572.658203125,4003260.014625383,3934456.5869404133,1x40x256,3934687.356422258,16.5,0.0159632
v3_captured_mixed_heldout_gpqa_t128_l13,eft_old,36,101220.63604094833,0,4003245.3001187085,63,59,4104465.936159657,4003240.68485963,101244.8,101997.15317382813,4105242.4532925365,4003014.530636864,1x40x256,4003245.3001187085,16.5,0.1011168
v3_captured_mixed_heldout_gpqa_t128_l13,eft_old,128,702169.600000001,0,4104465.936159657,-1,60,4806635.536159658,4103790.3876748085,702233.6,702158.593359375,4806624.529519032,4103564.233452042,1x40x256,4104465.936159657,99.0,0.7018496
v3_captured_mixed_heldout_gpqa_t128_l13,fixed,12,70051.45518369786,0,1668678.9090733288,0,0,1738730.3642570267,1668784.5909322302,67712.0,69590.36328125,1738269.2723545788,1668637.8334682304,1x40x256,1668678.9090733288,16.5,0.0174144
v3_captured_mixed_heldout_gpqa_t128_l13,fixed,18,69867.17611940298,0,3068232.766195446,1,1,3138099.942314849,3068231.9817688866,67712.0,68356.71875,3136589.484945446,3068002.728037543,1x40x256,3068232.766195446,16.5,0.04248
v3_captured_mixed_heldout_gpqa_t128_l13,fixed,1,68599.48036362557,0,4108959.5674360557,2,2,4177559.0477996813,4108954.984955282,67712.0,70733.0859375,4179692.6533735557,4108728.732397603,1x40x256,4108959.5674360557,16.5,0.0014512000000000001
v3_captured_mixed_heldout_gpqa_t128_l13,fixed,1,68599.4803636251,0,4177559.0477996813,4,3,4246158.528163306,4177554.4653189075,67712.0,70733.0859375,4248292.133737181,4177328.2127612284,1x40x256,4177559.0477996813,16.5,0.0014512000000000001
v3_captured_mixed_heldout_gpqa_t128_l13,fixed,6,1646984.0000000005,1,,5,4,1653019.3333333337,6291.3802083333185,1646984.0,1646958.8690185547,1652994.202351888,,2x2x512,6035.333333333333,16.5,1.646856
v3_captured_mixed_heldout_gpqa_t128_l13,fixed,21,69867.17611940252,0,3138099.942314849,6,5,3207967.1184342513,3138096.3602252966,67712.0,68356.71875,3206456.661064849,3137867.106493953,1x40x256,3138099.942314849,16.5,0.058984800000000004
v3_captured_mixed_heldout_gpqa_t128_l13,fixed,8,70517.80271624879,0,1034683.4159696117,7,6,1105201.2186858605,1034179.2235453693,67712.0,70661.794921875,1105345.2108914866,1033948.2687953906,1x40x256,1034683.4159696117,16.5,0.011609600000000001
v3_captured_mixed_heldout_gpqa_t128_l13,fixed,1,68599.4803636251,0,4246158.528163306,8,7,4314758.0085269315,4246153.945682533,67712.0,70199.953125,4316358.481288306,4245927.693124854,1x40x256,4246158.528163306,16.5,0.0014512000000000001
v3_captured_mixed_heldout_gpqa_t128_l13,fixed,15,70002.15545263048,0,1738730.3642570267,9,8,1808732.5197096572,1738762.096519327,67712.0,69590.36328125,1808320.7275382767,1738564.3138536275,1x40x256,1738730.3642570267,16.5,0.0354
v3_captured_mixed_heldout_gpqa_t128_l13,fixed,20,69867.17611940298,0,3207967.1184342513,10,9,3277834.2945536543,3207963.536344699,67712.0,68733.837890625,3276700.9563248763,3207734.2826133557,1x40x256,3207967.1184342513,16.5,0.056176
v3_captured_mixed_heldout_gpqa_t128_l13,fixed,17,69867.17611940298,0,3277834.2945536543,11,10,3347701.4706730573,3277830.712464102,67712.0,69016.935546875,3346851.2301005293,3277601.4587327586,1x40x256,3277834.2945536543,16.5,0.04012
v3_captured_mixed_heldout_gpqa_t128_l13,fixed,7,70478.0115320615,0,1105201.2186858605,12,11,1175679.230217922,1105233.496361311,67712.0,70661.794921875,1175863.0136077355,1105035.1325273276,1x40x256,1105201.2186858605,16.5,0.0101584
v3_captured_mixed_heldout_gpqa_t128_l13,fixed,14,69984.58798386343,0,1808732.5197096572,13,12,1878717.1076935206,1808739.6021064238,67712.0,69706.08203125,1878438.6017409072,1808517.1695751906,1x40x256,1808732.5197096572,16.5,0.03304
v3_captured_mixed_heldout_gpqa_t128_l13,fixed,8,70461.01331320032,0,1175679.230217922,14,13,1246140.2435311223,1175686.8699462167,67712.0,70625.6328125,1246304.863030422,1175463.8681650776,1x40x256,1175679.230217922,16.5,0.011609600000000001
v3_captured_mixed_heldout_gpqa_t128_l13,fixed,19,69867.17611940298,0,3347701.4706730573,15,14,3417568.6467924602,3347697.888583505,67712.0,69229.775390625,3416931.2460636823,3347468.6348521616,1x40x256,3347701.4706730573,16.5,0.04484
v3_captured_mixed_heldout_gpqa_t128_l13,fixed,11,69977.50558709679,0,1878717.1076935206,16,15,1948694.6132806174,1878715.9734684427,67712.0,69780.47265625,1948497.5803497706,1878486.4585404429,1x40x256,1878717.1076935206,16.5,0.0159632
v3_captured_mixed_heldout_gpqa_t128_l13,fixed,6,70453.37358490587,0,1246140.2435311223,17,16,1316593.6171160282,1246139.6706103655,67712.0,70588.4375,1316728.6810311223,1245909.0291009315,1x40x256,1246140.2435311223,16.5,0.0087072
v3_captured_mixed_heldout_gpqa_t128_l13,fixed,3,68599.4803636251,0,4314758.0085269315,18,17,4383357.488890557,4314753.426046158,67712.0,70647.330078125,4385405.3386050565,4314527.173488479,1x40x256,4314758.0085269315,16.5,0.0043536
v3_captured_mixed_heldout_gpqa_t128_l13,fixed,5,70453.37358490587,0,1316593.6171160282,19,18,1387046.990700934,1316590.4976191728,67712.0,70556.408203125,1387150.0253191532,1316359.8561097388,1x40x256,1316593.6171160282,16.5,0.007256
v3_captured_mixed_heldout_gpqa_t128_l13,fixed,2,68599.4803636251,0,4383357.488890557,20,19,4451956.969254182,4383352.906409783,67712.0,70074.935546875,4453432.424437432,4383126.653852104,1x40x256,4383357.488890557,16.5,0.0029024000000000003
v3_captured_mixed_heldout_gpqa_t128_l13,fixed,14,69977.50558709679,0,1948694.6132806174,21,20,2018672.1188677142,1948691.1182566173,67712.0,69831.099609375,2018525.7128899924,1948461.6033286175,1x40x256,1948694.6132806174,16.5,0.03304
v3_captured_mixed_heldout_gpqa_t128_l13,fixed,21,69867.17611940298,0,3417568.6467924602,22,21,3487435.822911863,3417565.064702908,67712.0,69388.888671875,3486957.5354643352,3417335.8109715646,1x40x256,3417568.6467924602,16.5,0.058984800000000004
v3_captured_mixed_heldout_gpqa_t128_l13,fixed,12,69977.50558709679,0,2018672.1188677142,23,22,2088649.624454811,2018668.6238437141,67712.0,69867.26171875,2088539.3805864642,2018439.1089157143,1x40x256,2018672.1188677142,16.5,0.0174144
v3_captured_mixed_heldout_gpqa_t128_l13,fixed,8,70453.37358490587,0,1387046.990700934,24,23,1457500.36428584,1387043.8712040787,67712.0,70530.578125,1457577.568825934,1386813.2296946447,1x40x256,1387046.990700934,16.5,0.011609600000000001
v3_captured_mixed_heldout_gpqa_t128_l13,fixed,10,69977.50558709656,0,2088649.624454811,25,24,2158627.1300419075,2088646.129430811,67712.0,69895.158203125,2158544.782657936,2088416.614502811,1x40x256,2088649.624454811,16.5,0.014512
v3_captured_mixed_heldout_gpqa_t128_l13,fixed,21,69867.17611940298,0,3487435.822911863,26,25,3557302.999031266,3487432.240822311,67712.0,69508.740234375,3556944.563146238,3487202.9870909676,1x40x256,3487435.822911863,16.5,0.058984800000000004
v3_captured_mixed_heldout_gpqa_t128_l13,fixed,9,69977.50558709633,0,2158627.1300419075,27,26,2228604.635629004,2158623.6350179077,67712.0,69915.822265625,2228542.9523075325,2158394.120089908,1x40x256,2158627.1300419075,16.5,0.0130608
v3_captured_mixed_heldout_gpqa_t128_l13,fixed,6,70453.37358490587,0,1457500.36428584,28,27,1527953.7378707458,1457497.2447889845,67712.0,70510.947265625,1528011.311551465,1457266.6032795506,1x40x256,1457500.36428584,16.5,0.0087072
v3_captured_mixed_heldout_gpqa_t128_l13,fixed,17,69867.17611940298,0,3557302.999031266,29,28,3627170.175150669,3557299.416941714,67712.0,69598.62890625,3626901.627937516,3557070.1632103706,1x40x256,3557302.999031266,16.5,0.04012
v3_captured_mixed_heldout_gpqa_t128_l13,fixed,14,69977.50558709633,0,2228604.635629004,30,29,2298582.1412161,2228601.1406050036,67712.0,69931.3203125,2298535.955941504,2228371.625677004,1x40x256,2228604.635629004,16.5,0.03304
v3_captured_mixed_heldout_gpqa_t128_l13,fixed,12,69977.50558709633,0,2298582.1412161,31,30,2368559.6468031965,2298578.6461921,67712.0,69942.685546875,2368524.826762975,2298349.1312641003,1x40x256,2298582.1412161,16.5,0.0174144
v3_captured_mixed_heldout_gpqa_t128_l13,fixed,15,69977.50558709633,0,2368559.6468031965,32,31,2438537.152390293,2368556.151779196,67712.0,69950.951171875,2438510.5979750715,2368326.6368511966,1x40x256,2368559.6468031965,16.5,0.0354
v3_captured_mixed_heldout_gpqa_t128_l13,fixed,21,69875.43880597036,0,3627170.175150669,33,32,3697045.6139566395,3627166.593061117,67712.0,69665.787109375,3696835.962260044,3626937.3393297736,1x40x256,3627170.175150669,16.5,0.058984800000000004
v3_captured_mixed_heldout_gpqa_t128_l13,fixed,7,70453.37358490587,0,1527953.7378707458,34,33,1598407.1114556517,1527950.6183738904,67712.0,70496.482421875,1598450.2202926208,1527719.9768644564,1x40x256,1527953.7378707458,16.5,0.0101584
v3_captured_mixed_heldout_gpqa_t128_l13,fixed,28,78782.2183863424,0,809558.3699014939,35,34,888340.5882878363,808904.1547499787,78774.4,80531.72685546875,890090.0967569626,808673.2,1x40x256,809558.3699014939,16.5,0.07864639999999999
v3_captured_mixed_heldout_gpqa_t128_l13,fixed,12,69977.50558709633,0,2438537.152390293,36,35,2508514.657977389,2438533.6573662926,67712.0,69957.150390625,2508494.302780918,2438304.142438293,1x40x256,2438537.152390293,16.5,0.0174144
v3_captured_mixed_heldout_gpqa_t128_l13,fixed,2,68599.4803636251,0,4451956.969254182,37,36,4520556.449617807,4451952.386773408,67712.0,70074.935546875,4522031.904801057,4451726.134215729,1x40x256,4451956.969254182,16.5,0.0029024000000000003
v3_captured_mixed_heldout_gpqa_t128_l13,fixed,18,4940631.9999999935,1,3713679.333333331,38,37,8654311.333333325,3691977.2877387526,4940696.0,4940696.0,8654375.333333332,3691885.999999997,2x2x512,3713679.333333331,16.5,4.940568
v3_captured_mixed_heldout_gpqa_t128_l13,fixed,7,70271.79761767713,0,1598407.1114556517,39,38,1668678.9090733288,1598403.9919587963,67712.0,70486.150390625,1668893.2618462767,1598173.3504493623,1x40x256,1598407.1114556517,16.5,0.0101584
v3_captured_mixed_heldout_gpqa_t128_l13,fixed,20,68820.43912774371,0,3697045.6139566395,40,39,3765866.0530843833,3697033.76918052,67712.0,69716.4140625,3766762.0280191395,3696804.5154491765,1x40x256,3697045.6139566395,16.5,0.056176
v3_captured_mixed_heldout_gpqa_t128_l13,fixed,17,68668.13786676247,0,3765866.0530843833,41,40,3834534.1909511457,3765962.165617929,67712.0,69755.67578125,3835621.7288656333,3765817.0393390893,1x40x256,3765866.0530843833,16.5,0.04012
v3_captured_mixed_heldout_gpqa_t128_l13,fixed,19,68622.36619800422,0,3834534.1909511457,42,41,3903156.55714915,3834561.645981554,67712.0,69522.171875,3904056.3628261457,3834362.8484542836,1x40x256,3834534.1909511457,16.5,0.04484
v3_captured_mixed_heldout_gpqa_t128_l13,fixed,12,69977.50558709633,0,2508514.657977389,43,42,2578492.1635644855,2508511.162953389,67712.0,69962.31640625,2578476.974383639,2508281.6480253893,1x40x256,2508514.657977389,16.5,0.0174144
v3_captured_mixed_heldout_gpqa_t128_l13,fixed,16,69977.50558709633,0,2578492.1635644855,44,43,2648469.669151582,2578488.668540485,67712.0,69966.44921875,2648458.6127832355,2578259.1536124856,1x40x256,2578492.1635644855,16.5,0.03776
v3_captured_mixed_heldout_gpqa_t128_l13,fixed,26,73171.41384088772,0,888340.5882878363,45,44,961512.002128724,887802.1246514725,73156.8,74788.80747070313,963129.3957585394,887571.1699014938,1x40x256,888340.5882878363,16.5,0.0730288
v3_captured_mixed_heldout_gpqa_t128_l13,fixed,18,68604.04955965467,0,3903156.55714915,46,45,3971760.6067088046,3903161.126345179,67712.0,69308.298828125,3972464.855977275,3902939.4429835295,1x40x256,3903156.55714915,16.5,0.04248
v3_captured_mixed_heldout_gpqa_t128_l13,fixed,11,69977.50558709633,0,2648469.669151582,47,46,2718447.174738678,2648466.1741275815,67712.0,69969.548828125,2718439.217979707,2648236.659199582,1x40x256,2648469.669151582,16.5,0.0159632
v3_captured_mixed_heldout_gpqa_t128_l13,fixed,26,73171.41384088772,0,961512.002128724,48,47,1034683.4159696117,961007.8097044816,73156.8,74382.48002929687,1035894.4821580208,960776.8549545029,1x40x256,961512.002128724,16.5,0.0730288
v3_captured_mixed_heldout_gpqa_t128_l13,fixed,16,69977.50558709633,0,2718447.174738678,49,48,2788424.6803257745,2718443.679714678,67712.0,69971.615234375,2788418.789973053,2718214.1647866783,1x40x256,2718447.174738678,16.5,0.03776
v3_captured_mixed_heldout_gpqa_t128_l13,fixed,2,68599.4803636251,0,4520556.449617807,52,49,4589155.929981432,4520551.8671370335,67712.0,69706.08203125,4590262.531649057,4520325.614579354,1x40x256,4520556.449617807,16.5,0.0029024000000000003
v3_captured_mixed_heldout_gpqa_t128_l13,fixed,2,68599.4803636251,0,4589155.929981432,53,50,4657755.410345057,4589151.347500659,67712.0,69429.18359375,4658585.113575182,4588925.0949429795,1x40x256,4589155.929981432,16.5,0.0029024000000000003
v3_captured_mixed_heldout_gpqa_t128_l13,fixed,9,69977.50558709633,0,2788424.6803257745,54,51,2858402.185912871,2788421.185301774,67712.0,69972.6484375,2858397.3287632745,2788191.6703737746,1x40x256,2788424.6803257745,16.5,0.0130608
v3_captured_mixed_heldout_gpqa_t128_l13,fixed,15,69977.50558709633,0,2858402.185912871,55,52,2928379.691499967,2858398.6908888705,67712.0,69973.681640625,2928375.867553496,2858169.175960871,1x40x256,2858402.185912871,16.5,0.0354
v3_captured_mixed_heldout_gpqa_t128_l13,fixed,4,68518.35408478603,0,4657755.410345057,56,53,4726273.764429843,4657750.827864284,67712.0,70134.861328125,4727890.271673182,4657524.575306605,1x40x256,4657755.410345057,16.5,0.005804800000000001
v3_captured_mixed_heldout_gpqa_t128_l13,fixed,21,68599.48036362557,0,3971760.6067088046,57,54,4040360.08707243,3971757.547293374,67712.0,69136.787109375,4040897.3938181796,3971531.294735695,1x40x256,3971760.6067088046,16.5,0.058984800000000004
v3_captured_mixed_heldout_gpqa_t128_l13,fixed,11,69977.50558709633,0,2928379.691499967,58,55,2998357.1970870635,2928376.196475967,67712.0,69974.71484375,2998354.406343717,2928146.6815479673,1x40x256,2928379.691499967,16.5,0.0159632
v3_captured_mixed_heldout_gpqa_t128_l13,fixed,7,2060659.9999999974,1,1653019.3333333337,60,56,3713679.333333331,1636786.5363489492,2060724.0,2060692.555847168,3713711.889180502,1636693.9999999993,2x2x512,1653019.3333333337,16.5,2.060596
v3_captured_mixed_heldout_gpqa_t128_l13,fixed,20,68599.48036362557,0,4040360.08707243,61,57,4108959.5674360557,4040355.5045916564,67712.0,69003.50390625,4109363.59097868,4040129.2520339773,1x40x256,4040360.08707243,16.5,0.056176
v3_captured_mixed_heldout_gpqa_t128_l13,fixed,11,69875.56910838233,0,2998357.1970870635,62,58,3068232.766195446,2998353.702063063,67712.0,69975.748046875,3068332.9451339385,2998124.1871350636,1x40x256,2998357.1970870635,16.5,0.0159632
v3_captured_mixed_heldout_gpqa_t128_l13,fixed,36,101289.43656816054,0,708260.9333333333,63,59,809558.3699014939,708451.3140151516,101244.8,101890.55693359375,810159.490266927,,1x40x256,708268.9333333333,16.5,0.1011168
v3_captured_mixed_heldout_gpqa_t128_l13,fixed,128,702233.6,0,,-1,60,708260.9333333333,6256.721117424237,702233.6,702233.6,708260.9333333333,,1x40x256,6027.333333333333,99.0,0.7018496
v3_captured_mixed_heldout_gpqa_t128_l13,milp,12,67582.72765886295,0,1034489.2708067591,0,0,1102071.998465622,1034503.9984656221,67712.0,67712.0,1102201.2708067591,1034294.726124485,1x40x256,1034489.2708067591,16.5,0.0174144
v3_captured_mixed_heldout_gpqa_t128_l13,milp,18,67762.5446822741,0,1102071.998465622,1,1,1169834.5431478962,1102201.2708067591,67712.0,67712.0,1169783.998465622,1102057.2708067591,1x40x256,1102071.998465622,16.5,0.04248
v3_captured_mixed_heldout_gpqa_t128_l13,milp,1,67582.72765886295,0,1169834.5431478962,2,2,1237417.2708067591,1169849.2708067591,67712.0,67712.0,1237546.5431478962,1169639.998465622,1x40x256,1169834.5431478962,16.5,0.0014512000000000001
v3_captured_mixed_heldout_gpqa_t128_l13,milp,1,67762.5446822741,0,1237417.2708067591,4,3,1305179.8154890332,1237546.5431478962,67712.0,67712.0,1305129.2708067591,1237402.5431478962,1x40x256,1237417.2708067591,16.5,0.0014512000000000001
v3_captured_mixed_heldout_gpqa_t128_l13,milp,6,67582.72765886295,0,1305179.8154890332,5,4,1372762.5431478962,1305194.5431478962,67712.0,67712.0,1372891.8154890332,1304985.2708067591,1x40x256,1305179.8154890332,16.5,0.0087072
v3_captured_mixed_heldout_gpqa_t128_l13,milp,21,67762.5446822741,0,1372762.5431478962,6,5,1440525.0878301703,1372891.8154890332,67712.0,67712.0,1440474.5431478962,1372747.8154890332,1x40x256,1372762.5431478962,16.5,0.058984800000000004
v3_captured_mixed_heldout_gpqa_t128_l13,milp,8,67582.72765886295,0,1440525.0878301703,7,6,1508107.8154890332,1440539.8154890332,67712.0,67712.0,1508237.0878301703,1440330.5431478962,1x40x256,1440525.0878301703,16.5,0.011609600000000001
v3_captured_mixed_heldout_gpqa_t128_l13,milp,1,67762.5446822741,0,1508107.8154890332,8,7,1575870.3601713073,1508237.0878301703,67712.0,67712.0,1575819.8154890332,1508093.0878301703,1x40x256,1508107.8154890332,16.5,0.0014512000000000001
v3_captured_mixed_heldout_gpqa_t128_l13,milp,15,67582.72765886295,0,1575870.3601713073,9,8,1643453.0878301703,1575885.0878301703,67712.0,67712.0,1643582.3601713073,1575675.8154890332,1x40x256,1575870.3601713073,16.5,0.0354
v3_captured_mixed_heldout_gpqa_t128_l13,milp,20,67762.5446822741,0,1643453.0878301703,10,9,1711215.6325124444,1643582.3601713073,67712.0,67712.0,1711165.0878301703,1643438.3601713073,1x40x256,1643453.0878301703,16.5,0.056176
v3_captured_mixed_heldout_gpqa_t128_l13,milp,17,67582.72765886295,0,1711215.6325124444,11,10,1778798.3601713073,1711230.3601713073,67712.0,67712.0,1778927.6325124444,1711021.0878301703,1x40x256,1711215.6325124444,16.5,0.04012
v3_captured_mixed_heldout_gpqa_t128_l13,milp,7,67762.5446822741,0,1778798.3601713073,12,11,1846560.9048535815,1778927.6325124444,67712.0,67712.0,1846510.3601713073,1778783.6325124444,1x40x256,1778798.3601713073,16.5,0.0101584
v3_captured_mixed_heldout_gpqa_t128_l13,milp,14,67582.72765886295,0,1846560.9048535815,13,12,1914143.6325124444,1846575.6325124444,67712.0,67712.0,1914272.9048535815,1846366.3601713073,1x40x256,1846560.9048535815,16.5,0.03304
v3_captured_mixed_heldout_gpqa_t128_l13,milp,8,67762.5446822741,0,1914143.6325124444,14,13,1981906.1771947185,1914272.9048535815,67712.0,67712.0,1981855.6325124444,1914128.9048535815,1x40x256,1914143.6325124444,16.5,0.011609600000000001
v3_captured_mixed_heldout_gpqa_t128_l13,milp,19,67582.72765886295,0,1981906.1771947185,15,14,2049488.9048535815,1981920.9048535815,67712.0,67712.0,2049618.1771947185,1981711.6325124444,1x40x256,1981906.1771947185,16.5,0.04484
v3_captured_mixed_heldout_gpqa_t128_l13,milp,11,67762.5446822741,0,2049488.9048535815,16,15,2117251.4495358556,2049618.1771947185,67712.0,67712.0,2117200.9048535815,2049474.1771947185,1x40x256,2049488.9048535815,16.5,0.0159632
v3_captured_mixed_heldout_gpqa_t128_l13,milp,6,67582.72765886318,0,2117251.4495358556,17,16,2184834.1771947187,2117266.1771947187,67712.0,67712.0,2184963.4495358556,2117056.9048535815,1x40x256,2117251.4495358556,16.5,0.0087072
v3_captured_mixed_heldout_gpqa_t128_l13,milp,3,67762.54468227364,0,2184834.1771947187,18,17,2252596.7218769924,2184963.4495358556,67712.0,67712.0,2252546.1771947187,2184819.4495358556,1x40x256,2184834.1771947187,16.5,0.0043536
v3_captured_mixed_heldout_gpqa_t128_l13,milp,5,67582.72765886318,0,2252596.7218769924,19,18,2320179.4495358556,2252611.4495358556,67712.0,67712.0,2320308.7218769924,2252402.1771947187,1x40x256,2252596.7218769924,16.5,0.007256
v3_captured_mixed_heldout_gpqa_t128_l13,milp,2,67762.54468227364,0,2320179.4495358556,20,19,2387941.994218129,2320308.7218769924,67712.0,67712.0,2387891.4495358556,2320164.7218769924,1x40x256,2320179.4495358556,16.5,0.0029024000000000003
v3_captured_mixed_heldout_gpqa_t128_l13,milp,14,67582.72765886318,0,2387941.994218129,21,20,2455524.7218769924,2387956.7218769924,67712.0,67712.0,2455653.994218129,2387747.4495358556,1x40x256,2387941.994218129,16.5,0.03304
v3_captured_mixed_heldout_gpqa_t128_l13,milp,21,67762.54468227364,0,2455524.7218769924,22,21,2523287.266559266,2455653.994218129,67712.0,67712.0,2523236.7218769924,2455509.994218129,1x40x256,2455524.7218769924,16.5,0.058984800000000004
v3_captured_mixed_heldout_gpqa_t128_l13,milp,12,67582.72765886318,0,2523287.266559266,23,22,2590869.994218129,2523301.994218129,67712.0,67712.0,2590999.266559266,2523092.7218769924,1x40x256,2523287.266559266,16.5,0.0174144
v3_captured_mixed_heldout_gpqa_t128_l13,milp,8,67762.54468227364,0,2590869.994218129,24,23,2658632.538900403,2590999.266559266,67712.0,67712.0,2658581.994218129,2590855.266559266,1x40x256,2590869.994218129,16.5,0.011609600000000001
v3_captured_mixed_heldout_gpqa_t128_l13,milp,10,67582.72765886318,0,2658632.538900403,25,24,2726215.266559266,2658647.266559266,67712.0,67712.0,2726344.538900403,2658437.994218129,1x40x256,2658632.538900403,16.5,0.014512
v3_captured_mixed_heldout_gpqa_t128_l13,milp,21,67762.54468227364,0,2726215.266559266,26,25,2793977.8112415397,2726344.538900403,67712.0,67712.0,2793927.266559266,2726200.538900403,1x40x256,2726215.266559266,16.5,0.058984800000000004
v3_captured_mixed_heldout_gpqa_t128_l13,milp,9,67582.72765886318,0,2793977.8112415397,27,26,2861560.538900403,2793992.538900403,67712.0,67712.0,2861689.8112415397,2793783.266559266,1x40x256,2793977.8112415397,16.5,0.0130608
v3_captured_mixed_heldout_gpqa_t128_l13,milp,6,67762.54468227364,0,2861560.538900403,28,27,2929323.0835826765,2861689.8112415397,67712.0,67712.0,2929272.538900403,2861545.8112415397,1x40x256,2861560.538900403,16.5,0.0087072
v3_captured_mixed_heldout_gpqa_t128_l13,milp,17,67582.72765886318,0,2929323.0835826765,29,28,2996905.8112415397,2929337.8112415397,67712.0,67712.0,2997035.0835826765,2929128.538900403,1x40x256,2929323.0835826765,16.5,0.04012
v3_captured_mixed_heldout_gpqa_t128_l13,milp,14,67762.54468227364,0,2996905.8112415397,30,29,3064668.3559238133,2997035.0835826765,67712.0,67712.0,3064617.8112415397,2996891.0835826765,1x40x256,2996905.8112415397,16.5,0.03304
v3_captured_mixed_heldout_gpqa_t128_l13,milp,12,67582.72765886318,0,3064668.3559238133,31,30,3132251.0835826765,3064683.0835826765,67712.0,67712.0,3132380.3559238133,3064473.8112415397,1x40x256,3064668.3559238133,16.5,0.0174144
v3_captured_mixed_heldout_gpqa_t128_l13,milp,15,67762.54468227364,0,3132251.0835826765,32,31,3200013.62826495,3132380.3559238133,67712.0,67712.0,3199963.0835826765,3132236.3559238133,1x40x256,3132251.0835826765,16.5,0.0354
v3_captured_mixed_heldout_gpqa_t128_l13,milp,21,67582.72765886318,0,3200013.62826495,33,32,3267596.3559238133,3200028.3559238133,67712.0,67712.0,3267725.62826495,3199819.0835826765,1x40x256,3200013.62826495,16.5,0.058984800000000004
v3_captured_mixed_heldout_gpqa_t128_l13,milp,7,67762.54468227364,0,3267596.3559238133,34,33,3335358.900606087,3267725.62826495,67712.0,67712.0,3335308.3559238133,3267581.62826495,1x40x256,3267596.3559238133,16.5,0.0101584
v3_captured_mixed_heldout_gpqa_t128_l13,milp,28,78833.56711071928,0,809323.714462629,35,34,888157.2815733483,809390.4635429516,78774.4,78774.4,888098.1144626291,809233.2126232742,1x40x256,809323.714462629,16.5,0.07864639999999999
v3_captured_mixed_heldout_gpqa_t128_l13,milp,12,67582.72765886318,0,3335358.900606087,36,35,3402941.62826495,3335373.62826495,67712.0,67712.0,3403070.900606087,3335164.3559238133,1x40x256,3335358.900606087,16.5,0.0174144
v3_captured_mixed_heldout_gpqa_t128_l13,milp,2,67762.54468227364,0,3402941.62826495,37,36,3470704.1729472238,3403070.900606087,67712.0,67712.0,3470653.62826495,3402926.900606087,1x40x256,3402941.62826495,16.5,0.0029024000000000003
v3_captured_mixed_heldout_gpqa_t128_l13,milp,18,67582.72765886318,0,3470704.1729472238,38,37,3538286.900606087,3470718.900606087,67712.0,67712.0,3538416.1729472238,3470509.62826495,1x40x256,3470704.1729472238,16.5,0.04248
v3_captured_mixed_heldout_gpqa_t128_l13,milp,7,67762.54468227364,0,3538286.900606087,39,38,3606049.4452883606,3538416.1729472238,67712.0,67712.0,3605998.900606087,3538272.1729472238,1x40x256,3538286.900606087,16.5,0.0101584
v3_captured_mixed_heldout_gpqa_t128_l13,milp,20,67582.72765886318,0,3606049.4452883606,40,39,3673632.1729472238,3606064.1729472238,67712.0,67712.0,3673761.4452883606,3605854.900606087,1x40x256,3606049.4452883606,16.5,0.056176
v3_captured_mixed_heldout_gpqa_t128_l13,milp,17,67762.54468227364,0,3673632.1729472238,41,40,3741394.7176294974,3673761.4452883606,67712.0,67712.0,3741344.1729472238,3673617.4452883606,1x40x256,3673632.1729472238,16.5,0.04012
v3_captured_mixed_heldout_gpqa_t128_l13,milp,19,67582.72765886318,0,3741394.7176294974,42,41,3808977.4452883606,3741409.4452883606,67712.0,67712.0,3809106.7176294974,3741200.1729472238,1x40x256,3741394.7176294974,16.5,0.04484
v3_captured_mixed_heldout_gpqa_t128_l13,milp,12,67762.54468227364,0,3808977.4452883606,43,42,3876739.989970634,3809106.7176294974,67712.0,67712.0,3876689.4452883606,3808962.7176294974,1x40x256,3808977.4452883606,16.5,0.0174144
v3_captured_mixed_heldout_gpqa_t128_l13,milp,16,67582.72765886318,0,3876739.989970634,44,43,3944322.7176294974,3876754.7176294974,67712.0,67712.0,3944451.989970634,3876545.4452883606,1x40x256,3876739.989970634,16.5,0.03776
v3_captured_mixed_heldout_gpqa_t128_l13,milp,26,73124.64455113665,0,888157.2815733483,45,44,961281.926124485,888167.6980179887,73156.8,73156.8,961314.0815733484,887954.1144626291,1x40x256,888157.2815733483,16.5,0.0730288
v3_captured_mixed_heldout_gpqa_t128_l13,milp,18,67762.54468227364,0,3944322.7176294974,46,45,4012085.262311771,3944451.989970634,67712.0,67712.0,4012034.7176294974,3944307.989970634,1x40x256,3944322.7176294974,16.5,0.04248
v3_captured_mixed_heldout_gpqa_t128_l13,milp,11,67582.72765886318,0,4012085.262311771,47,46,4079667.989970634,4012099.989970634,67712.0,67712.0,4079797.262311771,4011890.7176294974,1x40x256,4012085.262311771,16.5,0.0159632
v3_captured_mixed_heldout_gpqa_t128_l13,milp,26,73207.34468227415,0,961281.926124485,48,47,1034489.2708067591,961338.0038489167,73156.8,73156.8,1034438.726124485,961170.0815733484,1x40x256,961281.926124485,16.5,0.0730288
v3_captured_mixed_heldout_gpqa_t128_l13,milp,16,67762.54468227364,0,4079667.989970634,49,48,4147430.534652908,4079797.262311771,67712.0,67712.0,4147379.989970634,4079653.262311771,1x40x256,4079667.989970634,16.5,0.03776
v3_captured_mixed_heldout_gpqa_t128_l13,milp,2,67582.72765886271,0,4147430.534652908,52,49,4215013.262311771,4147445.262311771,67712.0,67712.0,4215142.534652907,4147235.989970634,1x40x256,4147430.534652908,16.5,0.0029024000000000003
v3_captured_mixed_heldout_gpqa_t128_l13,milp,2,67762.54468227364,0,4215013.262311771,53,50,4282775.806994044,4215142.534652907,67712.0,67712.0,4282725.262311771,4214998.534652907,1x40x256,4215013.262311771,16.5,0.0029024000000000003
v3_captured_mixed_heldout_gpqa_t128_l13,milp,9,67582.72765886318,0,4282775.806994044,54,51,4350358.534652907,4282790.534652907,67712.0,67712.0,4350487.806994044,4282581.262311771,1x40x256,4282775.806994044,16.5,0.0130608
v3_captured_mixed_heldout_gpqa_t128_l13,milp,15,67762.54468227364,0,4350358.534652907,55,52,4418121.079335181,4350487.806994044,67712.0,67712.0,4418070.534652907,4350343.806994044,1x40x256,4350358.534652907,16.5,0.0354
v3_captured_mixed_heldout_gpqa_t128_l13,milp,4,67582.72765886318,0,4418121.079335181,56,53,4485703.806994044,4418135.806994044,67712.0,67712.0,4485833.079335181,4417926.534652907,1x40x256,4418121.079335181,16.5,0.005804800000000001
v3_captured_mixed_heldout_gpqa_t128_l13,milp,21,67762.54468227364,0,4485703.806994044,57,54,4553466.351676318,4485833.079335181,67712.0,67712.0,4553415.806994044,4485689.079335181,1x40x256,4485703.806994044,16.5,0.058984800000000004
v3_captured_mixed_heldout_gpqa_t128_l13,milp,11,67582.72765886318,0,4553466.351676318,58,55,4621049.079335181,4553481.079335181,67712.0,67712.0,4621178.351676318,4553271.806994044,1x40x256,4553466.351676318,16.5,0.0159632
v3_captured_mixed_heldout_gpqa_t128_l13,milp,7,67762.54468227364,0,4621049.079335181,60,56,4688811.624017455,4621178.351676318,67712.0,67712.0,4688761.079335181,4621034.351676318,1x40x256,4621049.079335181,16.5,0.0101584
v3_captured_mixed_heldout_gpqa_t128_l13,milp,20,67582.72765886318,0,4688811.624017455,61,57,4756394.351676318,4688826.351676318,67712.0,67712.0,4756523.624017455,4688617.079335181,1x40x256,4688811.624017455,16.5,0.056176
v3_captured_mixed_heldout_gpqa_t128_l13,milp,11,67697.27234113682,0,4756394.351676318,62,58,4824091.624017455,4756523.624017455,67712.0,67712.0,4824106.351676318,4756379.624017455,1x40x256,4756394.351676318,16.5,0.0159632
v3_captured_mixed_heldout_gpqa_t128_l13,milp,36,101191.30183935491,0,708132.4126232741,63,59,809323.714462629,708136.6729783037,101244.8,101244.8,809377.2126232742,707916.9333333333,1x40x256,708132.4126232741,16.5,0.1011168
v3_captured_mixed_heldout_gpqa_t128_l13,milp,128,702305.0792899408,0,,-1,60,708132.4126232741,6056.721117424242,702233.6,702233.6,708060.9333333333,,1x40x256,5827.333333333333,99.0,0.7018496
