window_id,design,onchip_mode,cycles_exact,hbm_bytes_exact,result_digest_exact
heldout_bfcl_b2_l2_s3,B0,pipelined,True,True,True
heldout_bfcl_b4_l2_s3,B0,pipelined,True,True,True
heldout_bfcl_b8_l2_s3,B0,pipelined,True,True,True
heldout_bfcl_b16_l2_s3,B0,pipelined,True,True,True
heldout_bfcl_b2_l2_s7,B0,pipelined,True,True,True
heldout_bfcl_b4_l2_s7,B0,pipelined,True,True,True
heldout_bfcl_b8_l2_s7,B0,pipelined,True,True,True
heldout_bfcl_b16_l2_s7,B0,pipelined,True,True,True
heldout_bfcl_b2_l2_s11,B0,pipelined,True,True,True
heldout_bfcl_b4_l2_s11,B0,pipelined,True,True,True
heldout_bfcl_b8_l2_s11,B0,pipelined,True,True,True
heldout_bfcl_b16_l2_s11,B0,pipelined,True,True,True
heldout_bfcl_b2_l13_s3,B0,pipelined,True,True,True
heldout_bfcl_b4_l13_s3,B0,pipelined,True,True,True
heldout_bfcl_b8_l13_s3,B0,pipelined,True,True,True
heldout_bfcl_b16_l13_s3,B0,pipelined,True,True,True
heldout_bfcl_b2_l13_s7,B0,pipelined,True,True,True
heldout_bfcl_b4_l13_s7,B0,pipelined,True,True,True
heldout_bfcl_b8_l13_s7,B0,pipelined,True,True,True
heldout_bfcl_b16_l13_s7,B0,pipelined,True,True,True
heldout_bfcl_b2_l13_s11,B0,pipelined,True,True,True
heldout_bfcl_b4_l13_s11,B0,pipelined,True,True,True
heldout_bfcl_b8_l13_s11,B0,pipelined,True,True,True
heldout_bfcl_b16_l13_s11,B0,pipelined,True,True,True
heldout_bfcl_b2_l26_s3,B0,pipelined,True,True,True
heldout_bfcl_b4_l26_s3,B0,pipelined,True,True,True
heldout_bfcl_b8_l26_s3,B0,pipelined,True,True,True
heldout_bfcl_b16_l26_s3,B0,pipelined,True,True,True
heldout_bfcl_b2_l26_s7,B0,pipelined,True,True,True
heldout_bfcl_b4_l26_s7,B0,pipelined,True,True,True
heldout_bfcl_b8_l26_s7,B0,pipelined,True,True,True
heldout_bfcl_b16_l26_s7,B0,pipelined,True,True,True
heldout_bfcl_b2_l26_s11,B0,pipelined,True,True,True
heldout_bfcl_b4_l26_s11,B0,pipelined,True,True,True
heldout_bfcl_b8_l26_s11,B0,pipelined,True,True,True
heldout_bfcl_b16_l26_s11,B0,pipelined,True,True,True
heldout_gpqa_b2_l2_s3,B0,pipelined,True,True,True
heldout_gpqa_b4_l2_s3,B0,pipelined,True,True,True
heldout_gpqa_b8_l2_s3,B0,pipelined,True,True,True
heldout_gpqa_b16_l2_s3,B0,pipelined,True,True,True
heldout_gpqa_b2_l2_s7,B0,pipelined,True,True,True
heldout_gpqa_b4_l2_s7,B0,pipelined,True,True,True
heldout_gpqa_b8_l2_s7,B0,pipelined,True,True,True
heldout_gpqa_b16_l2_s7,B0,pipelined,True,True,True
heldout_gpqa_b2_l2_s11,B0,pipelined,True,True,True
heldout_gpqa_b4_l2_s11,B0,pipelined,True,True,True
heldout_gpqa_b8_l2_s11,B0,pipelined,True,True,True
heldout_gpqa_b16_l2_s11,B0,pipelined,True,True,True
heldout_gpqa_b2_l13_s3,B0,pipelined,True,True,True
heldout_gpqa_b4_l13_s3,B0,pipelined,True,True,True
heldout_gpqa_b8_l13_s3,B0,pipelined,True,True,True
heldout_gpqa_b16_l13_s3,B0,pipelined,True,True,True
heldout_gpqa_b2_l13_s7,B0,pipelined,True,True,True
heldout_gpqa_b4_l13_s7,B0,pipelined,True,True,True
heldout_gpqa_b8_l13_s7,B0,pipelined,True,True,True
heldout_gpqa_b16_l13_s7,B0,pipelined,True,True,True
heldout_gpqa_b2_l13_s11,B0,pipelined,True,True,True
heldout_gpqa_b4_l13_s11,B0,pipelined,True,True,True
heldout_gpqa_b8_l13_s11,B0,pipelined,True,True,True
heldout_gpqa_b16_l13_s11,B0,pipelined,True,True,True
heldout_gpqa_b2_l26_s3,B0,pipelined,True,True,True
heldout_gpqa_b4_l26_s3,B0,pipelined,True,True,True
heldout_gpqa_b8_l26_s3,B0,pipelined,True,True,True
heldout_gpqa_b16_l26_s3,B0,pipelined,True,True,True
heldout_gpqa_b2_l26_s7,B0,pipelined,True,True,True
heldout_gpqa_b4_l26_s7,B0,pipelined,True,True,True
heldout_gpqa_b8_l26_s7,B0,pipelined,True,True,True
heldout_gpqa_b16_l26_s7,B0,pipelined,True,True,True
heldout_gpqa_b2_l26_s11,B0,pipelined,True,True,True
heldout_gpqa_b4_l26_s11,B0,pipelined,True,True,True
heldout_gpqa_b8_l26_s11,B0,pipelined,True,True,True
heldout_gpqa_b16_l26_s11,B0,pipelined,True,True,True
heldout_swe_b2_l2_s3,B0,pipelined,True,True,True
heldout_swe_b4_l2_s3,B0,pipelined,True,True,True
heldout_swe_b8_l2_s3,B0,pipelined,True,True,True
heldout_swe_b16_l2_s3,B0,pipelined,True,True,True
heldout_swe_b2_l2_s7,B0,pipelined,True,True,True
heldout_swe_b4_l2_s7,B0,pipelined,True,True,True
heldout_swe_b8_l2_s7,B0,pipelined,True,True,True
heldout_swe_b16_l2_s7,B0,pipelined,True,True,True
heldout_swe_b2_l2_s11,B0,pipelined,True,True,True
heldout_swe_b4_l2_s11,B0,pipelined,True,True,True
heldout_swe_b8_l2_s11,B0,pipelined,True,True,True
heldout_swe_b16_l2_s11,B0,pipelined,True,True,True
heldout_swe_b2_l13_s3,B0,pipelined,True,True,True
heldout_swe_b4_l13_s3,B0,pipelined,True,True,True
heldout_swe_b8_l13_s3,B0,pipelined,True,True,True
heldout_swe_b16_l13_s3,B0,pipelined,True,True,True
heldout_swe_b2_l13_s7,B0,pipelined,True,True,True
heldout_swe_b4_l13_s7,B0,pipelined,True,True,True
heldout_swe_b8_l13_s7,B0,pipelined,True,True,True
heldout_swe_b16_l13_s7,B0,pipelined,True,True,True
heldout_swe_b2_l13_s11,B0,pipelined,True,True,True
heldout_swe_b4_l13_s11,B0,pipelined,True,True,True
heldout_swe_b8_l13_s11,B0,pipelined,True,True,True
heldout_swe_b16_l13_s11,B0,pipelined,True,True,True
heldout_swe_b2_l26_s3,B0,pipelined,True,True,True
heldout_swe_b4_l26_s3,B0,pipelined,True,True,True
heldout_swe_b8_l26_s3,B0,pipelined,True,True,True
heldout_swe_b16_l26_s3,B0,pipelined,True,True,True
heldout_swe_b2_l26_s7,B0,pipelined,True,True,True
heldout_swe_b4_l26_s7,B0,pipelined,True,True,True
heldout_swe_b8_l26_s7,B0,pipelined,True,True,True
heldout_swe_b16_l26_s7,B0,pipelined,True,True,True
heldout_swe_b2_l26_s11,B0,pipelined,True,True,True
heldout_swe_b4_l26_s11,B0,pipelined,True,True,True
heldout_swe_b8_l26_s11,B0,pipelined,True,True,True
heldout_swe_b16_l26_s11,B0,pipelined,True,True,True
v3_captured_mixed_heldout_bfcl_t64_l2,B0,pipelined,True,True,True
v3_captured_mixed_heldout_bfcl_t96_l2,B0,pipelined,True,True,True
v3_captured_mixed_heldout_bfcl_t128_l2,B0,pipelined,True,True,True
v3_captured_mixed_heldout_bfcl_t64_l13,B0,pipelined,True,True,True
v3_captured_mixed_heldout_bfcl_t96_l13,B0,pipelined,True,True,True
v3_captured_mixed_heldout_bfcl_t128_l13,B0,pipelined,True,True,True
v3_captured_mixed_heldout_bfcl_t64_l26,B0,pipelined,True,True,True
v3_captured_mixed_heldout_bfcl_t96_l26,B0,pipelined,True,True,True
v3_captured_mixed_heldout_bfcl_t128_l26,B0,pipelined,True,True,True
v3_captured_mixed_heldout_gpqa_t64_l2,B0,pipelined,True,True,True
v3_captured_mixed_heldout_gpqa_t96_l2,B0,pipelined,True,True,True
v3_captured_mixed_heldout_gpqa_t128_l2,B0,pipelined,True,True,True
v3_captured_mixed_heldout_gpqa_t64_l13,B0,pipelined,True,True,True
v3_captured_mixed_heldout_gpqa_t96_l13,B0,pipelined,True,True,True
v3_captured_mixed_heldout_gpqa_t128_l13,B0,pipelined,True,True,True
v3_captured_mixed_heldout_gpqa_t64_l26,B0,pipelined,True,True,True
v3_captured_mixed_heldout_gpqa_t96_l26,B0,pipelined,True,True,True
v3_captured_mixed_heldout_gpqa_t128_l26,B0,pipelined,True,True,True
v3_captured_mixed_heldout_swe_t64_l2,B0,pipelined,True,True,True
v3_captured_mixed_heldout_swe_t96_l2,B0,pipelined,True,True,True
v3_captured_mixed_heldout_swe_t128_l2,B0,pipelined,True,True,True
v3_captured_mixed_heldout_swe_t64_l13,B0,pipelined,True,True,True
v3_captured_mixed_heldout_swe_t96_l13,B0,pipelined,True,True,True
v3_captured_mixed_heldout_swe_t128_l13,B0,pipelined,True,True,True
v3_captured_mixed_heldout_swe_t64_l26,B0,pipelined,True,True,True
v3_captured_mixed_heldout_swe_t96_l26,B0,pipelined,True,True,True
v3_captured_mixed_heldout_swe_t128_l26,B0,pipelined,True,True,True
heldout_bfcl_b2_l2_s3,B1,pipelined,True,True,True
heldout_bfcl_b4_l2_s3,B1,pipelined,True,True,True
heldout_bfcl_b8_l2_s3,B1,pipelined,True,True,True
heldout_bfcl_b16_l2_s3,B1,pipelined,True,True,True
heldout_bfcl_b2_l2_s7,B1,pipelined,True,True,True
heldout_bfcl_b4_l2_s7,B1,pipelined,True,True,True
heldout_bfcl_b8_l2_s7,B1,pipelined,True,True,True
heldout_bfcl_b16_l2_s7,B1,pipelined,True,True,True
heldout_bfcl_b2_l2_s11,B1,pipelined,True,True,True
heldout_bfcl_b4_l2_s11,B1,pipelined,True,True,True
heldout_bfcl_b8_l2_s11,B1,pipelined,True,True,True
heldout_bfcl_b16_l2_s11,B1,pipelined,True,True,True
heldout_bfcl_b2_l13_s3,B1,pipelined,True,True,True
heldout_bfcl_b4_l13_s3,B1,pipelined,True,True,True
heldout_bfcl_b8_l13_s3,B1,pipelined,True,True,True
heldout_bfcl_b16_l13_s3,B1,pipelined,True,True,True
heldout_bfcl_b2_l13_s7,B1,pipelined,True,True,True
heldout_bfcl_b4_l13_s7,B1,pipelined,True,True,True
heldout_bfcl_b8_l13_s7,B1,pipelined,True,True,True
heldout_bfcl_b16_l13_s7,B1,pipelined,True,True,True
heldout_bfcl_b2_l13_s11,B1,pipelined,True,True,True
heldout_bfcl_b4_l13_s11,B1,pipelined,True,True,True
heldout_bfcl_b8_l13_s11,B1,pipelined,True,True,True
heldout_bfcl_b16_l13_s11,B1,pipelined,True,True,True
heldout_bfcl_b2_l26_s3,B1,pipelined,True,True,True
heldout_bfcl_b4_l26_s3,B1,pipelined,True,True,True
heldout_bfcl_b8_l26_s3,B1,pipelined,True,True,True
heldout_bfcl_b16_l26_s3,B1,pipelined,True,True,True
heldout_bfcl_b2_l26_s7,B1,pipelined,True,True,True
heldout_bfcl_b4_l26_s7,B1,pipelined,True,True,True
heldout_bfcl_b8_l26_s7,B1,pipelined,True,True,True
heldout_bfcl_b16_l26_s7,B1,pipelined,True,True,True
heldout_bfcl_b2_l26_s11,B1,pipelined,True,True,True
heldout_bfcl_b4_l26_s11,B1,pipelined,True,True,True
heldout_bfcl_b8_l26_s11,B1,pipelined,True,True,True
heldout_bfcl_b16_l26_s11,B1,pipelined,True,True,True
heldout_gpqa_b2_l2_s3,B1,pipelined,True,True,True
heldout_gpqa_b4_l2_s3,B1,pipelined,True,True,True
heldout_gpqa_b8_l2_s3,B1,pipelined,True,True,True
heldout_gpqa_b16_l2_s3,B1,pipelined,True,True,True
heldout_gpqa_b2_l2_s7,B1,pipelined,True,True,True
heldout_gpqa_b4_l2_s7,B1,pipelined,True,True,True
heldout_gpqa_b8_l2_s7,B1,pipelined,True,True,True
heldout_gpqa_b16_l2_s7,B1,pipelined,True,True,True
heldout_gpqa_b2_l2_s11,B1,pipelined,True,True,True
heldout_gpqa_b4_l2_s11,B1,pipelined,True,True,True
heldout_gpqa_b8_l2_s11,B1,pipelined,True,True,True
heldout_gpqa_b16_l2_s11,B1,pipelined,True,True,True
heldout_gpqa_b2_l13_s3,B1,pipelined,True,True,True
heldout_gpqa_b4_l13_s3,B1,pipelined,True,True,True
heldout_gpqa_b8_l13_s3,B1,pipelined,True,True,True
heldout_gpqa_b16_l13_s3,B1,pipelined,True,True,True
heldout_gpqa_b2_l13_s7,B1,pipelined,True,True,True
heldout_gpqa_b4_l13_s7,B1,pipelined,True,True,True
heldout_gpqa_b8_l13_s7,B1,pipelined,True,True,True
heldout_gpqa_b16_l13_s7,B1,pipelined,True,True,True
heldout_gpqa_b2_l13_s11,B1,pipelined,True,True,True
heldout_gpqa_b4_l13_s11,B1,pipelined,True,True,True
heldout_gpqa_b8_l13_s11,B1,pipelined,True,True,True
heldout_gpqa_b16_l13_s11,B1,pipelined,True,True,True
heldout_gpqa_b2_l26_s3,B1,pipelined,True,True,True
heldout_gpqa_b4_l26_s3,B1,pipelined,True,True,True
heldout_gpqa_b8_l26_s3,B1,pipelined,True,True,True
heldout_gpqa_b16_l26_s3,B1,pipelined,True,True,True
heldout_gpqa_b2_l26_s7,B1,pipelined,True,True,True
heldout_gpqa_b4_l26_s7,B1,pipelined,True,True,True
heldout_gpqa_b8_l26_s7,B1,pipelined,True,True,True
heldout_gpqa_b16_l26_s7,B1,pipelined,True,True,True
heldout_gpqa_b2_l26_s11,B1,pipelined,True,True,True
heldout_gpqa_b4_l26_s11,B1,pipelined,True,True,True
heldout_gpqa_b8_l26_s11,B1,pipelined,True,True,True
heldout_gpqa_b16_l26_s11,B1,pipelined,True,True,True
heldout_swe_b2_l2_s3,B1,pipelined,True,True,True
heldout_swe_b4_l2_s3,B1,pipelined,True,True,True
heldout_swe_b8_l2_s3,B1,pipelined,True,True,True
heldout_swe_b16_l2_s3,B1,pipelined,True,True,True
heldout_swe_b2_l2_s7,B1,pipelined,True,True,True
heldout_swe_b4_l2_s7,B1,pipelined,True,True,True
heldout_swe_b8_l2_s7,B1,pipelined,True,True,True
heldout_swe_b16_l2_s7,B1,pipelined,True,True,True
heldout_swe_b2_l2_s11,B1,pipelined,True,True,True
heldout_swe_b4_l2_s11,B1,pipelined,True,True,True
heldout_swe_b8_l2_s11,B1,pipelined,True,True,True
heldout_swe_b16_l2_s11,B1,pipelined,True,True,True
heldout_swe_b2_l13_s3,B1,pipelined,True,True,True
heldout_swe_b4_l13_s3,B1,pipelined,True,True,True
heldout_swe_b8_l13_s3,B1,pipelined,True,True,True
heldout_swe_b16_l13_s3,B1,pipelined,True,True,True
heldout_swe_b2_l13_s7,B1,pipelined,True,True,True
heldout_swe_b4_l13_s7,B1,pipelined,True,True,True
heldout_swe_b8_l13_s7,B1,pipelined,True,True,True
heldout_swe_b16_l13_s7,B1,pipelined,True,True,True
heldout_swe_b2_l13_s11,B1,pipelined,True,True,True
heldout_swe_b4_l13_s11,B1,pipelined,True,True,True
heldout_swe_b8_l13_s11,B1,pipelined,True,True,True
heldout_swe_b16_l13_s11,B1,pipelined,True,True,True
heldout_swe_b2_l26_s3,B1,pipelined,True,True,True
heldout_swe_b4_l26_s3,B1,pipelined,True,True,True
heldout_swe_b8_l26_s3,B1,pipelined,True,True,True
heldout_swe_b16_l26_s3,B1,pipelined,True,True,True
heldout_swe_b2_l26_s7,B1,pipelined,True,True,True
heldout_swe_b4_l26_s7,B1,pipelined,True,True,True
heldout_swe_b8_l26_s7,B1,pipelined,True,True,True
heldout_swe_b16_l26_s7,B1,pipelined,True,True,True
heldout_swe_b2_l26_s11,B1,pipelined,True,True,True
heldout_swe_b4_l26_s11,B1,pipelined,True,True,True
heldout_swe_b8_l26_s11,B1,pipelined,True,True,True
heldout_swe_b16_l26_s11,B1,pipelined,True,True,True
v3_captured_mixed_heldout_bfcl_t64_l2,B1,pipelined,True,True,True
v3_captured_mixed_heldout_bfcl_t96_l2,B1,pipelined,True,True,True
v3_captured_mixed_heldout_bfcl_t128_l2,B1,pipelined,True,True,True
v3_captured_mixed_heldout_bfcl_t64_l13,B1,pipelined,True,True,True
v3_captured_mixed_heldout_bfcl_t96_l13,B1,pipelined,True,True,True
v3_captured_mixed_heldout_bfcl_t128_l13,B1,pipelined,True,True,True
v3_captured_mixed_heldout_bfcl_t64_l26,B1,pipelined,True,True,True
v3_captured_mixed_heldout_bfcl_t96_l26,B1,pipelined,True,True,True
v3_captured_mixed_heldout_bfcl_t128_l26,B1,pipelined,True,True,True
v3_captured_mixed_heldout_gpqa_t64_l2,B1,pipelined,True,True,True
v3_captured_mixed_heldout_gpqa_t96_l2,B1,pipelined,True,True,True
v3_captured_mixed_heldout_gpqa_t128_l2,B1,pipelined,True,True,True
v3_captured_mixed_heldout_gpqa_t64_l13,B1,pipelined,True,True,True
v3_captured_mixed_heldout_gpqa_t96_l13,B1,pipelined,True,True,True
v3_captured_mixed_heldout_gpqa_t128_l13,B1,pipelined,True,True,True
v3_captured_mixed_heldout_gpqa_t64_l26,B1,pipelined,True,True,True
v3_captured_mixed_heldout_gpqa_t96_l26,B1,pipelined,True,True,True
v3_captured_mixed_heldout_gpqa_t128_l26,B1,pipelined,True,True,True
v3_captured_mixed_heldout_swe_t64_l2,B1,pipelined,True,True,True
v3_captured_mixed_heldout_swe_t96_l2,B1,pipelined,True,True,True
v3_captured_mixed_heldout_swe_t128_l2,B1,pipelined,True,True,True
v3_captured_mixed_heldout_swe_t64_l13,B1,pipelined,True,True,True
v3_captured_mixed_heldout_swe_t96_l13,B1,pipelined,True,True,True
v3_captured_mixed_heldout_swe_t128_l13,B1,pipelined,True,True,True
v3_captured_mixed_heldout_swe_t64_l26,B1,pipelined,True,True,True
v3_captured_mixed_heldout_swe_t96_l26,B1,pipelined,True,True,True
v3_captured_mixed_heldout_swe_t128_l26,B1,pipelined,True,True,True
heldout_bfcl_b2_l2_s3,B0,port_tight,True,True,True
heldout_bfcl_b4_l2_s3,B0,port_tight,True,True,True
heldout_bfcl_b8_l2_s3,B0,port_tight,True,True,True
heldout_bfcl_b16_l2_s3,B0,port_tight,True,True,True
heldout_bfcl_b2_l2_s7,B0,port_tight,True,True,True
heldout_bfcl_b4_l2_s7,B0,port_tight,True,True,True
heldout_bfcl_b8_l2_s7,B0,port_tight,True,True,True
heldout_bfcl_b16_l2_s7,B0,port_tight,True,True,True
heldout_bfcl_b2_l2_s11,B0,port_tight,True,True,True
heldout_bfcl_b4_l2_s11,B0,port_tight,True,True,True
heldout_bfcl_b8_l2_s11,B0,port_tight,True,True,True
heldout_bfcl_b16_l2_s11,B0,port_tight,True,True,True
heldout_bfcl_b2_l13_s3,B0,port_tight,True,True,True
heldout_bfcl_b4_l13_s3,B0,port_tight,True,True,True
heldout_bfcl_b8_l13_s3,B0,port_tight,True,True,True
heldout_bfcl_b16_l13_s3,B0,port_tight,True,True,True
heldout_bfcl_b2_l13_s7,B0,port_tight,True,True,True
heldout_bfcl_b4_l13_s7,B0,port_tight,True,True,True
heldout_bfcl_b8_l13_s7,B0,port_tight,True,True,True
heldout_bfcl_b16_l13_s7,B0,port_tight,True,True,True
heldout_bfcl_b2_l13_s11,B0,port_tight,True,True,True
heldout_bfcl_b4_l13_s11,B0,port_tight,True,True,True
heldout_bfcl_b8_l13_s11,B0,port_tight,True,True,True
heldout_bfcl_b16_l13_s11,B0,port_tight,True,True,True
heldout_bfcl_b2_l26_s3,B0,port_tight,True,True,True
heldout_bfcl_b4_l26_s3,B0,port_tight,True,True,True
heldout_bfcl_b8_l26_s3,B0,port_tight,True,True,True
heldout_bfcl_b16_l26_s3,B0,port_tight,True,True,True
heldout_bfcl_b2_l26_s7,B0,port_tight,True,True,True
heldout_bfcl_b4_l26_s7,B0,port_tight,True,True,True
heldout_bfcl_b8_l26_s7,B0,port_tight,True,True,True
heldout_bfcl_b16_l26_s7,B0,port_tight,True,True,True
heldout_bfcl_b2_l26_s11,B0,port_tight,True,True,True
heldout_bfcl_b4_l26_s11,B0,port_tight,True,True,True
heldout_bfcl_b8_l26_s11,B0,port_tight,True,True,True
heldout_bfcl_b16_l26_s11,B0,port_tight,True,True,True
heldout_gpqa_b2_l2_s3,B0,port_tight,True,True,True
heldout_gpqa_b4_l2_s3,B0,port_tight,True,True,True
heldout_gpqa_b8_l2_s3,B0,port_tight,True,True,True
heldout_gpqa_b16_l2_s3,B0,port_tight,True,True,True
heldout_gpqa_b2_l2_s7,B0,port_tight,True,True,True
heldout_gpqa_b4_l2_s7,B0,port_tight,True,True,True
heldout_gpqa_b8_l2_s7,B0,port_tight,True,True,True
heldout_gpqa_b16_l2_s7,B0,port_tight,True,True,True
heldout_gpqa_b2_l2_s11,B0,port_tight,True,True,True
heldout_gpqa_b4_l2_s11,B0,port_tight,True,True,True
heldout_gpqa_b8_l2_s11,B0,port_tight,True,True,True
heldout_gpqa_b16_l2_s11,B0,port_tight,True,True,True
heldout_gpqa_b2_l13_s3,B0,port_tight,True,True,True
heldout_gpqa_b4_l13_s3,B0,port_tight,True,True,True
heldout_gpqa_b8_l13_s3,B0,port_tight,True,True,True
heldout_gpqa_b16_l13_s3,B0,port_tight,True,True,True
heldout_gpqa_b2_l13_s7,B0,port_tight,True,True,True
heldout_gpqa_b4_l13_s7,B0,port_tight,True,True,True
heldout_gpqa_b8_l13_s7,B0,port_tight,True,True,True
heldout_gpqa_b16_l13_s7,B0,port_tight,True,True,True
heldout_gpqa_b2_l13_s11,B0,port_tight,True,True,True
heldout_gpqa_b4_l13_s11,B0,port_tight,True,True,True
heldout_gpqa_b8_l13_s11,B0,port_tight,True,True,True
heldout_gpqa_b16_l13_s11,B0,port_tight,True,True,True
heldout_gpqa_b2_l26_s3,B0,port_tight,True,True,True
heldout_gpqa_b4_l26_s3,B0,port_tight,True,True,True
heldout_gpqa_b8_l26_s3,B0,port_tight,True,True,True
heldout_gpqa_b16_l26_s3,B0,port_tight,True,True,True
heldout_gpqa_b2_l26_s7,B0,port_tight,True,True,True
heldout_gpqa_b4_l26_s7,B0,port_tight,True,True,True
heldout_gpqa_b8_l26_s7,B0,port_tight,True,True,True
heldout_gpqa_b16_l26_s7,B0,port_tight,True,True,True
heldout_gpqa_b2_l26_s11,B0,port_tight,True,True,True
heldout_gpqa_b4_l26_s11,B0,port_tight,True,True,True
heldout_gpqa_b8_l26_s11,B0,port_tight,True,True,True
heldout_gpqa_b16_l26_s11,B0,port_tight,True,True,True
heldout_swe_b2_l2_s3,B0,port_tight,True,True,True
heldout_swe_b4_l2_s3,B0,port_tight,True,True,True
heldout_swe_b8_l2_s3,B0,port_tight,True,True,True
heldout_swe_b16_l2_s3,B0,port_tight,True,True,True
heldout_swe_b2_l2_s7,B0,port_tight,True,True,True
heldout_swe_b4_l2_s7,B0,port_tight,True,True,True
heldout_swe_b8_l2_s7,B0,port_tight,True,True,True
heldout_swe_b16_l2_s7,B0,port_tight,True,True,True
heldout_swe_b2_l2_s11,B0,port_tight,True,True,True
heldout_swe_b4_l2_s11,B0,port_tight,True,True,True
heldout_swe_b8_l2_s11,B0,port_tight,True,True,True
heldout_swe_b16_l2_s11,B0,port_tight,True,True,True
heldout_swe_b2_l13_s3,B0,port_tight,True,True,True
heldout_swe_b4_l13_s3,B0,port_tight,True,True,True
heldout_swe_b8_l13_s3,B0,port_tight,True,True,True
heldout_swe_b16_l13_s3,B0,port_tight,True,True,True
heldout_swe_b2_l13_s7,B0,port_tight,True,True,True
heldout_swe_b4_l13_s7,B0,port_tight,True,True,True
heldout_swe_b8_l13_s7,B0,port_tight,True,True,True
heldout_swe_b16_l13_s7,B0,port_tight,True,True,True
heldout_swe_b2_l13_s11,B0,port_tight,True,True,True
heldout_swe_b4_l13_s11,B0,port_tight,True,True,True
heldout_swe_b8_l13_s11,B0,port_tight,True,True,True
heldout_swe_b16_l13_s11,B0,port_tight,True,True,True
heldout_swe_b2_l26_s3,B0,port_tight,True,True,True
heldout_swe_b4_l26_s3,B0,port_tight,True,True,True
heldout_swe_b8_l26_s3,B0,port_tight,True,True,True
heldout_swe_b16_l26_s3,B0,port_tight,True,True,True
heldout_swe_b2_l26_s7,B0,port_tight,True,True,True
heldout_swe_b4_l26_s7,B0,port_tight,True,True,True
heldout_swe_b8_l26_s7,B0,port_tight,True,True,True
heldout_swe_b16_l26_s7,B0,port_tight,True,True,True
heldout_swe_b2_l26_s11,B0,port_tight,True,True,True
heldout_swe_b4_l26_s11,B0,port_tight,True,True,True
heldout_swe_b8_l26_s11,B0,port_tight,True,True,True
heldout_swe_b16_l26_s11,B0,port_tight,True,True,True
v3_captured_mixed_heldout_bfcl_t64_l2,B0,port_tight,True,True,True
v3_captured_mixed_heldout_bfcl_t96_l2,B0,port_tight,True,True,True
v3_captured_mixed_heldout_bfcl_t128_l2,B0,port_tight,True,True,True
v3_captured_mixed_heldout_bfcl_t64_l13,B0,port_tight,True,True,True
v3_captured_mixed_heldout_bfcl_t96_l13,B0,port_tight,True,True,True
v3_captured_mixed_heldout_bfcl_t128_l13,B0,port_tight,True,True,True
v3_captured_mixed_heldout_bfcl_t64_l26,B0,port_tight,True,True,True
v3_captured_mixed_heldout_bfcl_t96_l26,B0,port_tight,True,True,True
v3_captured_mixed_heldout_bfcl_t128_l26,B0,port_tight,True,True,True
v3_captured_mixed_heldout_gpqa_t64_l2,B0,port_tight,True,True,True
v3_captured_mixed_heldout_gpqa_t96_l2,B0,port_tight,True,True,True
v3_captured_mixed_heldout_gpqa_t128_l2,B0,port_tight,True,True,True
v3_captured_mixed_heldout_gpqa_t64_l13,B0,port_tight,True,True,True
v3_captured_mixed_heldout_gpqa_t96_l13,B0,port_tight,True,True,True
v3_captured_mixed_heldout_gpqa_t128_l13,B0,port_tight,True,True,True
v3_captured_mixed_heldout_gpqa_t64_l26,B0,port_tight,True,True,True
v3_captured_mixed_heldout_gpqa_t96_l26,B0,port_tight,True,True,True
v3_captured_mixed_heldout_gpqa_t128_l26,B0,port_tight,True,True,True
v3_captured_mixed_heldout_swe_t64_l2,B0,port_tight,True,True,True
v3_captured_mixed_heldout_swe_t96_l2,B0,port_tight,True,True,True
v3_captured_mixed_heldout_swe_t128_l2,B0,port_tight,True,True,True
v3_captured_mixed_heldout_swe_t64_l13,B0,port_tight,True,True,True
v3_captured_mixed_heldout_swe_t96_l13,B0,port_tight,True,True,True
v3_captured_mixed_heldout_swe_t128_l13,B0,port_tight,True,True,True
v3_captured_mixed_heldout_swe_t64_l26,B0,port_tight,True,True,True
v3_captured_mixed_heldout_swe_t96_l26,B0,port_tight,True,True,True
v3_captured_mixed_heldout_swe_t128_l26,B0,port_tight,True,True,True
heldout_bfcl_b2_l2_s3,B1,port_tight,True,True,True
heldout_bfcl_b4_l2_s3,B1,port_tight,True,True,True
heldout_bfcl_b8_l2_s3,B1,port_tight,True,True,True
heldout_bfcl_b16_l2_s3,B1,port_tight,True,True,True
heldout_bfcl_b2_l2_s7,B1,port_tight,True,True,True
heldout_bfcl_b4_l2_s7,B1,port_tight,True,True,True
heldout_bfcl_b8_l2_s7,B1,port_tight,True,True,True
heldout_bfcl_b16_l2_s7,B1,port_tight,True,True,True
heldout_bfcl_b2_l2_s11,B1,port_tight,True,True,True
heldout_bfcl_b4_l2_s11,B1,port_tight,True,True,True
heldout_bfcl_b8_l2_s11,B1,port_tight,True,True,True
heldout_bfcl_b16_l2_s11,B1,port_tight,True,True,True
heldout_bfcl_b2_l13_s3,B1,port_tight,True,True,True
heldout_bfcl_b4_l13_s3,B1,port_tight,True,True,True
heldout_bfcl_b8_l13_s3,B1,port_tight,True,True,True
heldout_bfcl_b16_l13_s3,B1,port_tight,True,True,True
heldout_bfcl_b2_l13_s7,B1,port_tight,True,True,True
heldout_bfcl_b4_l13_s7,B1,port_tight,True,True,True
heldout_bfcl_b8_l13_s7,B1,port_tight,True,True,True
heldout_bfcl_b16_l13_s7,B1,port_tight,True,True,True
heldout_bfcl_b2_l13_s11,B1,port_tight,True,True,True
heldout_bfcl_b4_l13_s11,B1,port_tight,True,True,True
heldout_bfcl_b8_l13_s11,B1,port_tight,True,True,True
heldout_bfcl_b16_l13_s11,B1,port_tight,True,True,True
heldout_bfcl_b2_l26_s3,B1,port_tight,True,True,True
heldout_bfcl_b4_l26_s3,B1,port_tight,True,True,True
heldout_bfcl_b8_l26_s3,B1,port_tight,True,True,True
heldout_bfcl_b16_l26_s3,B1,port_tight,True,True,True
heldout_bfcl_b2_l26_s7,B1,port_tight,True,True,True
heldout_bfcl_b4_l26_s7,B1,port_tight,True,True,True
heldout_bfcl_b8_l26_s7,B1,port_tight,True,True,True
heldout_bfcl_b16_l26_s7,B1,port_tight,True,True,True
heldout_bfcl_b2_l26_s11,B1,port_tight,True,True,True
heldout_bfcl_b4_l26_s11,B1,port_tight,True,True,True
heldout_bfcl_b8_l26_s11,B1,port_tight,True,True,True
heldout_bfcl_b16_l26_s11,B1,port_tight,True,True,True
heldout_gpqa_b2_l2_s3,B1,port_tight,True,True,True
heldout_gpqa_b4_l2_s3,B1,port_tight,True,True,True
heldout_gpqa_b8_l2_s3,B1,port_tight,True,True,True
heldout_gpqa_b16_l2_s3,B1,port_tight,True,True,True
heldout_gpqa_b2_l2_s7,B1,port_tight,True,True,True
heldout_gpqa_b4_l2_s7,B1,port_tight,True,True,True
heldout_gpqa_b8_l2_s7,B1,port_tight,True,True,True
heldout_gpqa_b16_l2_s7,B1,port_tight,True,True,True
heldout_gpqa_b2_l2_s11,B1,port_tight,True,True,True
heldout_gpqa_b4_l2_s11,B1,port_tight,True,True,True
heldout_gpqa_b8_l2_s11,B1,port_tight,True,True,True
heldout_gpqa_b16_l2_s11,B1,port_tight,True,True,True
heldout_gpqa_b2_l13_s3,B1,port_tight,True,True,True
heldout_gpqa_b4_l13_s3,B1,port_tight,True,True,True
heldout_gpqa_b8_l13_s3,B1,port_tight,True,True,True
heldout_gpqa_b16_l13_s3,B1,port_tight,True,True,True
heldout_gpqa_b2_l13_s7,B1,port_tight,True,True,True
heldout_gpqa_b4_l13_s7,B1,port_tight,True,True,True
heldout_gpqa_b8_l13_s7,B1,port_tight,True,True,True
heldout_gpqa_b16_l13_s7,B1,port_tight,True,True,True
heldout_gpqa_b2_l13_s11,B1,port_tight,True,True,True
heldout_gpqa_b4_l13_s11,B1,port_tight,True,True,True
heldout_gpqa_b8_l13_s11,B1,port_tight,True,True,True
heldout_gpqa_b16_l13_s11,B1,port_tight,True,True,True
heldout_gpqa_b2_l26_s3,B1,port_tight,True,True,True
heldout_gpqa_b4_l26_s3,B1,port_tight,True,True,True
heldout_gpqa_b8_l26_s3,B1,port_tight,True,True,True
heldout_gpqa_b16_l26_s3,B1,port_tight,True,True,True
heldout_gpqa_b2_l26_s7,B1,port_tight,True,True,True
heldout_gpqa_b4_l26_s7,B1,port_tight,True,True,True
heldout_gpqa_b8_l26_s7,B1,port_tight,True,True,True
heldout_gpqa_b16_l26_s7,B1,port_tight,True,True,True
heldout_gpqa_b2_l26_s11,B1,port_tight,True,True,True
heldout_gpqa_b4_l26_s11,B1,port_tight,True,True,True
heldout_gpqa_b8_l26_s11,B1,port_tight,True,True,True
heldout_gpqa_b16_l26_s11,B1,port_tight,True,True,True
heldout_swe_b2_l2_s3,B1,port_tight,True,True,True
heldout_swe_b4_l2_s3,B1,port_tight,True,True,True
heldout_swe_b8_l2_s3,B1,port_tight,True,True,True
heldout_swe_b16_l2_s3,B1,port_tight,True,True,True
heldout_swe_b2_l2_s7,B1,port_tight,True,True,True
heldout_swe_b4_l2_s7,B1,port_tight,True,True,True
heldout_swe_b8_l2_s7,B1,port_tight,True,True,True
heldout_swe_b16_l2_s7,B1,port_tight,True,True,True
heldout_swe_b2_l2_s11,B1,port_tight,True,True,True
heldout_swe_b4_l2_s11,B1,port_tight,True,True,True
heldout_swe_b8_l2_s11,B1,port_tight,True,True,True
heldout_swe_b16_l2_s11,B1,port_tight,True,True,True
heldout_swe_b2_l13_s3,B1,port_tight,True,True,True
heldout_swe_b4_l13_s3,B1,port_tight,True,True,True
heldout_swe_b8_l13_s3,B1,port_tight,True,True,True
heldout_swe_b16_l13_s3,B1,port_tight,True,True,True
heldout_swe_b2_l13_s7,B1,port_tight,True,True,True
heldout_swe_b4_l13_s7,B1,port_tight,True,True,True
heldout_swe_b8_l13_s7,B1,port_tight,True,True,True
heldout_swe_b16_l13_s7,B1,port_tight,True,True,True
heldout_swe_b2_l13_s11,B1,port_tight,True,True,True
heldout_swe_b4_l13_s11,B1,port_tight,True,True,True
heldout_swe_b8_l13_s11,B1,port_tight,True,True,True
heldout_swe_b16_l13_s11,B1,port_tight,True,True,True
heldout_swe_b2_l26_s3,B1,port_tight,True,True,True
heldout_swe_b4_l26_s3,B1,port_tight,True,True,True
heldout_swe_b8_l26_s3,B1,port_tight,True,True,True
heldout_swe_b16_l26_s3,B1,port_tight,True,True,True
heldout_swe_b2_l26_s7,B1,port_tight,True,True,True
heldout_swe_b4_l26_s7,B1,port_tight,True,True,True
heldout_swe_b8_l26_s7,B1,port_tight,True,True,True
heldout_swe_b16_l26_s7,B1,port_tight,True,True,True
heldout_swe_b2_l26_s11,B1,port_tight,True,True,True
heldout_swe_b4_l26_s11,B1,port_tight,True,True,True
heldout_swe_b8_l26_s11,B1,port_tight,True,True,True
heldout_swe_b16_l26_s11,B1,port_tight,True,True,True
v3_captured_mixed_heldout_bfcl_t64_l2,B1,port_tight,True,True,True
v3_captured_mixed_heldout_bfcl_t96_l2,B1,port_tight,True,True,True
v3_captured_mixed_heldout_bfcl_t128_l2,B1,port_tight,True,True,True
v3_captured_mixed_heldout_bfcl_t64_l13,B1,port_tight,True,True,True
v3_captured_mixed_heldout_bfcl_t96_l13,B1,port_tight,True,True,True
v3_captured_mixed_heldout_bfcl_t128_l13,B1,port_tight,True,True,True
v3_captured_mixed_heldout_bfcl_t64_l26,B1,port_tight,True,True,True
v3_captured_mixed_heldout_bfcl_t96_l26,B1,port_tight,True,True,True
v3_captured_mixed_heldout_bfcl_t128_l26,B1,port_tight,True,True,True
v3_captured_mixed_heldout_gpqa_t64_l2,B1,port_tight,True,True,True
v3_captured_mixed_heldout_gpqa_t96_l2,B1,port_tight,True,True,True
v3_captured_mixed_heldout_gpqa_t128_l2,B1,port_tight,True,True,True
v3_captured_mixed_heldout_gpqa_t64_l13,B1,port_tight,True,True,True
v3_captured_mixed_heldout_gpqa_t96_l13,B1,port_tight,True,True,True
v3_captured_mixed_heldout_gpqa_t128_l13,B1,port_tight,True,True,True
v3_captured_mixed_heldout_gpqa_t64_l26,B1,port_tight,True,True,True
v3_captured_mixed_heldout_gpqa_t96_l26,B1,port_tight,True,True,True
v3_captured_mixed_heldout_gpqa_t128_l26,B1,port_tight,True,True,True
v3_captured_mixed_heldout_swe_t64_l2,B1,port_tight,True,True,True
v3_captured_mixed_heldout_swe_t96_l2,B1,port_tight,True,True,True
v3_captured_mixed_heldout_swe_t128_l2,B1,port_tight,True,True,True
v3_captured_mixed_heldout_swe_t64_l13,B1,port_tight,True,True,True
v3_captured_mixed_heldout_swe_t96_l13,B1,port_tight,True,True,True
v3_captured_mixed_heldout_swe_t128_l13,B1,port_tight,True,True,True
v3_captured_mixed_heldout_swe_t64_l26,B1,port_tight,True,True,True
v3_captured_mixed_heldout_swe_t96_l26,B1,port_tight,True,True,True
v3_captured_mixed_heldout_swe_t128_l26,B1,port_tight,True,True,True
