hardware_source,onchip_mode,design,credits,bw_GBps,all_geomean_ms,geometry,t_big,large_first
126 下选出,pipelined,B1,256,126.03076923076924,3.7957875209783682,3x32x128,4,True
126 下选出,pipelined,B2,256,126.03076923076924,3.900270968268241,2x24x128+2x24x128,4,True
126 下选出,pipelined,best_hetero,256,126.03076923076924,3.7890511119833965,1x32x128+2x32x128,4,True
256 下重新搜索,pipelined,B1,256,126.03076923076924,3.78426514502382,1x48x256,4,True
256 下重新搜索,pipelined,B2,256,126.03076923076924,3.8128534106864955,1x48x128+1x48x128,4,True
256 下重新搜索,pipelined,H51,256,126.03076923076924,3.971132596016786,1x40x256+2x2x512,4,True
256 下重新搜索,pipelined,H42,256,126.03076923076924,3.814696014569092,1x64x128+2x32x64,4,True
256 下重新搜索,pipelined,H33,256,126.03076923076924,3.8249929974649,1x48x128+4x3x512,4,True
126 下选出,pipelined,B1,520,256.0,1.8976220008066045,3x32x128,4,True
126 下选出,pipelined,B2,520,256.0,2.149807818078526,2x24x128+2x24x128,4,True
126 下选出,pipelined,best_hetero,520,256.0,1.951042424995853,1x32x128+2x32x128,4,True
256 下重新搜索,pipelined,B1,520,256.0,1.878524357562765,1x48x256,4,True
256 下重新搜索,pipelined,B2,520,256.0,1.9091352707655385,1x48x128+1x48x128,4,True
256 下重新搜索,pipelined,H51,520,256.0,2.13330739618045,1x40x256+2x2x512,4,True
256 下重新搜索,pipelined,H42,520,256.0,1.9332376559765843,1x64x128+2x32x64,4,True
256 下重新搜索,pipelined,H33,520,256.0,2.059313471954266,1x48x128+4x3x512,4,True
126 下选出,port_tight,B1,256,126.03076923076924,10.611953423289957,3x32x128,4,True
126 下选出,port_tight,B2,256,126.03076923076924,10.895895396977613,3x16x128+3x16x128,4,True
126 下选出,port_tight,best_hetero,256,126.03076923076924,10.919826363876755,1x32x128+2x32x128,4,True
256 下重新搜索,port_tight,B1,256,126.03076923076924,10.611811592115982,3x32x128,4,True
256 下重新搜索,port_tight,B2,256,126.03076923076924,10.895765199571338,3x16x128+3x16x128,4,True
256 下重新搜索,port_tight,H51,256,126.03076923076924,11.0261110982731,2x20x256+8x4x64,4,True
256 下重新搜索,port_tight,H42,256,126.03076923076924,10.919826363876755,1x32x128+2x32x128,4,True
256 下重新搜索,port_tight,H33,256,126.03076923076924,10.898055728508288,3x16x128+3x16x128,4,True
126 下选出,port_tight,B1,520,256.0,10.612198055195694,3x32x128,4,True
126 下选出,port_tight,B2,520,256.0,10.89601508544936,3x16x128+3x16x128,4,True
126 下选出,port_tight,best_hetero,520,256.0,10.91426073761391,1x32x128+2x32x128,4,True
256 下重新搜索,port_tight,B1,520,256.0,10.612114261217762,3x32x128,4,True
256 下重新搜索,port_tight,B2,520,256.0,10.895883546105402,3x16x128+3x16x128,4,True
256 下重新搜索,port_tight,H51,520,256.0,11.026119966537768,2x20x256+8x4x64,4,True
256 下重新搜索,port_tight,H42,520,256.0,10.91426073761391,1x32x128+2x32x128,4,True
256 下重新搜索,port_tight,H33,520,256.0,10.898173412679158,3x16x128+3x16x128,4,True
