window_id,batch,Hinf_ms,S0_ms,Hinf_hbm_MiB,S0_hbm_MiB,hbm_byte_ratio,Hinf_hbm_floor_ms,Hinf_floor_over_S0,Hinf_refetch_tasks,S0_refetch_tasks,refetch_details
heldout_bfcl_b2_l2_s3,2,0.9467354876087197,0.947172,231.0,231.0,1.0,0.946176,0.9989484486450191,0,0,[]
heldout_bfcl_b4_l2_s3,4,1.3525376960188853,1.353224,330.0,330.0,1.0,1.35168,0.9988590211228887,0,0,[]
heldout_bfcl_b8_l2_s3,8,1.859888183318642,1.8270880000000003,445.5,445.5,1.0,1.824768,0.9987302198908864,0,0,[]
heldout_bfcl_b16_l2_s3,16,2.443908808988001,2.4362613333333334,594.0,594.0,1.0,2.433024,0.9986711879842118,0,0,[]
heldout_bfcl_b2_l2_s7,2,0.94673548760872,0.947172,231.0,231.0,1.0,0.946176,0.9989484486450191,0,0,[]
heldout_bfcl_b4_l2_s7,4,1.4877770009486488,1.4884413333333333,363.0,363.0,1.0,1.486848,0.9989295289658713,0,0,[]
heldout_bfcl_b8_l2_s7,8,2.0289171165840933,2.0300320000000003,495.0,495.0,1.0,2.02752,0.9987625810824656,0,0,[]
heldout_bfcl_b16_l2_s7,16,3.077405813288332,3.0451613333333336,742.5,742.5,1.0,3.04128,0.9987254096225224,0,0,[]
heldout_bfcl_b2_l2_s11,2,0.6762723069080784,0.67658,165.0,165.0,1.0,0.67584,0.9989062638564545,0,0,[]
heldout_bfcl_b4_l2_s11,4,1.487777000948649,1.4884413333333333,363.0,363.0,1.0,1.486848,0.9989295289658713,0,0,[]
heldout_bfcl_b8_l2_s11,8,2.130368071635652,2.0975226666666664,511.5,511.5,1.0,2.095104,0.9988468936688488,0,0,[]
heldout_bfcl_b16_l2_s11,16,3.483115372282795,3.4513639999999994,841.5,841.5,1.0,3.446784,0.9986729884184921,0,0,[]
heldout_bfcl_b2_l13_s3,2,0.8115017296998861,0.811876,198.0,198.0,1.0,0.811008,0.9989308712167868,0,0,[]
heldout_bfcl_b4_l13_s3,4,1.6230166448021868,1.6237373333333334,396.0,396.0,1.0,1.622016,0.9989398942193443,0,0,[]
heldout_bfcl_b8_l13_s3,8,1.9951211165628013,1.9623053333333333,478.5,478.5,1.0,1.959936,0.9987925766224625,0,0,[]
heldout_bfcl_b16_l13_s3,16,2.7055598332854736,2.706853333333333,660.0,660.0,1.0,2.70336,0.9987094486094557,0,0,[]
heldout_bfcl_b2_l13_s7,2,0.9467354876087198,0.947172,231.0,231.0,1.0,0.946176,0.9989484486450191,0,0,[]
heldout_bfcl_b4_l13_s7,4,1.487777000948649,1.4884413333333333,363.0,363.0,1.0,1.486848,0.9989295289658713,0,0,[]
heldout_bfcl_b8_l13_s7,8,2.164157071644035,2.165328,528.0,528.0,1.0,2.162688,0.9987807851743478,0,0,[]
heldout_bfcl_b16_l13_s7,16,2.705559833285474,2.7067746666666666,660.0,660.0,1.0,2.70336,0.9987384739820727,0,0,[]
heldout_bfcl_b2_l13_s11,2,0.6424741284158587,0.608932,148.5,148.5,1.0,0.608256,0.9988898596230777,0,0,[]
heldout_bfcl_b4_l13_s11,4,1.4539810007799203,1.4207933333333334,346.5,346.5,1.0,1.419264,0.9989236060604639,0,0,[]
heldout_bfcl_b8_l13_s11,8,1.8598878649269437,1.8270093333333333,445.5,445.5,1.0,1.824768,0.9987732228333809,0,0,[]
heldout_bfcl_b16_l13_s11,16,3.212650193211245,3.1805466666666664,775.5,775.5,1.0,3.176448,0.9987113326430258,0,0,[]
heldout_bfcl_b2_l26_s3,2,0.9129394865049373,0.879524,214.5,214.5,1.0,0.878592,0.9989403359089689,0,0,[]
heldout_bfcl_b4_l26_s3,4,1.6230166448021868,1.6237373333333334,396.0,396.0,1.0,1.622016,0.9989398942193443,0,0,[]
heldout_bfcl_b8_l26_s3,8,2.1303590716356524,2.097737333333333,511.5,511.5,1.0,2.095104,0.998744679187671,0,0,[]
heldout_bfcl_b16_l26_s3,16,3.111178387065852,3.112977333333333,759.0,759.0,1.0,3.108864,0.9986786497642344,0,0,[]
heldout_bfcl_b2_l26_s7,2,0.8115017296998861,0.811876,198.0,198.0,1.0,0.811008,0.9989308712167868,0,0,[]
heldout_bfcl_b4_l26_s7,4,1.6230166448021868,1.6237373333333334,396.0,396.0,1.0,1.622016,0.9989398942193443,0,0,[]
heldout_bfcl_b8_l26_s7,8,2.2993950539485204,2.300624,561.0,561.0,1.0,2.297856,0.9987968481594559,0,0,[]
heldout_bfcl_b16_l26_s7,16,2.840714194176566,2.8425319999999994,693.0,693.0,1.0,2.838528,0.9985913966843647,0,0,[]
heldout_bfcl_b2_l26_s11,2,0.6762723069080784,0.67658,165.0,165.0,1.0,0.67584,0.9989062638564545,0,0,[]
heldout_bfcl_b4_l26_s11,4,1.487777000948649,1.4884413333333333,363.0,363.0,1.0,1.486848,0.9989295289658713,0,0,[]
heldout_bfcl_b8_l26_s11,8,2.265601053948166,2.2328186666666667,544.5,544.5,1.0,2.230272,0.9988594386527284,0,0,[]
heldout_bfcl_b16_l26_s11,16,3.246428372436069,3.2485666666666666,792.0,792.0,1.0,3.244032,0.9986041023220498,0,0,[]
heldout_gpqa_b2_l2_s3,2,0.9129394865049372,0.879524,214.5,214.5,1.0,0.878592,0.9989403359089689,0,0,[]
heldout_gpqa_b4_l2_s3,4,1.217298481353194,1.2180746666666664,297.0,297.0,1.0,1.216512,0.9987171010863046,0,0,[]
heldout_gpqa_b8_l2_s3,8,1.5894143114286434,1.5563386666666665,379.5,379.5,1.0,1.554432,0.9987749024633885,0,0,[]
heldout_gpqa_b16_l2_s3,16,1.9200710705413018,1.89492,462.0,462.0,1.0,1.892352,0.9986447976695586,0,0,[]
heldout_gpqa_b2_l2_s7,2,0.9467354876087202,0.947172,231.0,231.0,1.0,0.946176,0.9989484486450191,0,0,[]
heldout_gpqa_b4_l2_s7,4,1.6230166448021868,1.6237373333333334,396.0,396.0,1.0,1.622016,0.9989398942193443,0,0,[]
heldout_gpqa_b8_l2_s7,8,2.29938905394852,2.300702666666667,561.0,561.0,1.0,2.297856,0.9987626968456592,0,0,[]
heldout_gpqa_b16_l2_s7,16,3.2126349623100268,3.180704,775.5,775.5,1.0,3.176448,0.9986619314466232,0,0,[]
heldout_gpqa_b2_l2_s11,2,0.7777057267424273,0.744228,181.5,181.5,1.0,0.743424,0.9989196859027072,0,0,[]
heldout_gpqa_b4_l2_s11,4,1.5892206447619763,1.5560893333333332,379.5,379.5,1.0,1.554432,0.9989349368973676,0,0,[]
heldout_gpqa_b8_l2_s11,8,2.5698690479704576,2.571137333333333,627.0,627.0,1.0,2.568192,0.9988544628499036,0,0,[]
heldout_gpqa_b16_l2_s11,16,3.381658372282795,3.3838626666666665,825.0,825.0,1.0,3.3792,0.9986220875000049,0,0,[]
heldout_gpqa_b2_l13_s3,2,0.9129394865049373,0.879524,214.5,214.5,1.0,0.878592,0.9989403359089689,0,0,[]
heldout_gpqa_b4_l13_s3,4,1.3187436956895444,1.285576,313.5,313.5,1.0,1.284096,0.9988487650671761,0,0,[]
heldout_gpqa_b8_l13_s3,8,1.8936771833502797,1.8947360000000002,462.0,462.0,1.0,1.892352,0.9987417772185675,0,0,[]
heldout_gpqa_b16_l13_s3,16,2.1645199994731232,2.165748,528.0,528.0,1.0,2.162688,0.998587093235224,0,0,[]
heldout_gpqa_b2_l13_s7,2,0.9129394865049373,0.879524,214.5,214.5,1.0,0.878592,0.9989403359089689,0,0,[]
heldout_gpqa_b4_l13_s7,4,1.5892206447619763,1.5560893333333332,379.5,379.5,1.0,1.554432,0.9989349368973676,0,0,[]
heldout_gpqa_b8_l13_s7,8,2.4008330539485203,2.368350666666667,577.5,577.5,1.0,2.36544,0.998771015328248,0,0,[]
heldout_gpqa_b16_l13_s7,16,2.9757300457988376,2.977592,726.0,726.0,1.0,2.973696,0.9986915601600219,0,0,[]
heldout_gpqa_b2_l13_s11,2,0.6424741284158585,0.608932,148.5,148.5,1.0,0.608256,0.9988898596230777,0,0,[]
heldout_gpqa_b4_l13_s11,4,1.6230166448021868,1.6237373333333334,396.0,396.0,1.0,1.622016,0.9989398942193443,0,0,[]
heldout_gpqa_b8_l13_s11,8,2.0289151165840935,2.0300320000000003,495.0,495.0,1.0,2.02752,0.9987625810824656,0,0,[]
heldout_gpqa_b16_l13_s11,16,3.0773980525009206,3.0453186666666667,742.5,742.5,1.0,3.04128,0.9986738114763251,0,0,[]
heldout_gpqa_b2_l26_s3,2,0.9467354876087202,0.947172,231.0,231.0,1.0,0.946176,0.9989484486450191,0,0,[]
heldout_gpqa_b4_l26_s3,4,1.183502480981018,1.1504266666666665,280.5,280.5,1.0,1.148928,0.9986972949166687,0,0,[]
heldout_gpqa_b8_l26_s3,8,1.724640906291614,1.69186,412.5,412.5,1.0,1.6896,0.9986641920726301,0,0,[]
heldout_gpqa_b16_l26_s3,16,2.332659567232569,2.300886666666667,561.0,561.0,1.0,2.297856,0.9986828266204621,0,0,[]
heldout_gpqa_b2_l26_s7,2,0.9467354876087198,0.947172,231.0,231.0,1.0,0.946176,0.9989484486450191,0,0,[]
heldout_gpqa_b4_l26_s7,4,1.5892206447619763,1.5560893333333332,379.5,379.5,1.0,1.554432,0.9989349368973676,0,0,[]
heldout_gpqa_b8_l26_s7,8,2.29938905394852,2.3007026666666666,561.0,561.0,1.0,2.297856,0.9987626968456594,0,0,[]
heldout_gpqa_b16_l26_s7,16,3.1195016232547594,3.1126626666666666,759.0,759.0,1.0,3.108864,0.9987796086266121,0,0,[]
heldout_gpqa_b2_l26_s11,2,0.9129394865049373,0.879524,214.5,214.5,1.0,0.878592,0.9989403359089689,0,0,[]
heldout_gpqa_b4_l26_s11,4,1.7244606448021866,1.6913853333333333,412.5,412.5,1.0,1.6896,0.9989444549990186,0,0,[]
heldout_gpqa_b8_l26_s11,8,2.299389053948521,2.3007600000000004,561.0,561.0,1.0,2.297856,0.9987378083763624,0,0,[]
heldout_gpqa_b16_l26_s11,16,3.381668372282795,3.3834906666666664,825.0,825.0,1.0,3.3792,0.9987318816307262,0,0,[]
heldout_swe_b2_l2_s3,2,0.9129394865049372,0.879524,214.5,214.5,1.0,0.878592,0.9989403359089689,0,0,[]
heldout_swe_b4_l2_s3,4,1.0482668209420531,1.0150626666666664,247.5,247.5,1.0,1.01376,0.9987166637987541,0,0,[]
heldout_swe_b8_l2_s3,8,1.1837111476476845,1.150597333333333,280.5,280.5,1.0,1.148928,0.9985491593931503,0,0,[]
heldout_swe_b16_l2_s3,16,1.3778258149470897,1.3540293333333333,330.0,330.0,1.0,1.35168,0.9982649317296918,0,0,[]
heldout_swe_b2_l2_s7,2,0.912939486504937,0.879524,214.5,214.5,1.0,0.878592,0.9989403359089689,0,0,[]
heldout_swe_b4_l2_s7,4,1.1835044809810178,1.15028,280.5,280.5,1.0,1.148928,0.998824634002156,0,0,[]
heldout_swe_b8_l2_s7,8,1.2174951480198606,1.218324,297.0,297.0,1.0,1.216512,0.9985127109044885,0,0,[]
heldout_swe_b16_l2_s7,16,1.5145582591463116,1.489304,363.0,363.0,1.0,1.486848,0.9983509075380178,0,0,[]
heldout_swe_b2_l2_s11,2,0.9129394865049372,0.879524,214.5,214.5,1.0,0.878592,0.9989403359089689,0,0,[]
heldout_swe_b4_l2_s11,4,1.45398100077992,1.420872,346.5,346.5,1.0,1.419264,0.9988683005928753,0,0,[]
heldout_swe_b8_l2_s11,8,1.3189353623562108,1.2857466666666668,313.5,313.5,1.0,1.284096,0.9987161804813804,0,0,[]
heldout_swe_b16_l2_s11,16,1.9202528092781481,1.8951453333333332,462.0,462.0,1.0,1.892352,0.9985260585116076,0,0,[]
heldout_swe_b2_l13_s3,2,0.94673548760872,0.947172,231.0,231.0,1.0,0.946176,0.9989484486450191,0,0,[]
heldout_swe_b4_l13_s3,4,1.3187416956895441,1.2856546666666666,313.5,313.5,1.0,1.284096,0.9987876474864688,0,0,[]
heldout_swe_b8_l13_s3,8,1.352731362685552,1.3537666666666668,330.0,330.0,1.0,1.35168,0.998458621623618,0,0,[]
heldout_swe_b16_l13_s3,16,1.428603730976504,1.4217346666666668,346.5,346.5,1.0,1.419264,0.9982622167661851,0,0,[]
heldout_swe_b2_l13_s7,2,0.94673548760872,0.947172,231.0,231.0,1.0,0.946176,0.9989484486450191,0,0,[]
heldout_swe_b4_l13_s7,4,1.4539810007799203,1.4207933333333334,346.5,346.5,1.0,1.419264,0.9989236060604639,0,0,[]
heldout_swe_b8_l13_s7,8,1.4541551075267207,1.4214253333333335,346.5,346.5,1.0,1.419264,0.9984794605227241,0,0,[]
heldout_swe_b16_l13_s7,16,1.5145441726400322,1.4893359999999998,363.0,363.0,1.0,1.486848,0.9983294568854847,0,0,[]
heldout_swe_b2_l13_s11,2,0.8115017296998861,0.811876,198.0,198.0,1.0,0.811008,0.9989308712167868,0,0,[]
heldout_swe_b4_l13_s11,4,1.487777000948649,1.4884413333333333,363.0,363.0,1.0,1.486848,0.9989295289658713,0,0,[]
heldout_swe_b8_l13_s11,8,1.3189320623399048,1.285736,313.5,313.5,1.0,1.284096,0.9987244659867967,0,0,[]
heldout_swe_b16_l13_s11,16,1.9273116536643038,1.8951453333333335,462.0,462.0,1.0,1.892352,0.9985260585116075,0,0,[]
heldout_swe_b2_l26_s3,2,0.8115017296998857,0.811876,198.0,198.0,1.0,0.811008,0.9989308712167868,0,0,[]
heldout_swe_b4_l26_s3,4,1.3187416956895444,1.2854973333333333,313.5,313.5,1.0,1.284096,0.9989098901281269,0,0,[]
heldout_swe_b8_l26_s3,8,1.5894045275572237,1.55626,379.5,379.5,1.0,1.554432,0.9988253890738051,0,0,[]
heldout_swe_b16_l26_s3,16,1.927160721602372,1.8953026666666668,462.0,462.0,1.0,1.892352,0.9984431686196822,0,0,[]
heldout_swe_b2_l26_s7,2,0.9467354876087202,0.947172,231.0,231.0,1.0,0.946176,0.9989484486450191,0,0,[]
heldout_swe_b4_l26_s7,4,1.2172984813531935,1.2178493333333333,297.0,297.0,1.0,1.216512,0.9989018893415388,0,0,[]
heldout_swe_b8_l26_s7,8,1.4879676676153157,1.4889946666666667,363.0,363.0,1.0,1.486848,0.9985583113796691,0,0,[]
heldout_swe_b16_l26_s7,16,1.5810202800545625,1.5568373333333334,379.5,379.5,1.0,1.554432,0.9984549873761163,0,0,[]
heldout_swe_b2_l26_s11,2,0.94673548760872,0.947172,231.0,231.0,1.0,0.946176,0.9989484486450191,0,0,[]
heldout_swe_b4_l26_s11,4,1.7244606448021866,1.6913853333333333,412.5,412.5,1.0,1.6896,0.9989444549990186,0,0,[]
heldout_swe_b8_l26_s11,8,1.318950362356211,1.285668,313.5,313.5,1.0,1.284096,0.9987772893157487,0,0,[]
heldout_swe_b16_l26_s11,16,2.036948385308499,2.030452,495.0,495.0,1.0,2.02752,0.9985559865488078,0,0,[]
v3_captured_mixed_heldout_bfcl_t64_l2,64,4.340136590810513,4.507051999999999,1039.5,1039.5,1.0,4.257792,0.944695557095858,0,0,[]
v3_captured_mixed_heldout_bfcl_t96_l2,96,4.808197869571539,4.81586503030303,1122.0,1089.0,1.0303030303030303,4.595712,0.9542858803314143,2,1,"[{'Me': 30, 'core': 0, 'expert_id': 36, 'expert_index': 35, 'refetch_factor': 3.0, 'shared': False, 'spill_bytes': 0, 'z_chunks': 3}, {'Me': 96, 'core': 1, 'expert_id': -1, 'expert_index': 62, 'refetch_factor': 2.0, 'shared': True, 'spill_bytes': 0, 'z_chunks': 2}]"
v3_captured_mixed_heldout_bfcl_t128_l2,128,5.442579616176435,5.3493250909090895,1204.5,1122.0,1.0735294117647058,4.933632,0.9222905536970375,3,1,"[{'Me': 40, 'core': 0, 'expert_id': 36, 'expert_index': 36, 'refetch_factor': 4.0, 'shared': False, 'spill_bytes': 0, 'z_chunks': 4}, {'Me': 31, 'core': 0, 'expert_id': 59, 'expert_index': 59, 'refetch_factor': 3.0, 'shared': False, 'spill_bytes': 0, 'z_chunks': 3}, {'Me': 128, 'core': 1, 'expert_id': -1, 'expert_index': 64, 'refetch_factor': 2.0, 'shared': True, 'spill_bytes': 0, 'z_chunks': 2}]"
v3_captured_mixed_heldout_bfcl_t64_l13,64,4.25711171167965,4.246158666666666,990.0,957.0,1.0344827586206897,4.05504,0.954990220180185,1,0,"[{'Me': 30, 'core': 0, 'expert_id': 6, 'expert_index': 4, 'refetch_factor': 3.0, 'shared': False, 'spill_bytes': 0, 'z_chunks': 3}]"
v3_captured_mixed_heldout_bfcl_t96_l13,96,5.010672002694068,4.865832424242424,1138.5,1072.5,1.0615384615384615,4.663296,0.9583757913171542,2,1,"[{'Me': 53, 'core': 0, 'expert_id': 37, 'expert_index': 37, 'refetch_factor': 5.0, 'shared': False, 'spill_bytes': 0, 'z_chunks': 5}, {'Me': 96, 'core': 1, 'expert_id': -1, 'expert_index': 61, 'refetch_factor': 2.0, 'shared': True, 'spill_bytes': 0, 'z_chunks': 2}]"
v3_captured_mixed_heldout_bfcl_t128_l13,128,5.52353957873949,5.2974858181818165,1188.0,1089.0,1.0909090909090908,4.866048,0.9185580041194158,2,1,"[{'Me': 69, 'core': 0, 'expert_id': 37, 'expert_index': 37, 'refetch_factor': 7.0, 'shared': False, 'spill_bytes': 0, 'z_chunks': 7}, {'Me': 128, 'core': 1, 'expert_id': -1, 'expert_index': 62, 'refetch_factor': 2.0, 'shared': True, 'spill_bytes': 0, 'z_chunks': 2}]"
v3_captured_mixed_heldout_bfcl_t64_l26,64,4.501985353731859,4.440938606060605,1056.0,1023.0,1.032258064516129,4.325376,0.9739778870388129,1,0,"[{'Me': 23, 'core': 0, 'expert_id': 62, 'expert_index': 58, 'refetch_factor': 3.0, 'shared': False, 'spill_bytes': 0, 'z_chunks': 3}]"
v3_captured_mixed_heldout_bfcl_t96_l26,96,4.970547978995376,4.894287515151515,1155.0,1105.5,1.044776119402985,4.73088,0.9666126040520413,2,1,"[{'Me': 35, 'core': 0, 'expert_id': 29, 'expert_index': 28, 'refetch_factor': 4.0, 'shared': False, 'spill_bytes': 0, 'z_chunks': 4}, {'Me': 96, 'core': 1, 'expert_id': -1, 'expert_index': 63, 'refetch_factor': 2.0, 'shared': True, 'spill_bytes': 0, 'z_chunks': 2}]"
v3_captured_mixed_heldout_bfcl_t128_l26,128,5.626853503038525,5.289110424242424,1221.0,1122.0,1.088235294117647,5.001216,0.9455684602607517,4,1,"[{'Me': 20, 'core': 0, 'expert_id': 3, 'expert_index': 3, 'refetch_factor': 2.0, 'shared': False, 'spill_bytes': 0, 'z_chunks': 2}, {'Me': 17, 'core': 0, 'expert_id': 10, 'expert_index': 10, 'refetch_factor': 2.0, 'shared': False, 'spill_bytes': 0, 'z_chunks': 2}, {'Me': 46, 'core': 0, 'expert_id': 29, 'expert_index': 29, 'refetch_factor': 5.0, 'shared': False, 'spill_bytes': 0, 'z_chunks': 5}, {'Me': 128, 'core': 1, 'expert_id': -1, 'expert_index': 64, 'refetch_factor': 2.0, 'shared': True, 'spill_bytes': 0, 'z_chunks': 2}]"
v3_captured_mixed_heldout_gpqa_t64_l2,64,4.502253308602936,4.642054666666666,1072.5,1072.5,1.0,4.39296,0.9463395663012443,0,0,[]
v3_captured_mixed_heldout_gpqa_t96_l2,96,4.7358033246917985,4.884378666666666,1122.0,1122.0,1.0,4.595712,0.9409000230394369,1,1,"[{'Me': 96, 'core': 1, 'expert_id': -1, 'expert_index': 64, 'refetch_factor': 2.0, 'shared': True, 'spill_bytes': 0, 'z_chunks': 2}]"
v3_captured_mixed_heldout_gpqa_t128_l2,128,5.377894426406597,5.0878064848484845,1188.0,1122.0,1.0588235294117647,4.866048,0.9564137343845757,3,1,"[{'Me': 25, 'core': 0, 'expert_id': 15, 'expert_index': 15, 'refetch_factor': 3.0, 'shared': False, 'spill_bytes': 0, 'z_chunks': 3}, {'Me': 23, 'core': 0, 'expert_id': 57, 'expert_index': 57, 'refetch_factor': 3.0, 'shared': False, 'spill_bytes': 0, 'z_chunks': 3}, {'Me': 128, 'core': 1, 'expert_id': -1, 'expert_index': 64, 'refetch_factor': 2.0, 'shared': True, 'spill_bytes': 0, 'z_chunks': 2}]"
v3_captured_mixed_heldout_gpqa_t64_l13,64,4.054837124721504,4.16844,957.0,957.0,1.0,3.919872,0.9403690589285201,0,0,[]
v3_captured_mixed_heldout_gpqa_t96_l13,96,4.584791664281637,4.567148666666666,1072.5,1039.5,1.0317460317460319,4.39296,0.9618605218748446,2,1,"[{'Me': 28, 'core': 0, 'expert_id': 63, 'expert_index': 58, 'refetch_factor': 3.0, 'shared': False, 'spill_bytes': 0, 'z_chunks': 3}, {'Me': 96, 'core': 1, 'expert_id': -1, 'expert_index': 59, 'refetch_factor': 2.0, 'shared': True, 'spill_bytes': 0, 'z_chunks': 2}]"
v3_captured_mixed_heldout_gpqa_t128_l13,128,5.4101936434302385,4.880448848484848,1138.5,1056.0,1.078125,4.663296,0.9555055579463222,3,1,"[{'Me': 28, 'core': 0, 'expert_id': 35, 'expert_index': 34, 'refetch_factor': 3.0, 'shared': False, 'spill_bytes': 0, 'z_chunks': 3}, {'Me': 36, 'core': 0, 'expert_id': 63, 'expert_index': 59, 'refetch_factor': 4.0, 'shared': False, 'spill_bytes': 0, 'z_chunks': 4}, {'Me': 128, 'core': 1, 'expert_id': -1, 'expert_index': 60, 'refetch_factor': 2.0, 'shared': True, 'spill_bytes': 0, 'z_chunks': 2}]"
v3_captured_mixed_heldout_gpqa_t64_l26,64,4.539505982716798,4.641886666666666,1072.5,1072.5,1.0,4.39296,0.9463738163936217,0,0,[]
v3_captured_mixed_heldout_gpqa_t96_l26,96,4.726598732802486,4.8842213333333335,1122.0,1122.0,1.0,4.595712,0.940930331849553,1,1,"[{'Me': 96, 'core': 1, 'expert_id': -1, 'expert_index': 64, 'refetch_factor': 2.0, 'shared': True, 'spill_bytes': 0, 'z_chunks': 2}]"
v3_captured_mixed_heldout_gpqa_t128_l26,128,5.325194447232702,5.109999575757575,1155.0,1122.0,1.0294117647058822,4.73088,0.9258082960405394,2,1,"[{'Me': 29, 'core': 0, 'expert_id': 50, 'expert_index': 50, 'refetch_factor': 3.0, 'shared': False, 'spill_bytes': 0, 'z_chunks': 3}, {'Me': 128, 'core': 1, 'expert_id': -1, 'expert_index': 64, 'refetch_factor': 2.0, 'shared': True, 'spill_bytes': 0, 'z_chunks': 2}]"
v3_captured_mixed_heldout_swe_t64_l2,64,4.474856817213975,4.574621333333333,1056.0,1056.0,1.0,4.325376,0.9455156361211391,0,0,[]
v3_captured_mixed_heldout_swe_t96_l2,96,4.593274846841878,4.827359757575757,1105.5,1105.5,1.0,4.528128,0.9380133711588077,1,1,"[{'Me': 96, 'core': 1, 'expert_id': -1, 'expert_index': 63, 'refetch_factor': 2.0, 'shared': True, 'spill_bytes': 0, 'z_chunks': 2}]"
v3_captured_mixed_heldout_swe_t128_l2,128,5.616869432121954,5.142446545454545,1204.5,1122.0,1.0735294117647058,4.933632,0.9593939297941525,3,1,"[{'Me': 29, 'core': 0, 'expert_id': 15, 'expert_index': 15, 'refetch_factor': 3.0, 'shared': False, 'spill_bytes': 0, 'z_chunks': 3}, {'Me': 34, 'core': 0, 'expert_id': 57, 'expert_index': 57, 'refetch_factor': 4.0, 'shared': False, 'spill_bytes': 0, 'z_chunks': 4}, {'Me': 128, 'core': 1, 'expert_id': -1, 'expert_index': 64, 'refetch_factor': 2.0, 'shared': True, 'spill_bytes': 0, 'z_chunks': 2}]"
v3_captured_mixed_heldout_swe_t64_l13,64,4.076003051822454,3.9927163030303023,940.5,891.0,1.0555555555555556,3.852288,0.9648288802979257,1,0,"[{'Me': 36, 'core': 0, 'expert_id': 57, 'expert_index': 46, 'refetch_factor': 4.0, 'shared': False, 'spill_bytes': 0, 'z_chunks': 4}]"
v3_captured_mixed_heldout_swe_t96_l13,96,4.785889476518133,4.67322303030303,1072.5,1023.0,1.0483870967741935,4.39296,0.9400278932792864,2,1,"[{'Me': 44, 'core': 0, 'expert_id': 19, 'expert_index': 19, 'refetch_factor': 4.0, 'shared': False, 'spill_bytes': 0, 'z_chunks': 4}, {'Me': 96, 'core': 1, 'expert_id': -1, 'expert_index': 58, 'refetch_factor': 2.0, 'shared': True, 'spill_bytes': 0, 'z_chunks': 2}]"
v3_captured_mixed_heldout_swe_t128_l13,128,5.156319009840987,5.2810966666666666,1155.0,1089.0,1.0606060606060606,4.73088,0.8958139376354279,2,1,"[{'Me': 49, 'core': 0, 'expert_id': 19, 'expert_index': 19, 'refetch_factor': 5.0, 'shared': False, 'spill_bytes': 0, 'z_chunks': 5}, {'Me': 128, 'core': 1, 'expert_id': -1, 'expert_index': 62, 'refetch_factor': 2.0, 'shared': True, 'spill_bytes': 0, 'z_chunks': 2}]"
v3_captured_mixed_heldout_swe_t64_l26,64,4.25782443423917,4.371216,1006.5,1006.5,1.0,4.122624,0.9431297835659459,0,0,[]
v3_captured_mixed_heldout_swe_t96_l26,96,4.478153068221943,4.615418787878787,1056.0,1056.0,1.0,4.325376,0.9371578612453305,1,1,"[{'Me': 96, 'core': 1, 'expert_id': -1, 'expert_index': 60, 'refetch_factor': 2.0, 'shared': True, 'spill_bytes': 0, 'z_chunks': 2}]"
v3_captured_mixed_heldout_swe_t128_l26,128,5.5982276644855045,5.087835636363636,1188.0,1122.0,1.0588235294117647,4.866048,0.9564082544690553,3,1,"[{'Me': 23, 'core': 0, 'expert_id': 15, 'expert_index': 15, 'refetch_factor': 3.0, 'shared': False, 'spill_bytes': 0, 'z_chunks': 3}, {'Me': 26, 'core': 0, 'expert_id': 23, 'expert_index': 23, 'refetch_factor': 3.0, 'shared': False, 'spill_bytes': 0, 'z_chunks': 3}, {'Me': 128, 'core': 1, 'expert_id': -1, 'expert_index': 64, 'refetch_factor': 2.0, 'shared': True, 'spill_bytes': 0, 'z_chunks': 2}]"
