state_mode,model,case,phase,batch,tokens,variant,cycles,latency_us_proxy,speedup_vs_A,speedup_vs_B,speedup_vs_D_prime,speedup_vs_D,bank_stall_cycles,matrix_sram_service_cycles,physical_hbm_read_bytes,physical_hbm_write_bytes
official_fp32_streamed,nemotron3,decode_b1_t1,decode,1,1,A_original_fixed,4087452,4087.452,1.0,0.7687987528660887,0.7688100068208752,0.7688100068208752,0,0,2924719616,52947328
official_fp32_streamed,nemotron3,decode_b1_t1,decode,1,1,B_arlo_static,3142428,3142.428,1.3007305179307211,1.0,1.0000146383624382,1.0000146383624382,0,0,2924719616,52947328
official_fp32_streamed,nemotron3,decode_b1_t1,decode,1,1,C_multirow_original_fixed,3160138,3160.138,1.2934409826406315,0.9943958143600058,0.9944103706863434,0.9944103706863434,17664,35328,2924719616,52947328
official_fp32_streamed,nemotron3,decode_b1_t1,decode,1,1,D_prime_best_global_fixed,3142474,3142.474,1.3007114776446838,0.9999853618518403,1.0,1.0,0,17664,2924719616,52947328
official_fp32_streamed,nemotron3,decode_b1_t1,decode,1,1,D_compiler_per_tile_affine,3142474,3142.474,1.3007114776446838,0.9999853618518403,1.0,1.0,0,17664,2924719616,52947328
official_fp32_streamed,nemotron3,decode_b1_t1,decode,1,1,E_affine_plus_matrix_overlap,3132745,3132.745,1.3047509452572743,1.0030908995146428,1.0031055831227884,1.0031055831227884,0,17664,2924719616,52947328
official_fp32_streamed,nemotron3,decode_b2_t1,decode,2,1,A_original_fixed,6838342,6838.342,1.0,0.723610196740672,0.7236236502941795,0.7236236502941795,0,0,3765189120,105894656
official_fp32_streamed,nemotron3,decode_b2_t1,decode,2,1,B_arlo_static,4948294,4948.294,1.381959519786011,1.0,1.0000185922663447,1.0000185922663447,0,0,3765189120,105894656
official_fp32_streamed,nemotron3,decode_b2_t1,decode,2,1,C_multirow_original_fixed,4983714,4983.714,1.3721377270043986,0.9928928505929514,0.9929113107212814,0.9929113107212814,35328,70656,3765189120,105894656
official_fp32_streamed,nemotron3,decode_b2_t1,decode,2,1,D_prime_best_global_fixed,4948386,4948.386,1.381933826504238,0.9999814080793212,1.0,1.0,0,35328,3765189120,105894656
official_fp32_streamed,nemotron3,decode_b2_t1,decode,2,1,D_compiler_per_tile_affine,4948386,4948.386,1.381933826504238,0.9999814080793212,1.0,1.0,0,35328,3765189120,105894656
official_fp32_streamed,nemotron3,decode_b2_t1,decode,2,1,E_affine_plus_matrix_overlap,4928928,4928.928,1.3873893065591545,1.0039290490751742,1.0039477143914457,1.0039477143914457,0,35328,3765189120,105894656
official_fp32_streamed,nemotron3,decode_b4_t1,decode,4,1,A_original_fixed,12340195,12340.195,1.0,0.6936761534157281,0.6936910640391015,0.6936910640391015,0,0,5446128128,211789312
official_fp32_streamed,nemotron3,decode_b4_t1,decode,4,1,B_arlo_static,8560099,8560.099,1.4415948927693476,1.0,1.0000214950785031,1.0000214950785031,0,0,5446128128,211789312
official_fp32_streamed,nemotron3,decode_b4_t1,decode,4,1,C_multirow_original_fixed,8630939,8630.939,1.4297627407632008,0.9917923183097459,0.9918136369634868,0.9918136369634868,70656,141312,5446128128,211789312
official_fp32_streamed,nemotron3,decode_b4_t1,decode,4,1,D_prime_best_global_fixed,8560283,8560.283,1.4415639062400156,0.9999785053835253,1.0,1.0,0,70656,5446128128,211789312
official_fp32_streamed,nemotron3,decode_b4_t1,decode,4,1,D_compiler_per_tile_affine,8560283,8560.283,1.4415639062400156,0.9999785053835253,1.0,1.0,0,70656,5446128128,211789312
official_fp32_streamed,nemotron3,decode_b4_t1,decode,4,1,E_affine_plus_matrix_overlap,8521390,8521.39,1.44814343669284,1.0045425687593221,1.0045641614806975,1.0045641614806975,0,70656,5446128128,211789312
official_fp32_streamed,nemotron3,decode_b8_t1,decode,8,1,A_original_fixed,23343785,23343.785,1.0,0.6761368389916202,0.6761526033588812,0.6761526033588812,0,0,8808006144,423578624
official_fp32_streamed,nemotron3,decode_b8_t1,decode,8,1,B_arlo_static,15783593,15783.593,1.4789905568396244,1.0,1.0000233153503135,1.0000233153503135,0,0,8808006144,423578624
official_fp32_streamed,nemotron3,decode_b8_t1,decode,8,1,C_multirow_original_fixed,15925273,15925.273,1.4658326422410466,0.9911034492155959,0.9911265571397112,0.9911265571397112,141312,282624,8808006144,423578624
official_fp32_streamed,nemotron3,decode_b8_t1,decode,8,1,D_prime_best_global_fixed,15783961,15783.961,1.4789560744606502,0.9999766851932794,1.0,1.0,0,141312,8808006144,423578624
official_fp32_streamed,nemotron3,decode_b8_t1,decode,8,1,D_compiler_per_tile_affine,15783961,15783.961,1.4789560744606502,0.9999766851932794,1.0,1.0,0,141312,8808006144,423578624
official_fp32_streamed,nemotron3,decode_b8_t1,decode,8,1,E_affine_plus_matrix_overlap,15706198,15706.198,1.4862785379376982,1.0049276725022822,1.0049511027430063,1.0049511027430063,0,141312,8808006144,423578624
official_fp32_streamed,nemotron3,decode_b16_t1,decode,16,1,A_original_fixed,45351068,45351.068,1.0,0.6665925486032656,0.6666087775485243,0.6666087775485243,0,0,15531762176,847157248
official_fp32_streamed,nemotron3,decode_b16_t1,decode,16,1,B_arlo_static,30230684,30230.684,1.5001667841852337,1.0,1.0000243461246197,1.0000243461246197,0,0,15531762176,847157248
official_fp32_streamed,nemotron3,decode_b16_t1,decode,16,1,C_multirow_original_fixed,30514044,30514.044,1.4862359115691122,0.9907137841185522,0.9907379041598026,0.9907379041598026,282624,565248,15531762176,847157248
official_fp32_streamed,nemotron3,decode_b16_t1,decode,16,1,D_prime_best_global_fixed,30231420,30231.42,1.5001302618269337,0.9999756544680998,1.0,1.0,0,282624,15531762176,847157248
official_fp32_streamed,nemotron3,decode_b16_t1,decode,16,1,D_compiler_per_tile_affine,30231420,30231.42,1.5001302618269337,0.9999756544680998,1.0,1.0,0,282624,15531762176,847157248
official_fp32_streamed,nemotron3,decode_b16_t1,decode,16,1,E_affine_plus_matrix_overlap,30075894,30075.894,1.5078876125843508,1.005146646679896,1.0051711181054168,1.0051711181054168,0,282624,15531762176,847157248
official_fp32_streamed,nemotron3,decode_b1_t4,decode,1,4,A_original_fixed,16349898,16349.898,1.0,0.7688000255414438,0.7688112794342815,0.7688112794342815,0,0,11698915328,211789312
official_fp32_streamed,nemotron3,decode_b1_t4,decode,1,4,B_arlo_static,12569802,12569.802,1.3007283646950047,1.0,1.0000146382576274,1.0000146382576274,0,0,11698915328,211789312
official_fp32_streamed,nemotron3,decode_b1_t4,decode,1,4,C_multirow_original_fixed,12640642,12640.642,1.2934388933726626,0.9943958542611997,0.9944104104838979,0.9944104104838979,70656,141312,11698915328,211789312
official_fp32_streamed,nemotron3,decode_b1_t4,decode,1,4,D_prime_best_global_fixed,12569986,12569.986,1.3007093245768133,0.9999853619566481,1.0,1.0,0,70656,11698915328,211789312
official_fp32_streamed,nemotron3,decode_b1_t4,decode,1,4,D_compiler_per_tile_affine,12569986,12569.986,1.3007093245768133,0.9999853619566481,1.0,1.0,0,70656,11698915328,211789312
official_fp32_streamed,nemotron3,decode_b1_t4,decode,1,4,E_affine_plus_matrix_overlap,12531070,12531.07,1.3047487564908664,1.003090877315345,1.0031055608180306,1.0031055608180306,0,70656,11698915328,211789312
official_fp32_streamed,nemotron3,decode_b1_t32,decode,1,32,A_original_fixed,130801458,130801.458,1.0,0.7688040449824344,0.7688152986796217,0.7688152986796217,0,0,93594075136,1694314496
official_fp32_streamed,nemotron3,decode_b1_t32,decode,1,32,B_arlo_static,100560690,100560.69,1.300721564261343,1.0,1.0000146379266093,1.0000146379266093,0,0,93594075136,1694314496
official_fp32_streamed,nemotron3,decode_b1_t32,decode,1,32,C_multirow_original_fixed,101127410,101127.41,1.2934322949633537,0.9943959802787394,0.9944105361741193,0.9944105361741193,565248,1130496,93594075136,1694314496
official_fp32_streamed,nemotron3,decode_b1_t32,decode,1,32,D_prime_best_global_fixed,100562162,100562.162,1.3007025246732464,0.9999853622876564,1.0,1.0,0,565248,93594075136,1694314496
official_fp32_streamed,nemotron3,decode_b1_t32,decode,1,32,D_compiler_per_tile_affine,100562162,100562.162,1.3007025246732464,0.9999853622876564,1.0,1.0,0,565248,93594075136,1694314496
official_fp32_streamed,nemotron3,decode_b1_t32,decode,1,32,E_affine_plus_matrix_overlap,100250834,100250.834,1.3047418438434137,1.0030908072046563,1.0031054903742747,1.0031054903742747,0,565248,93594075136,1694314496
official_fp32_streamed,nemotron3,decode_b1_t128,decode,1,128,A_original_fixed,523237104,523237.104,1.0,0.7688178627332208,0.7688291157578152,0.7688291157578152,0,0,374414049280,6777257984
official_fp32_streamed,nemotron3,decode_b1_t128,decode,1,128,B_arlo_static,402274032,402274.032,1.3006981867524574,1.0,1.0000146367886853,1.0000146367886853,0,0,374414049280,6777257984
official_fp32_streamed,nemotron3,decode_b1_t128,decode,1,128,C_multirow_original_fixed,404540912,404540.912,1.2934096119306717,0.9943964134831436,0.9944109682533172,0.9944109682533172,2260992,4521984,374414049280,6777257984
official_fp32_streamed,nemotron3,decode_b1_t128,decode,1,128,D_prime_best_global_fixed,402279920,402279.92,1.300679148986606,0.9999853634255471,1.0,1.0,0,2260992,374414049280,6777257984
official_fp32_streamed,nemotron3,decode_b1_t128,decode,1,128,D_compiler_per_tile_affine,402279920,402279.92,1.300679148986606,0.9999853634255471,1.0,1.0,0,2260992,374414049280,6777257984
official_fp32_streamed,nemotron3,decode_b1_t128,decode,1,128,E_affine_plus_matrix_overlap,401034608,401034.608,1.304718080590192,1.0030905661887415,1.003105248213391,1.003105248213391,0,2260992,374414049280,6777257984
official_fp32_streamed,nemotron3,prefill_b1_s16,prefill,1,16,A_original_fixed,10278303,10278.303,1.0,1.0,1.0,1.0,0,0,14522507776,89724928
official_fp32_streamed,nemotron3,prefill_b1_s16,prefill,1,16,B_arlo_static,10278303,10278.303,1.0,1.0,1.0,1.0,0,0,14522507776,89724928
official_fp32_streamed,nemotron3,prefill_b1_s16,prefill,1,16,C_multirow_original_fixed,10278303,10278.303,1.0,1.0,1.0,1.0,0,0,14522507776,89724928
official_fp32_streamed,nemotron3,prefill_b1_s16,prefill,1,16,D_prime_best_global_fixed,10278303,10278.303,1.0,1.0,1.0,1.0,0,0,14522507776,89724928
official_fp32_streamed,nemotron3,prefill_b1_s16,prefill,1,16,D_compiler_per_tile_affine,10278303,10278.303,1.0,1.0,1.0,1.0,0,0,14522507776,89724928
official_fp32_streamed,nemotron3,prefill_b1_s16,prefill,1,16,E_affine_plus_matrix_overlap,10278303,10278.303,1.0,1.0,1.0,1.0,0,0,14522507776,89724928
official_fp32_streamed,nemotron3,prefill_b1_s128,prefill,1,128,A_original_fixed,19731330,19731.33,1.0,1.0,1.0,1.0,0,0,18973663744,364331008
official_fp32_streamed,nemotron3,prefill_b1_s128,prefill,1,128,B_arlo_static,19731330,19731.33,1.0,1.0,1.0,1.0,0,0,18973663744,364331008
official_fp32_streamed,nemotron3,prefill_b1_s128,prefill,1,128,C_multirow_original_fixed,19731330,19731.33,1.0,1.0,1.0,1.0,0,0,18973663744,364331008
official_fp32_streamed,nemotron3,prefill_b1_s128,prefill,1,128,D_prime_best_global_fixed,19731330,19731.33,1.0,1.0,1.0,1.0,0,0,18973663744,364331008
official_fp32_streamed,nemotron3,prefill_b1_s128,prefill,1,128,D_compiler_per_tile_affine,19731330,19731.33,1.0,1.0,1.0,1.0,0,0,18973663744,364331008
official_fp32_streamed,nemotron3,prefill_b1_s128,prefill,1,128,E_affine_plus_matrix_overlap,19731330,19731.33,1.0,1.0,1.0,1.0,0,0,18973663744,364331008
official_fp32_streamed,kimi_k3,decode_b1_t1,decode,1,1,A_original_fixed,105011094,105011.094,1.0,0.9348393418318259,0.9368591855637652,0.9348406559786911,0,0,137479429888,455818240
official_fp32_streamed,kimi_k3,decode_b1_t1,decode,1,1,B_arlo_static,98168502,98168.502,1.0697025202645956,1.0,1.0021606319305962,1.0000014057462139,0,0,137479429888,455818240
official_fp32_streamed,kimi_k3,decode_b1_t1,decode,1,1,C_multirow_original_fixed,98804544,98804.544,1.0628164429360658,0.993562624002394,0.9957093471328606,0.993564020699291,635904,847872,137479429888,455818240
official_fp32_streamed,kimi_k3,decode_b1_t1,decode,1,1,D_prime_best_global_fixed,98380608,98380.608,1.0673962698014634,0.997844026334946,1.0,0.997845429050408,211968,423936,137479429888,455818240
official_fp32_streamed,kimi_k3,decode_b1_t1,decode,1,1,D_compiler_per_tile_affine,98168640,98168.64,1.0697010165364418,0.9999985942557623,1.0021592231490626,1.0,0,211968,137479429888,455818240
official_fp32_streamed,kimi_k3,decode_b1_t1,decode,1,1,E_affine_plus_matrix_overlap,97890432,97890.432,1.0727411438944308,1.0028406249141897,1.0050073943896785,1.0028420346536013,0,211968,137479429888,455818240
official_fp32_streamed,kimi_k3,decode_b2_t1,decode,2,1,A_original_fixed,138779181,138779.181,1.0,0.9013887825148644,0.9044455234247275,0.9013907712857882,0,0,163823056320,911636480
official_fp32_streamed,kimi_k3,decode_b2_t1,decode,2,1,B_arlo_static,125093997,125093.997,1.1093992064223512,1.0,1.003391145939641,1.0000022063408847,0,0,163823056320,911636480
official_fp32_streamed,kimi_k3,decode_b2_t1,decode,2,1,C_multirow_original_fixed,126366081,126366.081,1.0982312650813315,0.9899333429514207,0.9932903513878855,0.9899355270818282,1271808,1695744,163823056320,911636480
official_fp32_streamed,kimi_k3,decode_b2_t1,decode,2,1,D_prime_best_global_fixed,125518209,125518.209,1.10564978663773,0.996620315065203,1.0,0.9966225139493505,423936,847872,163823056320,911636480
official_fp32_streamed,kimi_k3,decode_b2_t1,decode,2,1,D_compiler_per_tile_affine,125094273,125094.273,1.1093967587149254,0.9999977936639833,1.0033889321216167,1.0,0,423936,163823056320,911636480
official_fp32_streamed,kimi_k3,decode_b2_t1,decode,2,1,E_affine_plus_matrix_overlap,124537857,124537.857,1.114353372886447,1.004465630077447,1.007871919620393,1.004467846271034,0,423936,163823056320,911636480
official_fp32_streamed,kimi_k3,decode_b4_t1,decode,4,1,A_original_fixed,206316012,206316.012,1.0,0.8673376451266419,0.8714498998749549,0.8673403206339603,0,0,216510309248,1823272960
official_fp32_streamed,kimi_k3,decode_b4_t1,decode,4,1,B_arlo_static,178945644,178945.644,1.1529535304027854,1.0,1.004741238629983,1.0000030847356083,0,0,216510309248,1823272960
official_fp32_streamed,kimi_k3,decode_b4_t1,decode,4,1,C_multirow_original_fixed,181489812,181489.812,1.1367911494668361,0.9859817585793741,0.9906565333816093,0.985984800072414,2543616,3391488,216510309248,1823272960
official_fp32_streamed,kimi_k3,decode_b4_t1,decode,4,1,D_prime_best_global_fixed,179794068,179794.068,1.1475128979227502,0.9952811346367668,1.0,0.9952842048159231,847872,1695744,216510309248,1823272960
official_fp32_streamed,kimi_k3,decode_b4_t1,decode,4,1,D_compiler_per_tile_affine,178946196,178946.196,1.1529499738569464,0.9999969152739072,1.0047381392784678,1.0,0,847872,216510309248,1823272960
official_fp32_streamed,kimi_k3,decode_b4_t1,decode,4,1,E_affine_plus_matrix_overlap,177833364,177833.364,1.160164815866611,1.0062546193525306,1.0110255126254037,1.0062577233819858,0,847872,216510309248,1823272960
official_fp32_streamed,kimi_k3,decode_b8_t1,decode,8,1,A_original_fixed,341389744,341389.744,1.0,0.8396532498058875,0.8446236627424871,0.8396564836464449,0,0,321884815104,3646545920
official_fp32_streamed,kimi_k3,decode_b8_t1,decode,8,1,B_arlo_static,286649008,286649.008,1.1909678194316304,1.0,1.0059196018567766,1.000003851400037,0,0,321884815104,3646545920
official_fp32_streamed,kimi_k3,decode_b8_t1,decode,8,1,C_multirow_original_fixed,291737344,291737.344,1.1701955578234098,0.9825585030348395,0.9883748581737962,0.9825622872606943,5087232,6782976,321884815104,3646545920
official_fp32_streamed,kimi_k3,decode_b8_t1,decode,8,1,D_prime_best_global_fixed,288345856,288345.856,1.1839592520448776,0.9941152336172294,1.0,0.9941190623526769,1695744,3391488,321884815104,3646545920
official_fp32_streamed,kimi_k3,decode_b8_t1,decode,8,1,D_compiler_per_tile_affine,286650112,286650.112,1.1909632325557926,0.9999961486147962,1.005915727672906,1.0,0,1695744,321884815104,3646545920
official_fp32_streamed,kimi_k3,decode_b8_t1,decode,8,1,E_affine_plus_matrix_overlap,284424448,284424.448,1.2002826986237132,1.0078212685851815,1.0137871692379974,1.0078251501080526,0,1695744,321884815104,3646545920
official_fp32_streamed,kimi_k3,decode_b16_t1,decode,16,1,A_original_fixed,611536910,611536.91,1.0,0.8209732393748728,0.8265226934544311,0.8209768499500709,0,0,532633826816,7293091840
official_fp32_streamed,kimi_k3,decode_b16_t1,decode,16,1,B_arlo_static,502055438,502055.438,1.2180664996601431,1.0,1.0067596041057123,1.0000043979206934,0,0,532633826816,7293091840
official_fp32_streamed,kimi_k3,decode_b16_t1,decode,16,1,C_multirow_original_fixed,512232110,512232.11,1.1938667999552,0.9801326941413337,0.9867580031247943,0.9801370046871916,10174464,13565952,532633826816,7293091840
official_fp32_streamed,kimi_k3,decode_b16_t1,decode,16,1,D_prime_best_global_fixed,505449134,505449.134,1.2098881348563157,0.9932857813542124,1.0,0.9932901497463046,3391488,6782976,532633826816,7293091840
official_fp32_streamed,kimi_k3,decode_b16_t1,decode,16,1,D_compiler_per_tile_affine,502057646,502057.646,1.2180611427238377,0.9999956020986482,1.0067551764762885,1.0,0,3391488,532633826816,7293091840
official_fp32_streamed,kimi_k3,decode_b16_t1,decode,16,1,E_affine_plus_matrix_overlap,497606318,497606.318,1.2289572858679016,1.0089410440323228,1.0157610860559854,1.0089454812750187,0,3391488,532633826816,7293091840
official_fp32_streamed,kimi_k3,decode_b1_t4,decode,1,4,A_original_fixed,420044880,420044.88,1.0,0.9348394200162611,0.936859261324647,0.9348407341615496,0,0,549917885440,1823272960
official_fp32_streamed,kimi_k3,decode_b1_t4,decode,1,4,B_arlo_static,392674512,392674.512,1.069702430801009,1.0,1.0021606291574128,1.0000014057444095,0,0,549917885440,1823272960
official_fp32_streamed,kimi_k3,decode_b1_t4,decode,1,4,C_multirow_original_fixed,395218680,395218.68,1.0628163628298135,0.9935626322116151,0.9957093526044872,0.9935640289067308,2543616,3391488,549917885440,1823272960
official_fp32_streamed,kimi_k3,decode_b1_t4,decode,1,4,D_prime_best_global_fixed,393522936,393522.936,1.0673961834844614,0.9978440290961846,1.0,0.9978454318098501,847872,1695744,549917885440,1823272960
official_fp32_streamed,kimi_k3,decode_b1_t4,decode,1,4,D_compiler_per_tile_affine,392675064,392675.064,1.069700927074911,0.9999985942575667,1.0021592203776912,1.0,0,847872,549917885440,1823272960
official_fp32_streamed,kimi_k3,decode_b1_t4,decode,1,4,E_affine_plus_matrix_overlap,391562232,391562.232,1.0727410502655426,1.0028406212578744,1.0050073879444021,1.0028420309954715,0,847872,549917885440,1823272960
official_fp32_streamed,kimi_k3,decode_b1_t32,decode,1,32,A_original_fixed,3360384960,3360384.96,1.0,0.9348399226260077,0.9368597483545457,0.9348412367611596,0,0,4399355469824,14586183680
official_fp32_streamed,kimi_k3,decode_b1_t32,decode,1,32,B_arlo_static,3141422016,3141422.016,1.069701855683436,1.0,1.0021606113299741,1.0000014057328106,0,0,4399355469824,14586183680
official_fp32_streamed,kimi_k3,decode_b1_t32,decode,1,32,C_multirow_original_fixed,3161775360,3161775.36,1.062815847865928,0.993562684984679,0.9957093877788965,0.9935640816683448,20348928,27131904,4399355469824,14586183680
official_fp32_streamed,kimi_k3,decode_b1_t32,decode,1,32,D_prime_best_global_fixed,3148209408,3148209.408,1.067395628594729,0.9978440468468354,1.0,0.9978454495489519,6782976,13565952,4399355469824,14586183680
official_fp32_streamed,kimi_k3,decode_b1_t32,decode,1,32,D_compiler_per_tile_affine,3141426432,3141426.432,1.0697003519705535,0.9999985942691654,1.0021592025619017,1.0,0,6782976,4399355469824,14586183680
official_fp32_streamed,kimi_k3,decode_b1_t32,decode,1,32,E_affine_plus_matrix_overlap,3132523776,3132523.776,1.0727404483713008,1.0028405977532155,1.0050073465108793,1.0028420074791478,0,6782976,4399355469824,14586183680
official_fp32_streamed,kimi_k3,decode_b1_t128,decode,1,128,A_original_fixed,13441897176,13441897.176,1.0,0.9348416548250496,0.9368614268590504,0.9348429689252669,0,0,17597591748608,58344734720
official_fp32_streamed,kimi_k3,decode_b1_t128,decode,1,128,B_arlo_static,12566045400,12566045.4,1.0696998735974645,1.0,1.0021605498894663,1.0000014056928364,0,0,17597591748608,58344734720
official_fp32_streamed,kimi_k3,decode_b1_t128,decode,1,128,C_multirow_original_fixed,12647458776,12647458.776,1.0628140730932871,0.9935628668618797,0.9957095090040561,0.9935642635060841,81395712,108527616,17597591748608,58344734720
official_fp32_streamed,kimi_k3,decode_b1_t128,decode,1,128,D_prime_best_global_fixed,12593194968,12593194.968,1.067393716221864,0.9978441080227068,1.0,0.9978455106850213,27131904,54263808,17597591748608,58344734720
official_fp32_streamed,kimi_k3,decode_b1_t128,decode,1,128,D_compiler_per_tile_affine,12566063064,12566063.064,1.0696983699301288,0.9999985943091396,1.0021591411615407,1.0,0,27131904,17597591748608,58344734720
official_fp32_streamed,kimi_k3,decode_b1_t128,decode,1,128,E_affine_plus_matrix_overlap,12530452440,12530452.44,1.0727383740023995,1.002840516746736,1.0050072037143456,1.0028419264324664,0,27131904,17597591748608,58344734720
official_fp32_streamed,kimi_k3,prefill_b1_s16,prefill,1,16,A_original_fixed,363879353,363879.353,1.0,1.0,1.0,1.0,0,0,524456506880,476200960
official_fp32_streamed,kimi_k3,prefill_b1_s16,prefill,1,16,B_arlo_static,363879353,363879.353,1.0,1.0,1.0,1.0,0,0,524456506880,476200960
official_fp32_streamed,kimi_k3,prefill_b1_s16,prefill,1,16,C_multirow_original_fixed,363879353,363879.353,1.0,1.0,1.0,1.0,0,0,524456506880,476200960
official_fp32_streamed,kimi_k3,prefill_b1_s16,prefill,1,16,D_prime_best_global_fixed,363879353,363879.353,1.0,1.0,1.0,1.0,0,0,524456506880,476200960
official_fp32_streamed,kimi_k3,prefill_b1_s16,prefill,1,16,D_compiler_per_tile_affine,363879353,363879.353,1.0,1.0,1.0,1.0,0,0,524456506880,476200960
official_fp32_streamed,kimi_k3,prefill_b1_s16,prefill,1,16,E_affine_plus_matrix_overlap,363879353,363879.353,1.0,1.0,1.0,1.0,0,0,524456506880,476200960
official_fp32_streamed,kimi_k3,prefill_b1_s128,prefill,1,128,A_original_fixed,1218261623,1218261.623,1.0,1.0,1.0,1.0,0,0,1557972203520,628391936
official_fp32_streamed,kimi_k3,prefill_b1_s128,prefill,1,128,B_arlo_static,1218261623,1218261.623,1.0,1.0,1.0,1.0,0,0,1557972203520,628391936
official_fp32_streamed,kimi_k3,prefill_b1_s128,prefill,1,128,C_multirow_original_fixed,1218261623,1218261.623,1.0,1.0,1.0,1.0,0,0,1557972203520,628391936
official_fp32_streamed,kimi_k3,prefill_b1_s128,prefill,1,128,D_prime_best_global_fixed,1218261623,1218261.623,1.0,1.0,1.0,1.0,0,0,1557972203520,628391936
official_fp32_streamed,kimi_k3,prefill_b1_s128,prefill,1,128,D_compiler_per_tile_affine,1218261623,1218261.623,1.0,1.0,1.0,1.0,0,0,1557972203520,628391936
official_fp32_streamed,kimi_k3,prefill_b1_s128,prefill,1,128,E_affine_plus_matrix_overlap,1218261623,1218261.623,1.0,1.0,1.0,1.0,0,0,1557972203520,628391936
bf16_state_candidate,nemotron3,decode_b1_t1,decode,1,1,A_original_fixed,4055091,4055.091,1.0,0.7669536885855336,0.49203753997135946,0.49203753997135946,0,0,2899471872,27699584
bf16_state_candidate,nemotron3,decode_b1_t1,decode,1,1,B_arlo_static,3110067,3110.067,1.3038596917686982,1.0,0.6415479152056853,0.6415479152056853,0,0,2899471872,27699584
bf16_state_candidate,nemotron3,decode_b1_t1,decode,1,1,C_multirow_original_fixed,2030585,2030.585,1.9970062814410625,1.531611333679703,0.9826020580276127,0.9826020580276127,35328,70656,2899471872,27699584
bf16_state_candidate,nemotron3,decode_b1_t1,decode,1,1,D_prime_best_global_fixed,1995257,1995.257,2.0323652542003363,1.5587300282620233,1.0,1.0,0,35328,2899471872,27699584
bf16_state_candidate,nemotron3,decode_b1_t1,decode,1,1,D_compiler_per_tile_affine,1995257,1995.257,2.0323652542003363,1.5587300282620233,1.0,1.0,0,35328,2899471872,27699584
bf16_state_candidate,nemotron3,decode_b1_t1,decode,1,1,E_affine_plus_matrix_overlap,1985528,1985.528,2.0423237546889292,1.5663677369445306,1.004899956082211,1.004899956082211,0,35328,2899471872,27699584
bf16_state_candidate,nemotron3,decode_b2_t1,decode,2,1,A_original_fixed,6773597,6773.597,1.0,0.7209683422264419,0.39180497452092294,0.39180497452092294,0,0,3714693632,55399168
bf16_state_candidate,nemotron3,decode_b2_t1,decode,2,1,B_arlo_static,4883549,4883.549,1.3870234536399655,1.0,0.5434426889133293,0.5434426889133293,0,0,3714693632,55399168
bf16_state_candidate,nemotron3,decode_b2_t1,decode,2,1,C_multirow_original_fixed,2724585,2724.585,2.486102287137307,1.7924010445627498,0.9740672432682409,0.9740672432682409,70656,141312,3714693632,55399168
bf16_state_candidate,nemotron3,decode_b2_t1,decode,2,1,D_prime_best_global_fixed,2653929,2653.929,2.552290208215819,1.840120440298139,1.0,1.0,0,70656,3714693632,55399168
bf16_state_candidate,nemotron3,decode_b2_t1,decode,2,1,D_compiler_per_tile_affine,2653929,2653.929,2.552290208215819,1.840120440298139,1.0,1.0,0,70656,3714693632,55399168
bf16_state_candidate,nemotron3,decode_b2_t1,decode,2,1,E_affine_plus_matrix_overlap,2634471,2634.471,2.5711412272141163,1.8537114282146208,1.0073859230183213,1.0073859230183213,0,70656,3714693632,55399168
bf16_state_candidate,nemotron3,decode_b4_t1,decode,4,1,A_original_fixed,12210728,12210.728,1.0,0.6904282856845226,0.32523793831129477,0.32523793831129477,0,0,5345137152,110798336
bf16_state_candidate,nemotron3,decode_b4_t1,decode,4,1,B_arlo_static,8430632,8430.632,1.4483763494836448,1.0,0.47106693780490005,0.47106693780490005,0,0,5345137152,110798336
bf16_state_candidate,nemotron3,decode_b4_t1,decode,4,1,C_multirow_original_fixed,4112704,4112.704,2.9690267035993836,2.0499000171176918,0.9656401238698433,0.9656401238698433,141312,282624,5345137152,110798336
bf16_state_candidate,nemotron3,decode_b4_t1,decode,4,1,D_prime_best_global_fixed,3971392,3971.392,3.074672054534027,2.1228405556540375,1.0,1.0,0,141312,5345137152,110798336
bf16_state_candidate,nemotron3,decode_b4_t1,decode,4,1,D_compiler_per_tile_affine,3971392,3971.392,3.074672054534027,2.1228405556540375,1.0,1.0,0,141312,5345137152,110798336
bf16_state_candidate,nemotron3,decode_b4_t1,decode,4,1,E_affine_plus_matrix_overlap,3932499,3932.499,3.1050810184567115,2.143835764484619,1.0098901487323964,1.0098901487323964,0,141312,5345137152,110798336
bf16_state_candidate,nemotron3,decode_b8_t1,decode,8,1,A_original_fixed,23084828,23084.828,1.0,0.6725038627101748,0.28616873385411407,0.28616873385411407,0,0,8606024192,221596672
bf16_state_candidate,nemotron3,decode_b8_t1,decode,8,1,B_arlo_static,15524636,15524.636,1.4869803066558211,1.0,0.42552727162169857,0.42552727162169857,0,0,8606024192,221596672
bf16_state_candidate,nemotron3,decode_b8_t1,decode,8,1,C_multirow_original_fixed,6888780,6888.78,3.3510763879816166,2.2536118151544975,0.958973286997117,0.958973286997117,282624,565248,8606024192,221596672
bf16_state_candidate,nemotron3,decode_b8_t1,decode,8,1,D_prime_best_global_fixed,6606156,6606.156,3.4944418509039146,2.3500256427489754,1.0,1.0,0,282624,8606024192,221596672
bf16_state_candidate,nemotron3,decode_b8_t1,decode,8,1,D_compiler_per_tile_affine,6606156,6606.156,3.4944418509039146,2.3500256427489754,1.0,1.0,0,282624,8606024192,221596672
bf16_state_candidate,nemotron3,decode_b8_t1,decode,8,1,E_affine_plus_matrix_overlap,6528393,6528.393,3.5360659200510756,2.3780179900321565,1.0119115071656992,1.0119115071656992,0,282624,8606024192,221596672
bf16_state_candidate,nemotron3,decode_b16_t1,decode,16,1,A_original_fixed,44833177,44833.177,1.0,0.6627411882945525,0.26488939206784295,0.26488939206784295,0,0,15127798272,443193344
bf16_state_candidate,nemotron3,decode_b16_t1,decode,16,1,B_arlo_static,29712793,29712.793,1.5088846410366068,1.0,0.3996875352646922,0.3996875352646922,0,0,15127798272,443193344
bf16_state_candidate,nemotron3,decode_b16_t1,decode,16,1,C_multirow_original_fixed,12441081,12441.081,3.6036399891617137,2.388280648602802,0.9545660059604145,0.9545660059604145,565248,1130496,15127798272,443193344
bf16_state_candidate,nemotron3,decode_b16_t1,decode,16,1,D_prime_best_global_fixed,11875833,11875.833,3.775160613996509,2.501954431322839,1.0,1.0,0,565248,15127798272,443193344
bf16_state_candidate,nemotron3,decode_b16_t1,decode,16,1,D_compiler_per_tile_affine,11875833,11875.833,3.775160613996509,2.501954431322839,1.0,1.0,0,565248,15127798272,443193344
bf16_state_candidate,nemotron3,decode_b16_t1,decode,16,1,E_affine_plus_matrix_overlap,11720307,11720.307,3.8252561984937765,2.535154838520868,1.0132697889227646,1.0132697889227646,0,565248,15127798272,443193344
bf16_state_candidate,nemotron3,decode_b1_t4,decode,1,4,A_original_fixed,16220454,16220.454,1.0,0.7669549816546442,0.49204035842646576,0.49204035842646576,0,0,11597924352,110798336
bf16_state_candidate,nemotron3,decode_b1_t4,decode,1,4,B_arlo_static,12440358,12440.358,1.303857493490139,1.0,0.6415505084339213,0.6415505084339213,0,0,11597924352,110798336
bf16_state_candidate,nemotron3,decode_b1_t4,decode,1,4,C_multirow_original_fixed,8122430,8122.43,1.9969952341848436,1.5316054431986488,0.9826022508042543,0.9826022508042543,141312,282624,11597924352,110798336
bf16_state_candidate,nemotron3,decode_b1_t4,decode,1,4,D_prime_best_global_fixed,7981118,7981.118,2.032353612614173,1.5587237276782526,1.0,1.0,0,141312,11597924352,110798336
bf16_state_candidate,nemotron3,decode_b1_t4,decode,1,4,D_compiler_per_tile_affine,7981118,7981.118,2.032353612614173,1.5587237276782526,1.0,1.0,0,141312,11597924352,110798336
bf16_state_candidate,nemotron3,decode_b1_t4,decode,1,4,E_affine_plus_matrix_overlap,7942202,7942.202,2.0423119432117187,1.5663613189390047,1.004899900556546,1.004899900556546,0,141312,11597924352,110798336
bf16_state_candidate,nemotron3,decode_b1_t32,decode,1,32,A_original_fixed,129765906,129765.906,1.0,0.7669590655036925,0.4920492598417954,0.4920492598417954,0,0,92786147328,886386688
bf16_state_candidate,nemotron3,decode_b1_t32,decode,1,32,B_arlo_static,99525138,99525.138,1.303850550802552,1.0,0.641558698466713,0.641558698466713,0,0,92786147328,886386688
bf16_state_candidate,nemotron3,decode_b1_t32,decode,1,32,C_multirow_original_fixed,64981714,64981.714,1.9969603448748674,1.5315868399531598,0.982602859629095,0.982602859629095,1130496,2260992,92786147328,886386688
bf16_state_candidate,nemotron3,decode_b1_t32,decode,1,32,D_prime_best_global_fixed,63851218,63851.218,2.0323168463286008,1.5587038292675952,1.0,1.0,0,1130496,92786147328,886386688
bf16_state_candidate,nemotron3,decode_b1_t32,decode,1,32,D_compiler_per_tile_affine,63851218,63851.218,2.0323168463286008,1.5587038292675952,1.0,1.0,0,1130496,92786147328,886386688
bf16_state_candidate,nemotron3,decode_b1_t32,decode,1,32,E_affine_plus_matrix_overlap,63539890,63539.89,2.042274640387322,1.56634104969335,1.0048997251962508,1.0048997251962508,0,1130496,92786147328,886386688
bf16_state_candidate,nemotron3,decode_b1_t128,decode,1,128,A_original_fixed,519094896,519094.896,1.0,0.7669731046633138,0.4920798604808474,0.4920798604808474,0,0,371182338048,3545546752
bf16_state_candidate,nemotron3,decode_b1_t128,decode,1,128,B_arlo_static,398131824,398131.824,1.3038266842994193,1.0,0.6415868529012642,0.6415868529012642,0,0,371182338048,3545546752
bf16_state_candidate,nemotron3,decode_b1_t128,decode,1,128,C_multirow_original_fixed,259958128,259958.128,1.9968404142377882,1.531522892025134,0.9826049524406485,0.9826049524406485,4521984,9043968,371182338048,3545546752
bf16_state_candidate,nemotron3,decode_b1_t128,decode,1,128,D_prime_best_global_fixed,255436144,255436.144,2.0321904640088837,1.5586354294480738,1.0,1.0,0,4521984,371182338048,3545546752
bf16_state_candidate,nemotron3,decode_b1_t128,decode,1,128,D_compiler_per_tile_affine,255436144,255436.144,2.0321904640088837,1.5586354294480738,1.0,1.0,0,4521984,371182338048,3545546752
bf16_state_candidate,nemotron3,decode_b1_t128,decode,1,128,E_affine_plus_matrix_overlap,254190832,254190.832,2.0421464138407637,1.5662713752005029,1.0048991224042259,1.0048991224042259,0,4521984,371182338048,3545546752
bf16_state_candidate,nemotron3,prefill_b1_s16,prefill,1,16,A_original_fixed,10262134,10262.134,1.0,1.0,1.0,1.0,0,0,14522507776,64477184
bf16_state_candidate,nemotron3,prefill_b1_s16,prefill,1,16,B_arlo_static,10262134,10262.134,1.0,1.0,1.0,1.0,0,0,14522507776,64477184
bf16_state_candidate,nemotron3,prefill_b1_s16,prefill,1,16,C_multirow_original_fixed,10262134,10262.134,1.0,1.0,1.0,1.0,0,0,14522507776,64477184
bf16_state_candidate,nemotron3,prefill_b1_s16,prefill,1,16,D_prime_best_global_fixed,10262134,10262.134,1.0,1.0,1.0,1.0,0,0,14522507776,64477184
bf16_state_candidate,nemotron3,prefill_b1_s16,prefill,1,16,D_compiler_per_tile_affine,10262134,10262.134,1.0,1.0,1.0,1.0,0,0,14522507776,64477184
bf16_state_candidate,nemotron3,prefill_b1_s16,prefill,1,16,E_affine_plus_matrix_overlap,10262134,10262.134,1.0,1.0,1.0,1.0,0,0,14522507776,64477184
bf16_state_candidate,nemotron3,prefill_b1_s128,prefill,1,128,A_original_fixed,19715161,19715.161,1.0,1.0,1.0,1.0,0,0,18973663744,339083264
bf16_state_candidate,nemotron3,prefill_b1_s128,prefill,1,128,B_arlo_static,19715161,19715.161,1.0,1.0,1.0,1.0,0,0,18973663744,339083264
bf16_state_candidate,nemotron3,prefill_b1_s128,prefill,1,128,C_multirow_original_fixed,19715161,19715.161,1.0,1.0,1.0,1.0,0,0,18973663744,339083264
bf16_state_candidate,nemotron3,prefill_b1_s128,prefill,1,128,D_prime_best_global_fixed,19715161,19715.161,1.0,1.0,1.0,1.0,0,0,18973663744,339083264
bf16_state_candidate,nemotron3,prefill_b1_s128,prefill,1,128,D_compiler_per_tile_affine,19715161,19715.161,1.0,1.0,1.0,1.0,0,0,18973663744,339083264
bf16_state_candidate,nemotron3,prefill_b1_s128,prefill,1,128,E_affine_plus_matrix_overlap,19715161,19715.161,1.0,1.0,1.0,1.0,0,0,18973663744,339083264
bf16_state_candidate,kimi_k3,decode_b1_t1,decode,1,1,A_original_fixed,104732886,104732.886,1.0,0.9346662518208464,0.8682599465463026,0.8662360550247798,0,0,137262374656,238763008
bf16_state_candidate,kimi_k3,decode_b1_t1,decode,1,1,B_arlo_static,97890294,97890.294,1.0699006175218966,1.0,0.928951852979418,0.9267864901907436,0,0,137262374656,238763008
bf16_state_candidate,kimi_k3,decode_b1_t1,decode,1,1,C_multirow_original_fixed,91995210,91995.21,1.1384602089608795,1.064080336356643,0.9884794001774657,0.9861752802129589,1271808,1695744,137262374656,238763008
bf16_state_candidate,kimi_k3,decode_b1_t1,decode,1,1,D_prime_best_global_fixed,90935370,90935.37,1.1517288157512309,1.0764820553322652,1.0,0.9976690258147077,211968,635904,137262374656,238763008
bf16_state_candidate,kimi_k3,decode_b1_t1,decode,1,1,D_compiler_per_tile_affine,90723402,90723.402,1.1544197383603405,1.0789971698812617,1.0023364203207459,1.0,0,423936,137262374656,238763008
bf16_state_candidate,kimi_k3,decode_b1_t1,decode,1,1,E_affine_plus_matrix_overlap,90445194,90445.194,1.1579707153925725,1.0823161482742798,1.0054195914489388,1.003075984335884,0,423936,137262374656,238763008
bf16_state_candidate,kimi_k3,decode_b2_t1,decode,2,1,A_original_fixed,138222627,138222.627,1.0,0.9009917240250397,0.800358070173272,0.7972910180617534,0,0,163388945856,477526016
bf16_state_candidate,kimi_k3,decode_b2_t1,decode,2,1,B_arlo_static,124537443,124537.443,1.1098881081089804,1.0,0.8883079043143676,0.8849038196488425,0,0,163388945856,477526016
bf16_state_candidate,kimi_k3,decode_b2_t1,decode,2,1,C_multirow_original_fixed,112747275,112747.275,1.225950933182199,1.1045716448579357,0.9811997230088266,0.9774396676105919,2543616,3391488,163388945856,477526016
bf16_state_candidate,kimi_k3,decode_b2_t1,decode,2,1,D_prime_best_global_fixed,110627595,110627.595,1.2494407656606834,1.1257357895197848,1.0,0.9961679000614629,423936,1271808,163388945856,477526016
bf16_state_candidate,kimi_k3,decode_b2_t1,decode,2,1,D_compiler_per_tile_affine,110203659,110203.659,1.2542471661489933,1.1300663165821019,1.0038468414193036,1.0,0,847872,163388945856,477526016
bf16_state_candidate,kimi_k3,decode_b2_t1,decode,2,1,E_affine_plus_matrix_overlap,109647243,109647.243,1.2606119699699152,1.1358009521497956,1.008940963522448,1.0050746009181462,0,847872,163388945856,477526016
bf16_state_candidate,kimi_k3,decode_b4_t1,decode,4,1,A_original_fixed,205202904,205202.904,1.0,0.8666180279787853,0.7310463793436374,0.7269145079935126,0,0,215642088320,955052032
bf16_state_candidate,kimi_k3,decode_b4_t1,decode,4,1,B_arlo_static,177832536,177832.536,1.1539109131300922,1.0,0.8435623951288643,0.8387945836863059,0,0,215642088320,955052032
bf16_state_candidate,kimi_k3,decode_b4_t1,decode,4,1,C_multirow_original_fixed,154252200,154252.2,1.330307794637613,1.1528687175936552,0.972516696682446,0.9670200360189353,5087232,6782976,215642088320,955052032
bf16_state_candidate,kimi_k3,decode_b4_t1,decode,4,1,D_prime_best_global_fixed,150012840,150012.84,1.3679022675658963,1.1854487655856658,1.0,0.9943480038108737,847872,2543616,215642088320,955052032
bf16_state_candidate,kimi_k3,decode_b4_t1,decode,4,1,D_compiler_per_tile_affine,149164968,149164.968,1.3756775920737636,1.1921870019775689,1.0056841228296982,1.0,0,1695744,215642088320,955052032
bf16_state_candidate,kimi_k3,decode_b4_t1,decode,4,1,E_affine_plus_matrix_overlap,148052136,148052.136,1.386017855223649,1.2011480604373044,1.0132433347668823,1.0075164873001223,0,1695744,215642088320,955052032
bf16_state_candidate,kimi_k3,decode_b8_t1,decode,8,1,A_original_fixed,339163528,339163.528,1.0,0.8386007589825519,0.6745518934453353,0.6695521105677377,0,0,320148373248,1910104064
bf16_state_candidate,kimi_k3,decode_b8_t1,decode,8,1,B_arlo_static,284422792,284422.792,1.1924625506102198,1.0,0.8043778713767777,0.7984158175340603,0,0,320148373248,1910104064
bf16_state_candidate,kimi_k3,decode_b8_t1,decode,8,1,C_multirow_original_fixed,237262120,237262.12,1.4294887359178954,1.1987703388977557,0.9642643334721952,0.9571172001666343,10174464,13565952,320148373248,1910104064
bf16_state_candidate,kimi_k3,decode_b8_t1,decode,8,1,D_prime_best_global_fixed,228783400,228783.4,1.482465633433195,1.2431968053626268,1.0,0.9925879937093338,1695744,5087232,320148373248,1910104064
bf16_state_candidate,kimi_k3,decode_b8_t1,decode,8,1,D_compiler_per_tile_affine,227087656,227087.656,1.4935357296567453,1.2524801964577061,1.007467354368218,1.0,0,3391488,320148373248,1910104064
bf16_state_candidate,kimi_k3,decode_b8_t1,decode,8,1,E_affine_plus_matrix_overlap,224861992,224861.992,1.5083186134898245,1.264877134060077,1.0174391766484039,1.0098979110707158,0,3391488,320148373248,1910104064
bf16_state_candidate,kimi_k3,decode_b16_t1,decode,16,1,A_original_fixed,607084478,607084.478,1.0,0.8196602351608798,0.6363599070638732,0.6307733896632423,0,0,529160943104,3820208128
bf16_state_candidate,kimi_k3,decode_b16_t1,decode,16,1,B_arlo_static,497603006,497603.006,1.220017706243519,1.0,0.7763703541614055,0.7695547040163981,0,0,529160943104,3820208128
bf16_state_candidate,kimi_k3,decode_b16_t1,decode,16,1,C_multirow_original_fixed,403281662,403281.662,1.5053609801875891,1.2338845350225718,0.9579513734497553,0.9495416481397064,20348928,27131904,529160943104,3820208128
bf16_state_candidate,kimi_k3,decode_b16_t1,decode,16,1,D_prime_best_global_fixed,386324222,386324.222,1.5714377805697102,1.2880450607624598,1.0,0.9912211354948384,3391488,10174464,529160943104,3820208128
bf16_state_candidate,kimi_k3,decode_b16_t1,decode,16,1,D_compiler_per_tile_affine,382932734,382932.734,1.5853554008260886,1.2994527806546827,1.0088566155328993,1.0,0,6782976,529160943104,3820208128
bf16_state_candidate,kimi_k3,decode_b16_t1,decode,16,1,E_affine_plus_matrix_overlap,378481406,378481.406,1.604000799975891,1.3147356729064783,1.0207218000030363,1.011761021623345,0,6782976,529160943104,3820208128
bf16_state_candidate,kimi_k3,decode_b1_t4,decode,1,4,A_original_fixed,418932048,418932.048,1.0,0.9346663304212047,0.8682601050373687,0.8662362159507071,0,0,549049664512,955052032
bf16_state_candidate,kimi_k3,decode_b1_t4,decode,1,4,B_arlo_static,391561680,391561.68,1.0699005275490696,1.0,0.9289519444292914,0.9267865844277714,0,0,549049664512,955052032
bf16_state_candidate,kimi_k3,decode_b1_t4,decode,1,4,C_multirow_original_fixed,367981344,367981.344,1.1384600193209795,1.0640802485899938,0.9884794159564785,0.9861752991477742,5087232,6782976,549049664512,955052032
bf16_state_candidate,kimi_k3,decode_b1_t4,decode,1,4,D_prime_best_global_fixed,363741984,363741.984,1.1517286055161562,1.076481949358917,1.0,0.9976690290444998,847872,2543616,549049664512,955052032
bf16_state_candidate,kimi_k3,decode_b1_t4,decode,1,4,D_compiler_per_tile_affine,362894112,362894.112,1.154419523896822,1.078997060167237,1.002336417075844,1.0,0,1695744,549049664512,955052032
bf16_state_candidate,kimi_k3,decode_b1_t4,decode,1,4,E_affine_plus_matrix_overlap,361781280,361781.28,1.1579704953224776,1.0823160335990851,1.0054195838988684,1.0030759800507092,0,1695744,549049664512,955052032
bf16_state_candidate,kimi_k3,decode_b1_t32,decode,1,32,A_original_fixed,3351482304,3351482.304,1.0,0.9346668357047068,0.8682611238994028,0.8662372504652796,0,0,4392409702400,7640416256
bf16_state_candidate,kimi_k3,decode_b1_t32,decode,1,32,B_arlo_static,3132519360,3132519.36,1.069899949157856,1.0,0.9289525323157141,0.9267871902314436,0,0,4392409702400,7640416256
bf16_state_candidate,kimi_k3,decode_b1_t32,decode,1,32,C_multirow_original_fixed,2943876672,2943876.672,1.1384588002197396,1.064079684381561,0.9884795173919568,0.9861754208703482,40697856,54263808,4392409702400,7640416256
bf16_state_candidate,kimi_k3,decode_b1_t32,decode,1,32,D_prime_best_global_fixed,2909961792,2909961.792,1.1517272540188734,1.0764812681086913,1.0,0.9976690498072354,6782976,20348928,4392409702400,7640416256
bf16_state_candidate,kimi_k3,decode_b1_t32,decode,1,32,D_compiler_per_tile_affine,2903178816,2903178.816,1.154418145216998,1.078996354870068,1.0023363962159746,1.0,0,13565952,4392409702400,7640416256
bf16_state_candidate,kimi_k3,decode_b1_t32,decode,1,32,E_affine_plus_matrix_overlap,2894276160,2894276.16,1.1579690806007952,1.0823152964090337,1.0054195353632045,1.0030759525034405,0,13565952,4392409702400,7640416256
bf16_state_candidate,kimi_k3,decode_b1_t128,decode,1,128,A_original_fixed,13406286552,13406286.552,1.0,0.9346685771184462,0.8682646353149501,0.8662408158258798,0,0,17569808678912,30561665024
bf16_state_candidate,kimi_k3,decode_b1_t128,decode,1,128,B_arlo_static,12530434776,12530434.776,1.0698979557898143,1.0,0.9289545584080537,0.9267892780738097,0,0,17569808678912,30561665024
bf16_state_candidate,kimi_k3,decode_b1_t128,decode,1,128,C_multirow_original_fixed,11775864024,11775864.024,1.1384545987179446,1.0640777398976529,0.988479866978464,0.9861758403741568,162791424,217055232,17569808678912,30561665024
bf16_state_candidate,kimi_k3,decode_b1_t128,decode,1,128,D_prime_best_global_fixed,11640204504,11640204.504,1.1517225962304278,1.0764789202538567,1.0,0.9976691213637461,27131904,81395712,17569808678912,30561665024
bf16_state_candidate,kimi_k3,decode_b1_t128,decode,1,128,D_compiler_per_tile_affine,11613072600,11613072.6,1.1544133937473189,1.078993924140283,1.0023363243247096,1.0,0,54263808,17569808678912,30561665024
bf16_state_candidate,kimi_k3,decode_b1_t128,decode,1,128,E_affine_plus_matrix_overlap,11577461976,11577461.976,1.1579642049173766,1.0823127557642171,1.0054193680903523,1.0030758575647944,0,54263808,17569808678912,30561665024
bf16_state_candidate,kimi_k3,prefill_b1_s16,prefill,1,16,A_original_fixed,363740249,363740.249,1.0,1.0,1.0,1.0,0,0,524456506880,259145728
bf16_state_candidate,kimi_k3,prefill_b1_s16,prefill,1,16,B_arlo_static,363740249,363740.249,1.0,1.0,1.0,1.0,0,0,524456506880,259145728
bf16_state_candidate,kimi_k3,prefill_b1_s16,prefill,1,16,C_multirow_original_fixed,363740249,363740.249,1.0,1.0,1.0,1.0,0,0,524456506880,259145728
bf16_state_candidate,kimi_k3,prefill_b1_s16,prefill,1,16,D_prime_best_global_fixed,363740249,363740.249,1.0,1.0,1.0,1.0,0,0,524456506880,259145728
bf16_state_candidate,kimi_k3,prefill_b1_s16,prefill,1,16,D_compiler_per_tile_affine,363740249,363740.249,1.0,1.0,1.0,1.0,0,0,524456506880,259145728
bf16_state_candidate,kimi_k3,prefill_b1_s16,prefill,1,16,E_affine_plus_matrix_overlap,363740249,363740.249,1.0,1.0,1.0,1.0,0,0,524456506880,259145728
bf16_state_candidate,kimi_k3,prefill_b1_s128,prefill,1,128,A_original_fixed,1218122519,1218122.519,1.0,1.0,1.0,1.0,0,0,1557972203520,411336704
bf16_state_candidate,kimi_k3,prefill_b1_s128,prefill,1,128,B_arlo_static,1218122519,1218122.519,1.0,1.0,1.0,1.0,0,0,1557972203520,411336704
bf16_state_candidate,kimi_k3,prefill_b1_s128,prefill,1,128,C_multirow_original_fixed,1218122519,1218122.519,1.0,1.0,1.0,1.0,0,0,1557972203520,411336704
bf16_state_candidate,kimi_k3,prefill_b1_s128,prefill,1,128,D_prime_best_global_fixed,1218122519,1218122.519,1.0,1.0,1.0,1.0,0,0,1557972203520,411336704
bf16_state_candidate,kimi_k3,prefill_b1_s128,prefill,1,128,D_compiler_per_tile_affine,1218122519,1218122.519,1.0,1.0,1.0,1.0,0,0,1557972203520,411336704
bf16_state_candidate,kimi_k3,prefill_b1_s128,prefill,1,128,E_affine_plus_matrix_overlap,1218122519,1218122.519,1.0,1.0,1.0,1.0,0,0,1557972203520,411336704
