model,batch,stage,total_cycles,total_ms,speedup_previous,speedup_baseline,projection_cycles,projection_read_bytes,projection_write_bytes,hbm_read_bytes,hbm_write_bytes
mamba,1,baseline,3063999,3.063999,1.0,1.0,3002125.0,77557760,32768,78979584,1216512
mamba,1,replay,2973865,2.973865,1.0303087060105285,1.0303087060105285,2911813.0,77557760,32768,78979584,1216512
mamba,1,compact,2909800,2.9098,1.022016977111829,1.0529929892088803,2847253.0,77463552,32768,78885376,1216512
mamba,1,batch,2909800,2.9098,1.0,1.0529929892088803,2847253.0,77463552,32768,78885376,1216512
mamba,2,baseline,4494757,4.494757,1.0,1.0,4367842.0,77701120,65536,80544768,2433024
mamba,2,replay,4341729,4.341729,1.0352458663357387,1.0352458663357387,4215327.0,77701120,65536,80544768,2433024
mamba,2,compact,4360919,4.360919,0.9955995513789639,1.0306903200907882,4233887.0,77512704,65536,80356352,2433024
mamba,2,batch,3047989,3.047989,1.4307528668902676,1.4746631303459428,2920873.0,77512704,65536,80356352,2433024
mamba,4,baseline,7689085,7.689085,1.0,1.0,7436267.0,81727488,131072,87414784,4866048
mamba,4,replay,7309168,7.309168,1.0519781458026414,1.0519781458026414,7055690.0,81727488,131072,87414784,4866048
mamba,4,compact,7218844,7.218844,1.0125122526543031,1.0651407621497293,6963620.0,77611008,131072,83298304,4866048
mamba,4,batch,3378375,3.378375,2.1367799607799607,2.275971435971436,3124102.0,77611008,131072,83298304,4866048
mamba,8,baseline,15765859,15.765859,1.0,1.0,15263331.0,156696576,262144,168071168,9732096
mamba,8,replay,15139632,15.139632,1.0413634228361692,1.0413634228361692,14637414.0,156696576,262144,168071168,9732096
mamba,8,compact,13101262,13.101262,1.1555857748665739,1.2033847578958423,12597155.0,77807616,262144,89182208,9732096
mamba,8,batch,5297095,5.297095,2.473291870355355,2.9763217386133345,4794268.0,77807616,262144,89182208,9732096
mamba,16,baseline,31023700,31.0237,1.0,1.0,30014518.0,330301440,524288,353050624,19464192
mamba,16,replay,30479352,30.479352,1.0178595660432677,1.0178595660432677,29470592.0,330301440,524288,353050624,19464192
mamba,16,compact,24756988,24.756988,1.231141365015809,1.2531290155329073,23745784.0,78200832,524288,100950016,19464192
mamba,16,batch,9155280,9.15528,2.704121337632492,3.388612909708933,8147179.0,78200832,524288,100950016,19464192
kda,1,baseline,34266319,34.266319,1.0,1.0,34021940.0,888197120,147456,893723008,3899392
kda,1,replay,33311228,33.311228,1.0286717439537203,1.0286717439537203,33067219.0,888197120,147456,893723008,3899392
kda,1,compact,32034199,32.034199,1.039864552255544,1.069679282444365,31790988.0,887435264,147456,892961152,3899392
kda,1,batch,32034199,32.034199,1.0,1.069679282444365,31790988.0,887435264,147456,892961152,3899392
kda,2,baseline,50700886,50.700886,1.0,1.0,50208645.0,932978688,294912,944030464,7798784
kda,2,replay,48715767,48.715767,1.0407490043213319,1.0407490043213319,48225527.0,932978688,294912,944030464,7798784
kda,2,compact,47778704,47.778704,1.0196125663015054,1.0611607631718099,47287897.0,887709696,294912,898761472,7798784
kda,2,batch,33324016,33.324016,1.4337618851221294,1.5214518562228514,32832421.0,887709696,294912,898761472,7798784
kda,4,baseline,93852496,93.852496,1.0,1.0,92867840.0,1389707264,589824,1411810816,15597568
kda,4,replay,90856827,90.856827,1.0329713143075094,1.0329713143075094,89871701.0,1389707264,589824,1411810816,15597568
kda,4,compact,79169228,79.169228,1.1476280531622716,1.1854668584111998,78185126.0,888258560,589824,910362112,15597568
kda,4,batch,35976288,35.976288,2.2005946805851675,2.6087320626296964,34993379.0,888258560,589824,910362112,15597568
kda,8,baseline,181979956,181.979956,1.0,1.0,180005301.0,2303164416,1179648,2347371520,31195136
kda,8,replay,176628403,176.628403,1.030298371661097,1.030298371661097,174655513.0,2303164416,1179648,2347371520,31195136
kda,8,compact,142007904,142.007904,1.24379276100012,1.2814776563422836,140033185.0,889356288,1179648,933563392,31195136
kda,8,batch,55509874,55.509874,2.5582458356868187,3.278334877863351,53536841.0,893009920,1179648,937217024,31195136
kda,16,baseline,356450631,356.450631,1.0,1.0,352512563.0,4130078720,2359296,4218492928,62390272
kda,16,replay,345270672,345.270672,1.0323802741056443,1.0323802741056443,341334768.0,4130078720,2359296,4218492928,62390272
kda,16,compact,273692223,273.692223,1.2615289839638593,1.302377638256824,269753250.0,1086586880,2359296,1175001088,62390272
kda,16,batch,101932709,101.932709,2.6850284436176417,3.49692100305114,97995323.0,1122631680,2359296,1211045888,62390272
