mode,design,workload,storage_chunks,detail,method,old_digest,new_digest,exact
pipelined,B1,performance_synthetic_B256,2,False,ours,5a093afe1135acafab1a994b9943c6ea4855826a1c6eb28ae51345a2e8048a0e,5a093afe1135acafab1a994b9943c6ea4855826a1c6eb28ae51345a2e8048a0e,True
pipelined,B1,performance_synthetic_B256,2,False,nominal,ca553515c308beaf078acc5d4c890e3d864da84807414a8da680b636f32b59d0,ca553515c308beaf078acc5d4c890e3d864da84807414a8da680b636f32b59d0,True
pipelined,B1,performance_synthetic_B256,2,False,owners,f956350db75d1405c9a2f4b8c467d10a6becb9fa95febbb63d8f84f713a593f0,f956350db75d1405c9a2f4b8c467d10a6becb9fa95febbb63d8f84f713a593f0,True
pipelined,B1,performance_synthetic_B256,2,True,ours,aaceb55ba8f45c50b3002ec2352a9ee07edc2a3110a3cf73d07cb9f6062ff4e3,aaceb55ba8f45c50b3002ec2352a9ee07edc2a3110a3cf73d07cb9f6062ff4e3,True
pipelined,B1,performance_synthetic_B256,2,True,nominal,ab23ba6f8473ed4ce4257b0d765cdbcc6fe13d5094fb2abcf823282b219d39f8,ab23ba6f8473ed4ce4257b0d765cdbcc6fe13d5094fb2abcf823282b219d39f8,True
pipelined,B1,performance_synthetic_B256,2,True,owners,b1010cb66c8b433b9ce330456db94eeb4b032c7342df168708aecf5181463cc6,b1010cb66c8b433b9ce330456db94eeb4b032c7342df168708aecf5181463cc6,True
pipelined,B1,performance_synthetic_H3072,4,False,ours,c9eb1ddb1adebbccb77f3d8530fd85afedfde00744cad614b890a77dd484b8b8,c9eb1ddb1adebbccb77f3d8530fd85afedfde00744cad614b890a77dd484b8b8,True
pipelined,B1,performance_synthetic_H3072,4,False,nominal,d4b7c70463699f3fe9e020c48bebe42d06c99b156f7eda5bb66911c4d7bf7946,d4b7c70463699f3fe9e020c48bebe42d06c99b156f7eda5bb66911c4d7bf7946,True
pipelined,B1,performance_synthetic_H3072,4,False,owners,960a2fdf27d018f0ebf613edd868538f301e4a4e32dcf09b1188de3390ae0f37,960a2fdf27d018f0ebf613edd868538f301e4a4e32dcf09b1188de3390ae0f37,True
pipelined,B1,performance_synthetic_H3072,4,True,ours,c126b53c80f86c97398051dc63f952182eab5adca9b3a961eead434703277672,c126b53c80f86c97398051dc63f952182eab5adca9b3a961eead434703277672,True
pipelined,B1,performance_synthetic_H3072,4,True,nominal,bf8b57dd855ba61da1ed1e5dfc51016c2e33242fd62ec774c57021cab0d438a3,bf8b57dd855ba61da1ed1e5dfc51016c2e33242fd62ec774c57021cab0d438a3,True
pipelined,B1,performance_synthetic_H3072,4,True,owners,a3ac1a5d386c5c82ebaea7d66148ae69df7498d44dca493aa8b81fa658c2217d,a3ac1a5d386c5c82ebaea7d66148ae69df7498d44dca493aa8b81fa658c2217d,True
pipelined,best_hetero,performance_synthetic_B256,2,False,ours,c061ad545434dc69c361abf23b5521f0e7f23fc2a54288b289ba5727366ffabc,c061ad545434dc69c361abf23b5521f0e7f23fc2a54288b289ba5727366ffabc,True
pipelined,best_hetero,performance_synthetic_B256,2,False,nominal,3e2289227014e8e9ae7619121ffcdccf94216b306bba1948909152c271ed4a14,3e2289227014e8e9ae7619121ffcdccf94216b306bba1948909152c271ed4a14,True
pipelined,best_hetero,performance_synthetic_B256,2,False,owners,e8a282c61feab751bfeb37eb2f5a2bc303026e41fbfe02f356dd265937e922a3,e8a282c61feab751bfeb37eb2f5a2bc303026e41fbfe02f356dd265937e922a3,True
pipelined,best_hetero,performance_synthetic_B256,2,True,ours,dc58b3d8aff7adf43d99381e2957e92a89c4354245bca4d938f82db653e599aa,dc58b3d8aff7adf43d99381e2957e92a89c4354245bca4d938f82db653e599aa,True
pipelined,best_hetero,performance_synthetic_B256,2,True,nominal,d030efaefe0421fb408d88082fb48662f5f6458e63242f31912a76ccb6ae90bf,d030efaefe0421fb408d88082fb48662f5f6458e63242f31912a76ccb6ae90bf,True
pipelined,best_hetero,performance_synthetic_B256,2,True,owners,96be31530c684e3cc4e64b074e6a075bf176c6541292209b9d653e99c901cc9a,96be31530c684e3cc4e64b074e6a075bf176c6541292209b9d653e99c901cc9a,True
pipelined,best_hetero,performance_synthetic_H3072,4,False,ours,959ff9bdf0d36408bcb968155cf98f93f89aa61e8df49d0ab82d21bea13bced4,959ff9bdf0d36408bcb968155cf98f93f89aa61e8df49d0ab82d21bea13bced4,True
pipelined,best_hetero,performance_synthetic_H3072,4,False,nominal,fcf7352f4cd6ac1425876d48dc1b8c12129ec3fd73d13c7cd872f1813d166585,fcf7352f4cd6ac1425876d48dc1b8c12129ec3fd73d13c7cd872f1813d166585,True
pipelined,best_hetero,performance_synthetic_H3072,4,False,owners,edc19c24dd438f87e46b2c8b7d4ae2835626f843987c44fad9adb144c6816f1e,edc19c24dd438f87e46b2c8b7d4ae2835626f843987c44fad9adb144c6816f1e,True
pipelined,best_hetero,performance_synthetic_H3072,4,True,ours,f9c7ac92292a54777822dd5003630b9ee9710dd6cbf37490a8f40c69e24b6022,f9c7ac92292a54777822dd5003630b9ee9710dd6cbf37490a8f40c69e24b6022,True
pipelined,best_hetero,performance_synthetic_H3072,4,True,nominal,45a5710eede64c01028cc10dded0a9c3f1d824467b7c7fc6db54c52ec8b7a1d9,45a5710eede64c01028cc10dded0a9c3f1d824467b7c7fc6db54c52ec8b7a1d9,True
pipelined,best_hetero,performance_synthetic_H3072,4,True,owners,2dc1b2ea1520ad513dae856a74581bb62f25e9b297f6d08345a9de1a749382b0,2dc1b2ea1520ad513dae856a74581bb62f25e9b297f6d08345a9de1a749382b0,True
pipelined,shared_hetero,performance_synthetic_B256,2,False,ours,c061ad545434dc69c361abf23b5521f0e7f23fc2a54288b289ba5727366ffabc,c061ad545434dc69c361abf23b5521f0e7f23fc2a54288b289ba5727366ffabc,True
pipelined,shared_hetero,performance_synthetic_B256,2,False,nominal,3e2289227014e8e9ae7619121ffcdccf94216b306bba1948909152c271ed4a14,3e2289227014e8e9ae7619121ffcdccf94216b306bba1948909152c271ed4a14,True
pipelined,shared_hetero,performance_synthetic_B256,2,False,owners,e8a282c61feab751bfeb37eb2f5a2bc303026e41fbfe02f356dd265937e922a3,e8a282c61feab751bfeb37eb2f5a2bc303026e41fbfe02f356dd265937e922a3,True
pipelined,shared_hetero,performance_synthetic_B256,2,True,ours,95fd6ae0d7fe5d8e907061ff569ef834cc300beaf7a1490ff3d468cd862ded96,95fd6ae0d7fe5d8e907061ff569ef834cc300beaf7a1490ff3d468cd862ded96,True
pipelined,shared_hetero,performance_synthetic_B256,2,True,nominal,29114181b76e727099ea3aa881b822fbf1219eee8d1b416f14131d69d2fe8dd2,29114181b76e727099ea3aa881b822fbf1219eee8d1b416f14131d69d2fe8dd2,True
pipelined,shared_hetero,performance_synthetic_B256,2,True,owners,36e2eb5b028a6392299edeb1443c618e2c73df46c910204934ed17ac574fc0e8,36e2eb5b028a6392299edeb1443c618e2c73df46c910204934ed17ac574fc0e8,True
pipelined,shared_hetero,performance_synthetic_H3072,4,False,ours,2ae99f918f3526d8dfff9cac4dcf50be0609f53e7054edb1ca5748c3c61556a6,2ae99f918f3526d8dfff9cac4dcf50be0609f53e7054edb1ca5748c3c61556a6,True
pipelined,shared_hetero,performance_synthetic_H3072,4,False,nominal,2abbbd215e41e68e9a9459ba6c053bd98df97d24ace1ddcc7e187bc38268fcbb,2abbbd215e41e68e9a9459ba6c053bd98df97d24ace1ddcc7e187bc38268fcbb,True
pipelined,shared_hetero,performance_synthetic_H3072,4,False,owners,4ec56ba86d0548f64ca84c5f16886b14b03a0f0ad2dd0b9cdd0cb62eb75a3a0d,4ec56ba86d0548f64ca84c5f16886b14b03a0f0ad2dd0b9cdd0cb62eb75a3a0d,True
pipelined,shared_hetero,performance_synthetic_H3072,4,True,ours,699d1a9d4c9c8ecf5333aa509b606a18053a45fc845e597a5440067668217665,699d1a9d4c9c8ecf5333aa509b606a18053a45fc845e597a5440067668217665,True
pipelined,shared_hetero,performance_synthetic_H3072,4,True,nominal,9925865a46240d037f6896bf308cbcdb5e7b3cf638c8ab8cf08379de93110ec0,9925865a46240d037f6896bf308cbcdb5e7b3cf638c8ab8cf08379de93110ec0,True
pipelined,shared_hetero,performance_synthetic_H3072,4,True,owners,50e9b650dcfc3c38e73afa4aacb29302aae68dc9cf1b02bde09493f816abfc4e,50e9b650dcfc3c38e73afa4aacb29302aae68dc9cf1b02bde09493f816abfc4e,True
port_tight,B1,performance_synthetic_B256,2,False,ours,529c08f063c3d6a47642f9f989093d73c8760abbfb2f126702653f621777cfc8,529c08f063c3d6a47642f9f989093d73c8760abbfb2f126702653f621777cfc8,True
port_tight,B1,performance_synthetic_B256,2,False,nominal,8925e38a46db98a7ad4e9508d3dd52d9258edaefffd8b860610992b595053020,8925e38a46db98a7ad4e9508d3dd52d9258edaefffd8b860610992b595053020,True
port_tight,B1,performance_synthetic_B256,2,False,owners,14dd2d1e944b7a606ccb74806347ea6e417d3cae56e851e3b39deaf9615b1609,14dd2d1e944b7a606ccb74806347ea6e417d3cae56e851e3b39deaf9615b1609,True
port_tight,B1,performance_synthetic_B256,2,True,ours,1f4acbf6342174e264b583a48d07c940e6a4a39bd9d2ae6271f8ac27ae97d1b1,1f4acbf6342174e264b583a48d07c940e6a4a39bd9d2ae6271f8ac27ae97d1b1,True
port_tight,B1,performance_synthetic_B256,2,True,nominal,3b400900bded35537d3d99b22c1e66fd0e657679b5780dec57a1a5c0ceb3619c,3b400900bded35537d3d99b22c1e66fd0e657679b5780dec57a1a5c0ceb3619c,True
port_tight,B1,performance_synthetic_B256,2,True,owners,7532acbc81caadcd133e9ee35bfaef6a9d5469a2843dc2bc60870970189b9628,7532acbc81caadcd133e9ee35bfaef6a9d5469a2843dc2bc60870970189b9628,True
port_tight,B1,performance_synthetic_H3072,4,False,ours,f068e006579bf2bf9fb98aae4d74422552d3029f8a727f95ec1f7e4afab32218,f068e006579bf2bf9fb98aae4d74422552d3029f8a727f95ec1f7e4afab32218,True
port_tight,B1,performance_synthetic_H3072,4,False,nominal,f8bb9fbd14dfc3caf859d0ffcb4837f5b7c46ead46a16299c838752c69afb543,f8bb9fbd14dfc3caf859d0ffcb4837f5b7c46ead46a16299c838752c69afb543,True
port_tight,B1,performance_synthetic_H3072,4,False,owners,14e6575aafacca4de7ef89a8771b382ca8924f4f0aba4bc23da3b47458e71cf8,14e6575aafacca4de7ef89a8771b382ca8924f4f0aba4bc23da3b47458e71cf8,True
port_tight,B1,performance_synthetic_H3072,4,True,ours,b33f44714c3e8f0622206c7edc03702fb68b6e46e767741801408277f7170271,b33f44714c3e8f0622206c7edc03702fb68b6e46e767741801408277f7170271,True
port_tight,B1,performance_synthetic_H3072,4,True,nominal,e8d038d718cfdc46c60769f2faf5180955ad74885d8f99dad7d39c5ebb0f75db,e8d038d718cfdc46c60769f2faf5180955ad74885d8f99dad7d39c5ebb0f75db,True
port_tight,B1,performance_synthetic_H3072,4,True,owners,d1e0103e7eff06e89009a35db414516e7c78a67484369555b9b0191c2bee7d4e,d1e0103e7eff06e89009a35db414516e7c78a67484369555b9b0191c2bee7d4e,True
port_tight,best_hetero,performance_synthetic_B256,2,False,ours,235973a46034cbf62742a324550f18e2d7c67d58da6c2ef7f4b7423c811186ed,235973a46034cbf62742a324550f18e2d7c67d58da6c2ef7f4b7423c811186ed,True
port_tight,best_hetero,performance_synthetic_B256,2,False,nominal,bc5fe35dda5fd6f44cf2bf59b26dfd427d776f481d61c5c2569719704e41a4ac,bc5fe35dda5fd6f44cf2bf59b26dfd427d776f481d61c5c2569719704e41a4ac,True
port_tight,best_hetero,performance_synthetic_B256,2,False,owners,2a831bfff8bc940ea927e7621f2af7e72ca947d0a4d8862571e6915ad4b4d8cf,2a831bfff8bc940ea927e7621f2af7e72ca947d0a4d8862571e6915ad4b4d8cf,True
port_tight,best_hetero,performance_synthetic_B256,2,True,ours,749933aaa4bf33331a9f57280b491def4111a231fd804c717cd2908190736d61,749933aaa4bf33331a9f57280b491def4111a231fd804c717cd2908190736d61,True
port_tight,best_hetero,performance_synthetic_B256,2,True,nominal,f5f43828e10cab582224f53c65bb15269bcf8831c72f8e8617a8698c639d4a37,f5f43828e10cab582224f53c65bb15269bcf8831c72f8e8617a8698c639d4a37,True
port_tight,best_hetero,performance_synthetic_B256,2,True,owners,44babd0915698746a312e5f6916f18ac417ec8121c42b690958a50876e7fb078,44babd0915698746a312e5f6916f18ac417ec8121c42b690958a50876e7fb078,True
port_tight,best_hetero,performance_synthetic_H3072,4,False,ours,b2cbb4535101466c33954631c8310e7e50c8671992628f761a90dd286b01e2f7,b2cbb4535101466c33954631c8310e7e50c8671992628f761a90dd286b01e2f7,True
port_tight,best_hetero,performance_synthetic_H3072,4,False,nominal,2f714e5ee5bb408862429a6596f7771babb52a00de65114ae5126dfa70897f75,2f714e5ee5bb408862429a6596f7771babb52a00de65114ae5126dfa70897f75,True
port_tight,best_hetero,performance_synthetic_H3072,4,False,owners,0c2e0fd84a042755f5b82d8688c0277cfda27e3da4e9883e901abe04a21c4a7f,0c2e0fd84a042755f5b82d8688c0277cfda27e3da4e9883e901abe04a21c4a7f,True
port_tight,best_hetero,performance_synthetic_H3072,4,True,ours,33d1c677cb2b4b62aaf2c030b21d742e5a4ba72e870b78713203772bffd6944e,33d1c677cb2b4b62aaf2c030b21d742e5a4ba72e870b78713203772bffd6944e,True
port_tight,best_hetero,performance_synthetic_H3072,4,True,nominal,b4d124f10222cde3903ec6f759025f34df14928cef890305867a9c95e6e88dfe,b4d124f10222cde3903ec6f759025f34df14928cef890305867a9c95e6e88dfe,True
port_tight,best_hetero,performance_synthetic_H3072,4,True,owners,c655a040299718ceee487b35c7b109dc76829daa94aba01a4bd2a5b90fd467e5,c655a040299718ceee487b35c7b109dc76829daa94aba01a4bd2a5b90fd467e5,True
port_tight,shared_hetero,performance_synthetic_B256,2,False,ours,235973a46034cbf62742a324550f18e2d7c67d58da6c2ef7f4b7423c811186ed,235973a46034cbf62742a324550f18e2d7c67d58da6c2ef7f4b7423c811186ed,True
port_tight,shared_hetero,performance_synthetic_B256,2,False,nominal,bc5fe35dda5fd6f44cf2bf59b26dfd427d776f481d61c5c2569719704e41a4ac,bc5fe35dda5fd6f44cf2bf59b26dfd427d776f481d61c5c2569719704e41a4ac,True
port_tight,shared_hetero,performance_synthetic_B256,2,False,owners,2a831bfff8bc940ea927e7621f2af7e72ca947d0a4d8862571e6915ad4b4d8cf,2a831bfff8bc940ea927e7621f2af7e72ca947d0a4d8862571e6915ad4b4d8cf,True
port_tight,shared_hetero,performance_synthetic_B256,2,True,ours,74d53be351627406e4153fd2994046c6abc5a5f82aa5e81e7a09fa069901a65f,74d53be351627406e4153fd2994046c6abc5a5f82aa5e81e7a09fa069901a65f,True
port_tight,shared_hetero,performance_synthetic_B256,2,True,nominal,ddcb7efd716d895ce5c8648a8be9f5f9c866a022b521104d41bf60da93ae646a,ddcb7efd716d895ce5c8648a8be9f5f9c866a022b521104d41bf60da93ae646a,True
port_tight,shared_hetero,performance_synthetic_B256,2,True,owners,181222e3363fb686e37775adb39d4a9e9df81a9b1d969bd0dbb8e8fe99fe4928,181222e3363fb686e37775adb39d4a9e9df81a9b1d969bd0dbb8e8fe99fe4928,True
port_tight,shared_hetero,performance_synthetic_H3072,4,False,ours,b2cbb4535101466c33954631c8310e7e50c8671992628f761a90dd286b01e2f7,b2cbb4535101466c33954631c8310e7e50c8671992628f761a90dd286b01e2f7,True
port_tight,shared_hetero,performance_synthetic_H3072,4,False,nominal,2f714e5ee5bb408862429a6596f7771babb52a00de65114ae5126dfa70897f75,2f714e5ee5bb408862429a6596f7771babb52a00de65114ae5126dfa70897f75,True
port_tight,shared_hetero,performance_synthetic_H3072,4,False,owners,0c2e0fd84a042755f5b82d8688c0277cfda27e3da4e9883e901abe04a21c4a7f,0c2e0fd84a042755f5b82d8688c0277cfda27e3da4e9883e901abe04a21c4a7f,True
port_tight,shared_hetero,performance_synthetic_H3072,4,True,ours,b350f6fd1fbb2fb5eb37d6b456b561f4d77123c5283eb8371836f4255fad0377,b350f6fd1fbb2fb5eb37d6b456b561f4d77123c5283eb8371836f4255fad0377,True
port_tight,shared_hetero,performance_synthetic_H3072,4,True,nominal,055df0a5bc1129bcc133238b10def16ebf41586d56b6359d60cac5e160c09e1d,055df0a5bc1129bcc133238b10def16ebf41586d56b6359d60cac5e160c09e1d,True
port_tight,shared_hetero,performance_synthetic_H3072,4,True,owners,3bc6e4f02720aa5c6ec8abad3583e1762c4ae62e6843b6fdf6f5d55737930fea,3bc6e4f02720aa5c6ec8abad3583e1762c4ae62e6843b6fdf6f5d55737930fea,True
